 order_id,order_date,customer_id,product,category,quantity,price,cost,discount,region
10001,2023-04-13,C0568,Mobile,Electronics,1,22000,18000.0,1000,North
10002,2023-12-15,C0060,Laptop,Electronics,3,60000,48000.0,3000,West
10003,2023-09-28,C0650,Mobile,Electronics,1,22000,18000.0,500,West
10004,2023-04-17,C0039,Office Chair,Furniture,3,7000,4500.0,0,North
10005,2023-03-13,C0540,Laptop,Electronics,2,60000,48000.0,1000,North
10006,2023-07-08,C0049,Headphone,Electronics,1,2500,,3000,South
10007,2023-01-21,C0420,Tablet,Electronics,3,18000,14000.0,3000,West
10008,2023-04-13,C0637,Laptop,Electronics,2,60000,48000.0,2000,South
10009,2023-05-02,C0013,Office Chair,Furniture,3,7000,4500.0,3000,South
10010,2023-08-03,C0036,Laptop,Electronics,1,60000,48000.0,500,East
10011,2023-11-27,C0101,Mobile,Electronics,1,22000,18000.0,1000,North
10012,2023-03-29,C0794,Table,Furniture,1,9000,6500.0,2000,South
10013,2023-04-10,C0086,Laptop,Electronics,1,60000,48000.0,1000,North
10014,2023-12-26,C0516,Headphone,Electronics,2,2500,,1000,East
10015,2023-06-01,C0223,Laptop,Electronics,3,60000,48000.0,500,North
10016,2023-05-11,C0338,Tablet,Electronics,2,18000,14000.0,3000,South
10017,2023-05-30,C0166,Laptop,Electronics,1,60000,48000.0,500,West
10018,2023-11-05,C0383,Table,Furniture,3,9000,6500.0,3000,South
10019,2023-09-15,C0376,Mobile,Electronics,1,22000,18000.0,2000,East
10020,2023-12-10,C0471,Laptop,Electronics,2,60000,48000.0,500,North
10021,2023-10-21,C0790,Headphone,Electronics,2,2500,,500,South
10022,2023-07-11,C0642,Office Chair,Furniture,2,7000,4500.0,5000,North
10023,2023-10-04,C0031,Laptop,Electronics,3,60000,48000.0,0,South
10024,2023-06-10,C0375,Laptop,Electronics,3,60000,48000.0,500,North
10025,2023-11-10,C0011,Tablet,Electronics,1,18000,14000.0,5000,North
10026,2023-01-22,C0302,Headphone,Electronics,3,2500,,0,North
10027,2023-09-10,C0096,Table,Furniture,3,9000,6500.0,3000,South
10028,2023-08-24,C0190,Office Chair,Furniture,2,7000,4500.0,3000,South
10029,2023-12-11,C0453,Mobile,Electronics,1,22000,18000.0,3000,South
10030,2023-02-18,C0192,Laptop,Electronics,2,60000,48000.0,5000,North
10031,2023-02-28,C0486,Table,Furniture,1,9000,6500.0,5000,East
10032,2023-06-19,C0266,Office Chair,Furniture,1,7000,4500.0,0,South
10033,2023-07-07,C0424,Mobile,Electronics,3,22000,18000.0,3000,South
10034,2023-09-28,C0128,Table,Furniture,2,9000,6500.0,1000,West
10035,2023-07-09,C0238,Headphone,Electronics,3,2500,,500,South
10036,2023-06-24,C0355,Headphone,Electronics,3,2500,,5000,North
10037,2023-02-20,C0112,Office Chair,Furniture,3,7000,4500.0,5000,South
10038,2023-12-30,C0446,Mobile,Electronics,1,22000,18000.0,5000,West
10039,2023-02-24,C0343,Headphone,Electronics,2,2500,,0,South
10040,2023-09-01,C0145,Office Chair,Furniture,2,7000,4500.0,3000,West
10041,2023-11-16,C0065,Headphone,Electronics,3,2500,,1000,East
10042,2023-05-11,C0247,Headphone,Electronics,1,2500,,500,South
10043,2023-11-03,C0735,Table,Furniture,2,9000,6500.0,500,East
10044,2023-05-15,C0490,Table,Furniture,2,9000,6500.0,3000,South
10045,2023-01-21,C0439,Headphone,Electronics,3,2500,,1000,South
10046,2023-11-25,C0106,Tablet,Electronics,1,18000,14000.0,0,South
10047,2023-06-16,C0181,Table,Furniture,3,9000,6500.0,5000,East
10048,2023-10-01,C0184,Mobile,Electronics,2,22000,18000.0,5000,South
10049,2023-03-30,C0226,Office Chair,Furniture,1,7000,4500.0,3000,North
10050,2023-11-12,C0777,Office Chair,Furniture,3,7000,4500.0,500,East
10051,2023-01-14,C0790,Mobile,Electronics,2,22000,18000.0,5000,East
10052,2023-08-30,C0089,Mobile,Electronics,3,22000,18000.0,500,West
10053,2023-09-22,C0688,Mobile,Electronics,3,22000,18000.0,500,South
10054,2023-12-12,C0530,Mobile,Electronics,3,22000,18000.0,3000,North
10055,2023-02-22,C0371,Laptop,Electronics,1,60000,48000.0,2000,North
10056,2023-12-06,C0399,Office Chair,Furniture,2,7000,4500.0,2000,East
10057,2023-04-02,C0106,Laptop,Electronics,2,60000,48000.0,2000,North
10058,2023-09-21,C0271,Headphone,Electronics,2,2500,,1000,West
10059,2023-02-04,C0503,Headphone,Electronics,2,2500,,3000,North
10060,2023-07-25,C0679,Office Chair,Furniture,1,7000,4500.0,500,West
10061,2023-03-22,C0525,Headphone,Electronics,3,2500,,5000,East
10062,2023-02-19,C0032,Mobile,Electronics,2,22000,18000.0,1000,West
10063,2023-12-26,C0393,Laptop,Electronics,1,60000,48000.0,2000,North
10064,2023-01-02,C0040,Mobile,Electronics,3,22000,18000.0,0,South
10065,2023-02-23,C0660,Headphone,Electronics,1,2500,,1000,North
10066,2023-04-16,C0218,Table,Furniture,1,9000,6500.0,1000,North
10067,2023-09-17,C0731,Laptop,Electronics,2,60000,48000.0,3000,South
10068,2023-11-06,C0082,Mobile,Electronics,2,22000,18000.0,5000,East
10069,2023-07-10,C0720,Office Chair,Furniture,3,7000,4500.0,1000,North
10070,2023-08-06,C0201,Mobile,Electronics,3,22000,18000.0,5000,West
10071,2023-02-13,C0447,Table,Furniture,2,9000,6500.0,3000,North
10072,2023-06-11,C0428,Headphone,Electronics,1,2500,,0,South
10073,2023-07-21,C0038,Laptop,Electronics,2,60000,48000.0,500,North
10074,2023-09-27,C0211,Office Chair,Furniture,3,7000,4500.0,500,East
10075,2023-12-17,C0444,Laptop,Electronics,1,60000,48000.0,2000,North
10076,2023-10-31,C0327,Office Chair,Furniture,1,7000,4500.0,2000,West
10077,2023-09-28,C0761,Laptop,Electronics,1,60000,48000.0,0,South
10078,2023-08-03,C0227,Headphone,Electronics,2,2500,,500,West
10079,2023-09-09,C0048,Office Chair,Furniture,2,7000,4500.0,2000,North
10080,2023-07-09,C0018,Tablet,Electronics,3,18000,14000.0,5000,South
10081,2023-10-23,C0439,Laptop,Electronics,1,60000,48000.0,1000,East
10082,2023-08-01,C0708,Laptop,Electronics,1,60000,48000.0,3000,West
10083,2023-07-27,C0187,Mobile,Electronics,2,22000,18000.0,2000,South
10084,2023-08-25,C0345,Office Chair,Furniture,3,7000,4500.0,0,West
10085,2023-12-04,C0224,Table,Furniture,3,9000,6500.0,500,North
10086,2023-02-22,C0488,Tablet,Electronics,1,18000,14000.0,0,East
10087,2023-10-07,C0229,Headphone,Electronics,2,2500,,3000,South
10088,2023-08-05,C0390,Mobile,Electronics,1,22000,18000.0,3000,North
10089,2023-09-09,C0589,Tablet,Electronics,2,18000,14000.0,0,South
10090,2023-07-07,C0188,Office Chair,Furniture,3,7000,4500.0,2000,West
10091,2023-02-10,C0270,Tablet,Electronics,1,18000,14000.0,2000,West
10092,2023-06-06,C0607,Laptop,Electronics,1,60000,48000.0,500,South
10093,2023-01-15,C0310,Laptop,Electronics,1,60000,48000.0,5000,West
10094,2023-10-28,C0132,Mobile,Electronics,3,22000,18000.0,500,South
10095,2023-03-06,C0551,Office Chair,Furniture,1,7000,4500.0,1000,East
10096,2023-12-11,C0072,Office Chair,Furniture,3,7000,4500.0,5000,North
10097,2023-11-23,C0793,Tablet,Electronics,2,18000,14000.0,1000,South
10098,2023-01-09,C0672,Mobile,Electronics,3,22000,18000.0,500,North
10099,2023-12-10,C0187,Office Chair,Furniture,2,7000,4500.0,5000,North
10100,2023-05-09,C0486,Table,Furniture,3,9000,6500.0,5000,South
10101,2023-05-16,C0191,Table,Furniture,3,9000,6500.0,1000,West
10102,2023-03-04,C0422,Laptop,Electronics,1,60000,48000.0,0,South
10103,2023-05-19,C0120,Tablet,Electronics,3,18000,14000.0,2000,West
10104,2023-03-22,C0220,Headphone,Electronics,1,2500,,5000,West
10105,2023-06-12,C0053,Laptop,Electronics,2,60000,48000.0,5000,North
10106,2023-10-16,C0734,Mobile,Electronics,2,22000,18000.0,1000,South
10107,2023-09-18,C0451,Office Chair,Furniture,1,7000,4500.0,5000,East
10108,2023-08-19,C0412,Laptop,Electronics,2,60000,48000.0,1000,West
10109,2023-02-10,C0643,Headphone,Electronics,3,2500,,0,West
10110,2023-01-28,C0237,Headphone,Electronics,1,2500,,5000,East
10111,2023-05-15,C0758,Table,Furniture,1,9000,6500.0,3000,South
10112,2023-07-20,C0738,Mobile,Electronics,1,22000,18000.0,500,East
10113,2023-11-24,C0720,Laptop,Electronics,2,60000,48000.0,0,North
10114,2023-09-25,C0406,Tablet,Electronics,2,18000,14000.0,3000,North
10115,2023-02-02,C0608,Laptop,Electronics,3,60000,48000.0,0,East
10116,2023-02-17,C0422,Table,Furniture,3,9000,6500.0,2000,West
10117,2023-03-03,C0712,Headphone,Electronics,1,2500,,0,West
10118,2023-08-04,C0247,Mobile,Electronics,3,22000,18000.0,0,South
10119,2023-10-20,C0072,Mobile,Electronics,2,22000,18000.0,2000,East
10120,2023-04-09,C0185,Tablet,Electronics,3,18000,14000.0,5000,West
10121,2023-06-21,C0006,Mobile,Electronics,2,22000,18000.0,500,East
10122,2023-12-26,C0206,Table,Furniture,3,9000,6500.0,3000,South
10123,2023-08-02,C0544,Table,Furniture,2,9000,6500.0,1000,East
10124,2023-02-04,C0611,Table,Furniture,2,9000,6500.0,500,South
10125,2023-08-15,C0387,Mobile,Electronics,3,22000,18000.0,0,East
10126,2023-04-11,C0768,Mobile,Electronics,3,22000,18000.0,1000,East
10127,2023-05-11,C0699,Table,Furniture,2,9000,6500.0,2000,West
10128,2023-09-14,C0076,Mobile,Electronics,1,22000,18000.0,500,North
10129,2023-01-05,C0177,Mobile,Electronics,3,22000,18000.0,5000,South
10130,2023-08-06,C0799,Headphone,Electronics,2,2500,,3000,South
10131,2023-09-12,C0349,Laptop,Electronics,3,60000,48000.0,500,North
10132,2023-12-25,C0255,Office Chair,Furniture,3,7000,4500.0,500,West
10133,2023-10-10,C0702,Mobile,Electronics,3,22000,18000.0,5000,North
10134,2023-07-26,C0308,Office Chair,Furniture,3,7000,4500.0,1000,South
10135,2023-01-15,C0345,Office Chair,Furniture,3,7000,4500.0,2000,West
10136,2023-12-12,C0127,Headphone,Electronics,1,2500,,5000,North
10137,2023-02-11,C0287,Mobile,Electronics,1,22000,18000.0,2000,West
10138,2023-06-28,C0766,Table,Furniture,1,9000,6500.0,5000,South
10139,2023-03-04,C0725,Office Chair,Furniture,2,7000,4500.0,500,North
10140,2023-12-18,C0762,Mobile,Electronics,1,22000,18000.0,2000,West
10141,2023-08-19,C0596,Tablet,Electronics,1,18000,14000.0,1000,North
10142,2023-08-29,C0487,Table,Furniture,2,9000,6500.0,1000,South
10143,2023-02-21,C0383,Tablet,Electronics,1,18000,14000.0,3000,North
10144,2023-04-06,C0406,Tablet,Electronics,3,18000,14000.0,2000,North
10145,2023-08-10,C0388,Office Chair,Furniture,1,7000,4500.0,3000,West
10146,2023-08-19,C0525,Tablet,Electronics,1,18000,14000.0,5000,East
10147,2023-08-25,C0557,Headphone,Electronics,1,2500,,0,North
10148,2023-05-23,C0639,Headphone,Electronics,3,2500,,1000,East
10149,2023-06-20,C0626,Office Chair,Furniture,3,7000,4500.0,500,East
10150,2023-01-29,C0276,Mobile,Electronics,3,22000,18000.0,1000,West
10151,2023-02-05,C0500,Laptop,Electronics,3,60000,48000.0,0,South
10152,2023-01-13,C0717,Mobile,Electronics,2,22000,18000.0,500,West
10153,2023-06-09,C0337,Mobile,Electronics,3,22000,18000.0,2000,South
10154,2023-11-23,C0481,Mobile,Electronics,3,22000,18000.0,2000,East
10155,2023-07-06,C0273,Mobile,Electronics,3,22000,18000.0,1000,West
10156,2023-08-31,C0058,Table,Furniture,3,9000,6500.0,500,North
10157,2023-03-27,C0328,Laptop,Electronics,2,60000,48000.0,5000,North
10158,2023-10-11,C0731,Table,Furniture,1,9000,6500.0,500,South
10159,2023-03-07,C0109,Tablet,Electronics,1,18000,14000.0,3000,North
10160,2023-06-19,C0279,Mobile,Electronics,3,22000,18000.0,0,North
10161,2023-02-14,C0686,Headphone,Electronics,3,2500,,2000,East
10162,2023-03-03,C0328,Office Chair,Furniture,3,7000,4500.0,1000,South
10163,2023-05-14,C0776,Office Chair,Furniture,1,7000,4500.0,500,South
10164,2023-10-11,C0315,Table,Furniture,1,9000,6500.0,2000,South
10165,2023-01-28,C0474,Table,Furniture,3,9000,6500.0,1000,North
10166,2023-04-18,C0111,Headphone,Electronics,1,2500,,2000,South
10167,2023-02-13,C0699,Mobile,Electronics,2,22000,18000.0,1000,East
10168,2023-12-06,C0781,Laptop,Electronics,3,60000,48000.0,2000,North
10169,2023-10-13,C0229,Tablet,Electronics,3,18000,14000.0,5000,West
10170,2023-11-27,C0497,Office Chair,Furniture,2,7000,4500.0,3000,South
10171,2023-05-08,C0156,Tablet,Electronics,2,18000,14000.0,0,West
10172,2023-12-14,C0473,Laptop,Electronics,1,60000,48000.0,2000,North
10173,2023-08-19,C0701,Table,Furniture,2,9000,6500.0,0,East
10174,2023-07-09,C0272,Office Chair,Furniture,3,7000,4500.0,2000,East
10175,2023-08-13,C0002,Tablet,Electronics,1,18000,14000.0,500,West
10176,2023-10-10,C0758,Table,Furniture,2,9000,6500.0,3000,East
10177,2023-05-01,C0722,Laptop,Electronics,1,60000,48000.0,5000,West
10178,2023-04-26,C0511,Tablet,Electronics,1,18000,14000.0,3000,East
10179,2023-08-21,C0286,Mobile,Electronics,1,22000,18000.0,0,East
10180,2023-09-16,C0013,Table,Furniture,1,9000,6500.0,500,West
10181,2023-12-25,C0608,Laptop,Electronics,2,60000,48000.0,1000,East
10182,2023-07-17,C0498,Tablet,Electronics,3,18000,14000.0,3000,South
10183,2023-05-17,C0733,Mobile,Electronics,3,22000,18000.0,5000,North
10184,2023-11-14,C0238,Mobile,Electronics,2,22000,18000.0,500,West
10185,2023-06-14,C0094,Laptop,Electronics,3,60000,48000.0,500,South
10186,2023-08-13,C0338,Headphone,Electronics,1,2500,,0,East
10187,2023-11-03,C0781,Office Chair,Furniture,1,7000,4500.0,5000,North
10188,2023-08-22,C0171,Laptop,Electronics,1,60000,48000.0,500,South
10189,2023-06-21,C0606,Mobile,Electronics,2,22000,18000.0,500,East
10190,2023-06-01,C0661,Mobile,Electronics,1,22000,18000.0,1000,South
10191,2023-11-11,C0624,Laptop,Electronics,1,60000,48000.0,0,South
10192,2023-06-09,C0567,Headphone,Electronics,2,2500,,0,North
10193,2023-04-06,C0467,Office Chair,Furniture,1,7000,4500.0,5000,South
10194,2023-08-21,C0628,Tablet,Electronics,1,18000,14000.0,500,East
10195,2023-06-29,C0143,Laptop,Electronics,3,60000,48000.0,1000,North
10196,2023-04-23,C0201,Office Chair,Furniture,2,7000,4500.0,2000,East
10197,2023-11-14,C0180,Office Chair,Furniture,1,7000,4500.0,3000,South
10198,2023-02-21,C0714,Table,Furniture,1,9000,6500.0,0,West
10199,2023-09-25,C0364,Mobile,Electronics,1,22000,18000.0,1000,North
10200,2023-10-22,C0479,Tablet,Electronics,1,18000,14000.0,5000,North
10201,2023-04-23,C0565,Laptop,Electronics,3,60000,48000.0,1000,South
10202,2023-04-11,C0471,Mobile,Electronics,3,22000,18000.0,500,South
10203,2023-04-23,C0384,Table,Furniture,3,9000,6500.0,3000,North
10204,2023-03-22,C0692,Table,Furniture,3,9000,6500.0,0,West
10205,2023-07-06,C0417,Mobile,Electronics,2,22000,18000.0,2000,South
10206,2023-04-23,C0308,Headphone,Electronics,1,2500,,500,South
10207,2023-01-02,C0649,Office Chair,Furniture,3,7000,4500.0,0,South
10208,2023-05-10,C0694,Laptop,Electronics,1,60000,48000.0,5000,West
10209,2023-08-08,C0367,Laptop,Electronics,2,60000,48000.0,0,North
10210,2023-02-23,C0001,Laptop,Electronics,1,60000,48000.0,1000,North
10211,2023-12-09,C0044,Mobile,Electronics,1,22000,18000.0,3000,North
10212,2023-08-12,C0739,Headphone,Electronics,3,2500,,2000,East
10213,2023-08-13,C0098,Tablet,Electronics,3,18000,14000.0,3000,West
10214,2023-05-06,C0720,Table,Furniture,2,9000,6500.0,1000,South
10215,2023-05-10,C0265,Mobile,Electronics,1,22000,18000.0,2000,North
10216,2023-02-22,C0800,Tablet,Electronics,3,18000,14000.0,2000,North
10217,2023-06-21,C0783,Table,Furniture,3,9000,6500.0,500,East
10218,2023-08-06,C0140,Table,Furniture,3,9000,6500.0,2000,North
10219,2023-06-09,C0481,Headphone,Electronics,2,2500,,0,West
10220,2023-07-17,C0237,Office Chair,Furniture,1,7000,4500.0,3000,North
10221,2023-09-04,C0072,Laptop,Electronics,3,60000,48000.0,5000,North
10222,2023-11-20,C0667,Tablet,Electronics,1,18000,14000.0,5000,North
10223,2023-07-22,C0190,Mobile,Electronics,2,22000,18000.0,3000,West
10224,2023-07-03,C0268,Tablet,Electronics,1,18000,14000.0,500,East
10225,2023-05-03,C0321,Office Chair,Furniture,3,7000,4500.0,2000,West
10226,2023-09-12,C0107,Laptop,Electronics,1,60000,48000.0,1000,South
10227,2023-10-21,C0232,Tablet,Electronics,1,18000,14000.0,0,North
10228,2023-10-07,C0042,Office Chair,Furniture,2,7000,4500.0,500,South
10229,2023-11-21,C0702,Mobile,Electronics,2,22000,18000.0,2000,South
10230,2023-04-08,C0139,Headphone,Electronics,1,2500,,5000,South
10231,2023-07-17,C0615,Table,Furniture,1,9000,6500.0,1000,South
10232,2023-08-28,C0683,Mobile,Electronics,1,22000,18000.0,2000,North
10233,2023-05-24,C0273,Laptop,Electronics,2,60000,48000.0,500,North
10234,2023-04-07,C0481,Table,Furniture,2,9000,6500.0,1000,East
10235,2023-07-20,C0416,Mobile,Electronics,1,22000,18000.0,1000,South
10236,2023-05-04,C0506,Mobile,Electronics,2,22000,18000.0,1000,West
10237,2023-07-06,C0733,Mobile,Electronics,3,22000,18000.0,1000,South
10238,2023-11-22,C0725,Mobile,Electronics,2,22000,18000.0,2000,West
10239,2023-12-15,C0424,Table,Furniture,2,9000,6500.0,1000,South
10240,2023-09-16,C0407,Laptop,Electronics,2,60000,48000.0,2000,North
10241,2023-05-28,C0568,Office Chair,Furniture,3,7000,4500.0,1000,West
10242,2023-09-09,C0390,Tablet,Electronics,3,18000,14000.0,1000,South
10243,2023-12-12,C0342,Headphone,Electronics,3,2500,,500,East
10244,2023-05-27,C0614,Tablet,Electronics,1,18000,14000.0,2000,East
10245,2023-05-28,C0493,Tablet,Electronics,1,18000,14000.0,5000,South
10246,2023-12-18,C0192,Headphone,Electronics,3,2500,,2000,East
10247,2023-07-18,C0499,Table,Furniture,1,9000,6500.0,3000,West
10248,2023-11-04,C0712,Laptop,Electronics,1,60000,48000.0,5000,South
10249,2023-05-08,C0233,Headphone,Electronics,1,2500,,500,East
10250,2023-02-08,C0227,Laptop,Electronics,3,60000,48000.0,2000,East
10251,2023-12-04,C0371,Table,Furniture,2,9000,6500.0,500,North
10252,2023-12-26,C0139,Tablet,Electronics,3,18000,14000.0,5000,South
10253,2023-05-09,C0149,Laptop,Electronics,3,60000,48000.0,500,North
10254,2023-09-24,C0115,Table,Furniture,1,9000,6500.0,500,East
10255,2023-05-31,C0450,Table,Furniture,1,9000,6500.0,0,West
10256,2023-10-25,C0063,Office Chair,Furniture,2,7000,4500.0,2000,East
10257,2023-04-09,C0104,Headphone,Electronics,2,2500,,500,North
10258,2023-09-20,C0668,Office Chair,Furniture,2,7000,4500.0,0,South
10259,2023-09-09,C0273,Tablet,Electronics,2,18000,14000.0,0,West
10260,2023-05-24,C0006,Headphone,Electronics,3,2500,,1000,South
10261,2023-12-12,C0147,Tablet,Electronics,2,18000,14000.0,1000,West
10262,2023-04-22,C0184,Office Chair,Furniture,3,7000,4500.0,5000,East
10263,2023-03-01,C0028,Table,Furniture,1,9000,6500.0,2000,North
10264,2023-01-02,C0550,Tablet,Electronics,2,18000,14000.0,1000,North
10265,2023-10-31,C0119,Headphone,Electronics,1,2500,,5000,South
10266,2023-09-11,C0293,Headphone,Electronics,1,2500,,2000,East
10267,2023-05-20,C0371,Tablet,Electronics,3,18000,14000.0,5000,West
10268,2023-02-06,C0244,Headphone,Electronics,2,2500,,0,East
10269,2023-06-09,C0580,Table,Furniture,3,9000,6500.0,0,South
10270,2023-01-09,C0726,Table,Furniture,1,9000,6500.0,2000,North
10271,2023-08-21,C0218,Headphone,Electronics,2,2500,,5000,East
10272,2023-04-09,C0177,Tablet,Electronics,1,18000,14000.0,5000,North
10273,2023-05-27,C0299,Office Chair,Furniture,1,7000,4500.0,1000,East
10274,2023-10-31,C0676,Headphone,Electronics,2,2500,,1000,North
10275,2023-07-27,C0058,Headphone,Electronics,2,2500,,2000,North
10276,2023-05-11,C0269,Headphone,Electronics,2,2500,,3000,North
10277,2023-06-01,C0308,Headphone,Electronics,3,2500,,1000,North
10278,2023-02-23,C0570,Tablet,Electronics,3,18000,14000.0,500,East
10279,2023-04-30,C0288,Office Chair,Furniture,1,7000,4500.0,1000,North
10280,2023-06-10,C0105,Office Chair,Furniture,2,7000,4500.0,3000,West
10281,2023-04-26,C0228,Laptop,Electronics,1,60000,48000.0,5000,South
10282,2023-03-16,C0247,Headphone,Electronics,1,2500,,0,South
10283,2023-04-23,C0700,Headphone,Electronics,1,2500,,0,South
10284,2023-04-14,C0494,Laptop,Electronics,1,60000,48000.0,5000,South
10285,2023-12-06,C0083,Office Chair,Furniture,1,7000,4500.0,0,North
10286,2023-09-11,C0186,Mobile,Electronics,2,22000,18000.0,1000,West
10287,2023-08-15,C0252,Table,Furniture,3,9000,6500.0,0,South
10288,2023-04-22,C0355,Mobile,Electronics,2,22000,18000.0,3000,North
10289,2023-04-09,C0750,Office Chair,Furniture,2,7000,4500.0,3000,South
10290,2023-06-02,C0696,Headphone,Electronics,2,2500,,1000,South
10291,2023-12-15,C0796,Mobile,Electronics,3,22000,18000.0,5000,North
10292,2023-12-04,C0210,Tablet,Electronics,3,18000,14000.0,500,West
10293,2023-07-13,C0609,Tablet,Electronics,3,18000,14000.0,1000,North
10294,2023-11-06,C0447,Laptop,Electronics,2,60000,48000.0,0,South
10295,2023-06-12,C0460,Office Chair,Furniture,3,7000,4500.0,1000,West
10296,2023-07-27,C0472,Office Chair,Furniture,1,7000,4500.0,3000,North
10297,2023-06-18,C0720,Mobile,Electronics,3,22000,18000.0,1000,North
10298,2023-06-10,C0370,Headphone,Electronics,2,2500,,1000,North
10299,2023-03-09,C0492,Office Chair,Furniture,2,7000,4500.0,500,North
10300,2023-10-16,C0137,Mobile,Electronics,1,22000,18000.0,3000,North
10301,2023-10-04,C0367,Mobile,Electronics,3,22000,18000.0,2000,West
10302,2023-10-31,C0184,Table,Furniture,3,9000,6500.0,2000,West
10303,2023-05-15,C0588,Table,Furniture,1,9000,6500.0,3000,East
10304,2023-07-14,C0287,Office Chair,Furniture,2,7000,4500.0,2000,South
10305,2023-05-08,C0472,Mobile,Electronics,2,22000,18000.0,0,West
10306,2023-02-02,C0375,Laptop,Electronics,3,60000,48000.0,2000,South
10307,2023-06-25,C0654,Laptop,Electronics,3,60000,48000.0,0,South
10308,2023-01-22,C0749,Table,Furniture,3,9000,6500.0,3000,South
10309,2023-08-26,C0537,Office Chair,Furniture,3,7000,4500.0,2000,North
10310,2023-06-07,C0511,Headphone,Electronics,3,2500,,2000,West
10311,2023-02-07,C0579,Laptop,Electronics,2,60000,48000.0,5000,East
10312,2023-08-18,C0250,Laptop,Electronics,2,60000,48000.0,0,East
10313,2023-12-31,C0510,Table,Furniture,2,9000,6500.0,0,East
10314,2023-02-20,C0630,Table,Furniture,2,9000,6500.0,1000,East
10315,2023-09-21,C0073,Office Chair,Furniture,1,7000,4500.0,500,North
10316,2023-10-10,C0282,Table,Furniture,2,9000,6500.0,2000,South
10317,2023-01-27,C0360,Tablet,Electronics,1,18000,14000.0,5000,West
10318,2023-08-14,C0010,Mobile,Electronics,2,22000,18000.0,500,North
10319,2023-10-04,C0211,Laptop,Electronics,3,60000,48000.0,5000,West
10320,2023-10-13,C0152,Tablet,Electronics,3,18000,14000.0,500,South
10321,2023-04-07,C0005,Headphone,Electronics,3,2500,,2000,North
10322,2023-10-11,C0195,Tablet,Electronics,1,18000,14000.0,5000,South
10323,2023-11-13,C0283,Office Chair,Furniture,2,7000,4500.0,0,West
10324,2023-10-31,C0464,Headphone,Electronics,2,2500,,1000,South
10325,2023-05-27,C0113,Headphone,Electronics,1,2500,,5000,East
10326,2023-01-04,C0271,Table,Furniture,1,9000,6500.0,3000,South
10327,2023-02-04,C0163,Tablet,Electronics,1,18000,14000.0,2000,East
10328,2023-07-11,C0460,Office Chair,Furniture,1,7000,4500.0,2000,North
10329,2023-02-18,C0105,Laptop,Electronics,1,60000,48000.0,3000,North
10330,2023-01-17,C0693,Table,Furniture,3,9000,6500.0,500,North
10331,2023-06-21,C0556,Tablet,Electronics,2,18000,14000.0,1000,North
10332,2023-08-08,C0282,Laptop,Electronics,1,60000,48000.0,500,North
10333,2023-06-07,C0687,Tablet,Electronics,3,18000,14000.0,3000,East
10334,2023-02-15,C0162,Table,Furniture,1,9000,6500.0,3000,South
10335,2023-01-06,C0351,Laptop,Electronics,3,60000,48000.0,1000,North
10336,2023-04-09,C0434,Table,Furniture,1,9000,6500.0,3000,North
10337,2023-08-21,C0140,Tablet,Electronics,2,18000,14000.0,3000,North
10338,2023-02-06,C0471,Headphone,Electronics,1,2500,,5000,South
10339,2023-10-07,C0132,Mobile,Electronics,1,22000,18000.0,1000,North
10340,2023-12-15,C0087,Headphone,Electronics,2,2500,,2000,South
10341,2023-10-29,C0688,Table,Furniture,2,9000,6500.0,500,South
10342,2023-06-30,C0183,Table,Furniture,1,9000,6500.0,2000,South
10343,2023-04-05,C0368,Table,Furniture,2,9000,6500.0,2000,East
10344,2023-04-09,C0129,Laptop,Electronics,2,60000,48000.0,5000,North
10345,2023-07-07,C0246,Office Chair,Furniture,3,7000,4500.0,500,North
10346,2023-04-26,C0601,Table,Furniture,2,9000,6500.0,2000,North
10347,2023-07-10,C0578,Headphone,Electronics,2,2500,,1000,North
10348,2023-09-10,C0670,Mobile,Electronics,1,22000,18000.0,500,North
10349,2023-06-10,C0378,Table,Furniture,1,9000,6500.0,0,East
10350,2023-09-13,C0149,Table,Furniture,3,9000,6500.0,5000,North
10351,2023-11-19,C0433,Table,Furniture,1,9000,6500.0,2000,West
10352,2023-05-08,C0628,Laptop,Electronics,2,60000,48000.0,3000,North
10353,2023-01-18,C0726,Table,Furniture,2,9000,6500.0,500,East
10354,2023-10-08,C0469,Headphone,Electronics,2,2500,,0,East
10355,2023-08-11,C0446,Tablet,Electronics,1,18000,14000.0,3000,South
10356,2023-02-23,C0481,Office Chair,Furniture,2,7000,4500.0,0,South
10357,2023-02-27,C0294,Table,Furniture,2,9000,6500.0,2000,South
10358,2023-11-19,C0765,Laptop,Electronics,3,60000,48000.0,3000,West
10359,2023-12-26,C0143,Headphone,Electronics,3,2500,,2000,South
10360,2023-06-23,C0250,Table,Furniture,3,9000,6500.0,3000,North
10361,2023-10-07,C0302,Laptop,Electronics,1,60000,48000.0,500,South
10362,2023-04-24,C0025,Tablet,Electronics,2,18000,14000.0,1000,North
10363,2023-10-15,C0789,Mobile,Electronics,2,22000,18000.0,1000,West
10364,2023-12-08,C0070,Table,Furniture,2,9000,6500.0,0,East
10365,2023-05-31,C0625,Headphone,Electronics,3,2500,,5000,North
10366,2023-05-07,C0112,Laptop,Electronics,2,60000,48000.0,3000,North
10367,2023-06-04,C0364,Laptop,Electronics,2,60000,48000.0,2000,North
10368,2023-09-30,C0303,Table,Furniture,2,9000,6500.0,5000,West
10369,2023-04-14,C0471,Laptop,Electronics,2,60000,48000.0,500,West
10370,2023-10-26,C0091,Mobile,Electronics,2,22000,18000.0,500,North
10371,2023-09-03,C0530,Laptop,Electronics,1,60000,48000.0,500,South
10372,2023-06-25,C0661,Office Chair,Furniture,2,7000,4500.0,1000,West
10373,2023-02-08,C0739,Office Chair,Furniture,1,7000,4500.0,2000,North
10374,2023-06-19,C0726,Laptop,Electronics,2,60000,48000.0,500,North
10375,2023-09-04,C0663,Table,Furniture,1,9000,6500.0,500,South
10376,2023-01-26,C0192,Office Chair,Furniture,2,7000,4500.0,0,North
10377,2023-12-21,C0552,Headphone,Electronics,2,2500,,3000,North
10378,2023-11-02,C0242,Office Chair,Furniture,2,7000,4500.0,3000,West
10379,2023-01-13,C0138,Laptop,Electronics,2,60000,48000.0,3000,South
10380,2023-11-12,C0345,Table,Furniture,3,9000,6500.0,5000,South
10381,2023-11-09,C0180,Tablet,Electronics,2,18000,14000.0,0,South
10382,2023-02-05,C0712,Table,Furniture,1,9000,6500.0,1000,East
10383,2023-06-22,C0503,Table,Furniture,3,9000,6500.0,5000,South
10384,2023-01-20,C0203,Table,Furniture,3,9000,6500.0,0,North
10385,2023-11-17,C0573,Headphone,Electronics,2,2500,,500,North
10386,2023-09-21,C0192,Mobile,Electronics,1,22000,18000.0,2000,East
10387,2023-05-22,C0005,Laptop,Electronics,1,60000,48000.0,5000,North
10388,2023-05-23,C0237,Mobile,Electronics,3,22000,18000.0,5000,North
10389,2023-04-02,C0693,Tablet,Electronics,1,18000,14000.0,500,South
10390,2023-12-20,C0311,Mobile,Electronics,2,22000,18000.0,500,North
10391,2023-11-18,C0549,Laptop,Electronics,2,60000,48000.0,2000,West
10392,2023-10-15,C0056,Laptop,Electronics,2,60000,48000.0,3000,East
10393,2023-08-03,C0443,Tablet,Electronics,2,18000,14000.0,5000,North
10394,2023-12-08,C0237,Laptop,Electronics,2,60000,48000.0,0,North
10395,2023-02-20,C0197,Tablet,Electronics,3,18000,14000.0,1000,South
10396,2023-06-02,C0585,Tablet,Electronics,2,18000,14000.0,500,South
10397,2023-07-05,C0571,Laptop,Electronics,2,60000,48000.0,500,East
10398,2023-03-04,C0752,Office Chair,Furniture,3,7000,4500.0,1000,South
10399,2023-07-09,C0514,Tablet,Electronics,3,18000,14000.0,0,South
10400,2023-05-05,C0449,Laptop,Electronics,3,60000,48000.0,500,West
10401,2023-05-30,C0360,Office Chair,Furniture,1,7000,4500.0,1000,South
10402,2023-11-10,C0700,Tablet,Electronics,1,18000,14000.0,500,South
10403,2023-02-27,C0030,Office Chair,Furniture,2,7000,4500.0,3000,East
10404,2023-12-08,C0779,Headphone,Electronics,2,2500,,3000,West
10405,2023-11-01,C0108,Table,Furniture,2,9000,6500.0,500,East
10406,2023-06-29,C0602,Headphone,Electronics,1,2500,,500,East
10407,2023-06-19,C0717,Office Chair,Furniture,2,7000,4500.0,3000,South
10408,2023-11-22,C0445,Tablet,Electronics,2,18000,14000.0,500,South
10409,2023-09-28,C0438,Laptop,Electronics,1,60000,48000.0,0,North
10410,2023-02-23,C0732,Mobile,Electronics,3,22000,18000.0,0,East
10411,2023-04-11,C0606,Laptop,Electronics,1,60000,48000.0,2000,North
10412,2023-09-21,C0457,Mobile,Electronics,2,22000,18000.0,0,North
10413,2023-02-22,C0615,Mobile,Electronics,1,22000,18000.0,5000,West
10414,2023-03-01,C0735,Tablet,Electronics,3,18000,14000.0,5000,South
10415,2023-04-18,C0698,Office Chair,Furniture,3,7000,4500.0,5000,North
10416,2023-01-05,C0696,Laptop,Electronics,3,60000,48000.0,500,North
10417,2023-04-13,C0495,Office Chair,Furniture,3,7000,4500.0,500,South
10418,2023-07-15,C0674,Headphone,Electronics,3,2500,,1000,South
10419,2023-09-19,C0247,Tablet,Electronics,3,18000,14000.0,5000,North
10420,2023-12-31,C0543,Tablet,Electronics,2,18000,14000.0,5000,North
10421,2023-12-16,C0564,Headphone,Electronics,2,2500,,0,North
10422,2023-02-16,C0588,Laptop,Electronics,1,60000,48000.0,3000,North
10423,2023-12-21,C0439,Table,Furniture,2,9000,6500.0,3000,North
10424,2023-11-07,C0278,Headphone,Electronics,3,2500,,2000,South
10425,2023-11-04,C0552,Laptop,Electronics,2,60000,48000.0,1000,North
10426,2023-05-24,C0613,Mobile,Electronics,1,22000,18000.0,3000,North
10427,2023-09-26,C0111,Tablet,Electronics,3,18000,14000.0,2000,West
10428,2023-05-04,C0385,Laptop,Electronics,2,60000,48000.0,0,West
10429,2023-04-16,C0761,Office Chair,Furniture,2,7000,4500.0,1000,North
10430,2023-06-07,C0191,Office Chair,Furniture,1,7000,4500.0,1000,North
10431,2023-05-27,C0490,Tablet,Electronics,3,18000,14000.0,5000,South
10432,2023-05-25,C0694,Headphone,Electronics,1,2500,,500,East
10433,2023-04-30,C0426,Table,Furniture,3,9000,6500.0,5000,West
10434,2023-11-15,C0405,Headphone,Electronics,3,2500,,0,South
10435,2023-10-02,C0335,Laptop,Electronics,2,60000,48000.0,5000,East
10436,2023-04-02,C0209,Headphone,Electronics,1,2500,,1000,West
10437,2023-02-27,C0022,Tablet,Electronics,1,18000,14000.0,5000,South
10438,2023-12-12,C0678,Laptop,Electronics,1,60000,48000.0,2000,North
10439,2023-08-17,C0611,Mobile,Electronics,3,22000,18000.0,5000,South
10440,2023-04-27,C0208,Headphone,Electronics,1,2500,,3000,North
10441,2023-11-14,C0008,Headphone,Electronics,3,2500,,0,North
10442,2023-10-06,C0702,Table,Furniture,1,9000,6500.0,0,East
10443,2023-05-07,C0687,Laptop,Electronics,1,60000,48000.0,1000,North
10444,2023-05-09,C0785,Office Chair,Furniture,2,7000,4500.0,5000,North
10445,2023-02-27,C0529,Headphone,Electronics,1,2500,,1000,West
10446,2023-05-02,C0602,Tablet,Electronics,2,18000,14000.0,1000,South
10447,2023-01-01,C0653,Headphone,Electronics,2,2500,,2000,North
10448,2023-08-27,C0657,Table,Furniture,3,9000,6500.0,500,North
10449,2023-10-17,C0166,Mobile,Electronics,1,22000,18000.0,1000,North
10450,2023-04-06,C0496,Table,Furniture,1,9000,6500.0,500,North
10451,2023-05-06,C0590,Headphone,Electronics,1,2500,,500,West
10452,2023-04-28,C0429,Office Chair,Furniture,2,7000,4500.0,0,North
10453,2023-02-17,C0774,Headphone,Electronics,1,2500,,3000,South
10454,2023-03-30,C0163,Laptop,Electronics,3,60000,48000.0,3000,North
10455,2023-08-25,C0366,Headphone,Electronics,3,2500,,5000,West
10456,2023-09-29,C0526,Office Chair,Furniture,1,7000,4500.0,2000,East
10457,2023-07-08,C0239,Laptop,Electronics,2,60000,48000.0,2000,West
10458,2023-07-11,C0072,Tablet,Electronics,3,18000,14000.0,3000,South
10459,2023-03-10,C0445,Laptop,Electronics,3,60000,48000.0,5000,West
10460,2023-10-05,C0655,Table,Furniture,2,9000,6500.0,3000,West
10461,2023-12-15,C0509,Mobile,Electronics,3,22000,18000.0,5000,East
10462,2023-09-04,C0795,Table,Furniture,2,9000,6500.0,5000,North
10463,2023-03-17,C0269,Laptop,Electronics,3,60000,48000.0,5000,North
10464,2023-06-03,C0753,Tablet,Electronics,2,18000,14000.0,5000,North
10465,2023-05-24,C0415,Headphone,Electronics,3,2500,,0,North
10466,2023-03-27,C0245,Laptop,Electronics,1,60000,48000.0,0,East
10467,2023-07-04,C0675,Table,Furniture,3,9000,6500.0,3000,South
10468,2023-10-12,C0060,Laptop,Electronics,3,60000,48000.0,5000,South
10469,2023-08-08,C0006,Laptop,Electronics,1,60000,48000.0,1000,North
10470,2023-03-10,C0709,Laptop,Electronics,1,60000,48000.0,5000,North
10471,2023-02-16,C0570,Tablet,Electronics,1,18000,14000.0,1000,North
10472,2023-04-04,C0407,Office Chair,Furniture,1,7000,4500.0,0,South
10473,2023-08-26,C0217,Office Chair,Furniture,2,7000,4500.0,5000,East
10474,2023-07-23,C0026,Laptop,Electronics,2,60000,48000.0,500,North
10475,2023-08-06,C0005,Tablet,Electronics,3,18000,14000.0,3000,East
10476,2023-12-07,C0532,Tablet,Electronics,3,18000,14000.0,5000,South
10477,2023-02-08,C0390,Laptop,Electronics,3,60000,48000.0,2000,West
10478,2023-04-10,C0710,Table,Furniture,2,9000,6500.0,1000,North
10479,2023-10-16,C0571,Table,Furniture,3,9000,6500.0,5000,South
10480,2023-09-11,C0448,Mobile,Electronics,3,22000,18000.0,500,North
10481,2023-08-10,C0754,Laptop,Electronics,2,60000,48000.0,1000,South
10482,2023-12-23,C0146,Mobile,Electronics,3,22000,18000.0,500,South
10483,2023-01-23,C0388,Table,Furniture,2,9000,6500.0,3000,East
10484,2023-09-07,C0785,Table,Furniture,2,9000,6500.0,3000,North
10485,2023-01-10,C0249,Laptop,Electronics,1,60000,48000.0,3000,North
10486,2023-09-03,C0526,Mobile,Electronics,1,22000,18000.0,0,East
10487,2023-11-21,C0462,Mobile,Electronics,2,22000,18000.0,500,South
10488,2023-04-10,C0013,Laptop,Electronics,2,60000,48000.0,5000,South
10489,2023-10-17,C0384,Mobile,Electronics,1,22000,18000.0,2000,West
10490,2023-06-29,C0556,Headphone,Electronics,3,2500,,2000,South
10491,2023-08-11,C0399,Table,Furniture,3,9000,6500.0,3000,East
10492,2023-09-07,C0019,Office Chair,Furniture,3,7000,4500.0,2000,East
10493,2023-05-27,C0575,Tablet,Electronics,2,18000,14000.0,1000,West
10494,2023-04-06,C0491,Mobile,Electronics,1,22000,18000.0,500,East
10495,2023-09-14,C0751,Mobile,Electronics,3,22000,18000.0,500,North
10496,2023-11-21,C0419,Tablet,Electronics,1,18000,14000.0,500,South
10497,2023-01-04,C0337,Mobile,Electronics,1,22000,18000.0,1000,West
10498,2023-01-16,C0419,Tablet,Electronics,2,18000,14000.0,5000,North
10499,2023-10-07,C0612,Laptop,Electronics,3,60000,48000.0,0,South
10500,2023-12-02,C0675,Headphone,Electronics,1,2500,,1000,West
10501,2023-09-04,C0122,Headphone,Electronics,2,2500,,500,South
10502,2023-09-15,C0432,Table,Furniture,2,9000,6500.0,500,South
10503,2023-06-09,C0044,Office Chair,Furniture,2,7000,4500.0,500,North
10504,2023-12-06,C0317,Mobile,Electronics,3,22000,18000.0,5000,South
10505,2023-06-01,C0381,Office Chair,Furniture,3,7000,4500.0,2000,North
10506,2023-06-27,C0145,Laptop,Electronics,2,60000,48000.0,0,West
10507,2023-06-12,C0327,Headphone,Electronics,3,2500,,1000,East
10508,2023-02-02,C0363,Laptop,Electronics,3,60000,48000.0,500,East
10509,2023-06-28,C0050,Laptop,Electronics,1,60000,48000.0,3000,South
10510,2023-04-11,C0065,Mobile,Electronics,2,22000,18000.0,0,North
10511,2023-09-25,C0355,Laptop,Electronics,2,60000,48000.0,3000,North
10512,2023-11-19,C0800,Headphone,Electronics,3,2500,,0,North
10513,2023-03-06,C0164,Office Chair,Furniture,2,7000,4500.0,500,South
10514,2023-06-17,C0141,Headphone,Electronics,2,2500,,0,South
10515,2023-11-26,C0128,Mobile,Electronics,2,22000,18000.0,0,South
10516,2023-02-12,C0398,Headphone,Electronics,3,2500,,500,South
10517,2023-02-13,C0463,Tablet,Electronics,3,18000,14000.0,5000,West
10518,2023-10-12,C0751,Office Chair,Furniture,3,7000,4500.0,3000,North
10519,2023-01-12,C0187,Tablet,Electronics,1,18000,14000.0,5000,East
10520,2023-04-05,C0720,Tablet,Electronics,2,18000,14000.0,3000,North
10521,2023-10-29,C0732,Table,Furniture,1,9000,6500.0,2000,South
10522,2023-09-10,C0190,Mobile,Electronics,3,22000,18000.0,3000,North
10523,2023-08-30,C0388,Laptop,Electronics,1,60000,48000.0,3000,South
10524,2023-02-04,C0429,Tablet,Electronics,2,18000,14000.0,0,North
10525,2023-08-03,C0284,Headphone,Electronics,2,2500,,2000,North
10526,2023-12-03,C0237,Laptop,Electronics,3,60000,48000.0,500,West
10527,2023-03-31,C0194,Headphone,Electronics,3,2500,,500,North
10528,2023-09-21,C0287,Headphone,Electronics,1,2500,,1000,South
10529,2023-04-03,C0771,Laptop,Electronics,3,60000,48000.0,2000,South
10530,2023-03-31,C0758,Laptop,Electronics,1,60000,48000.0,0,South
10531,2023-04-25,C0136,Headphone,Electronics,2,2500,,1000,East
10532,2023-04-15,C0792,Mobile,Electronics,2,22000,18000.0,1000,South
10533,2023-07-15,C0783,Office Chair,Furniture,2,7000,4500.0,500,North
10534,2023-11-10,C0171,Table,Furniture,2,9000,6500.0,3000,North
10535,2023-04-24,C0159,Office Chair,Furniture,2,7000,4500.0,0,East
10536,2023-03-16,C0201,Mobile,Electronics,1,22000,18000.0,2000,South
10537,2023-08-05,C0487,Table,Furniture,2,9000,6500.0,1000,West
10538,2023-10-04,C0557,Laptop,Electronics,1,60000,48000.0,0,South
10539,2023-09-06,C0776,Table,Furniture,2,9000,6500.0,500,East
10540,2023-06-13,C0583,Headphone,Electronics,1,2500,,1000,West
10541,2023-12-23,C0504,Office Chair,Furniture,1,7000,4500.0,1000,East
10542,2023-07-11,C0371,Table,Furniture,1,9000,6500.0,5000,South
10543,2023-08-15,C0103,Headphone,Electronics,3,2500,,500,South
10544,2023-06-26,C0125,Mobile,Electronics,1,22000,18000.0,5000,South
10545,2023-04-09,C0313,Table,Furniture,1,9000,6500.0,500,South
10546,2023-02-05,C0798,Headphone,Electronics,2,2500,,500,North
10547,2023-04-06,C0458,Mobile,Electronics,1,22000,18000.0,5000,East
10548,2023-06-01,C0230,Laptop,Electronics,1,60000,48000.0,0,North
10549,2023-05-31,C0658,Mobile,Electronics,3,22000,18000.0,0,North
10550,2023-07-09,C0197,Mobile,Electronics,2,22000,18000.0,0,East
10551,2023-08-12,C0733,Office Chair,Furniture,3,7000,4500.0,3000,North
10552,2023-02-06,C0423,Headphone,Electronics,3,2500,,1000,East
10553,2023-09-25,C0572,Table,Furniture,3,9000,6500.0,0,West
10554,2023-07-02,C0610,Office Chair,Furniture,1,7000,4500.0,3000,West
10555,2023-01-13,C0171,Tablet,Electronics,3,18000,14000.0,1000,East
10556,2023-10-06,C0382,Mobile,Electronics,3,22000,18000.0,0,South
10557,2023-08-05,C0173,Tablet,Electronics,2,18000,14000.0,500,South
10558,2023-12-21,C0663,Office Chair,Furniture,2,7000,4500.0,2000,South
10559,2023-12-27,C0453,Headphone,Electronics,2,2500,,0,North
10560,2023-10-13,C0350,Office Chair,Furniture,2,7000,4500.0,2000,South
10561,2023-09-30,C0634,Headphone,Electronics,3,2500,,0,East
10562,2023-03-03,C0494,Headphone,Electronics,2,2500,,500,North
10563,2023-03-25,C0620,Laptop,Electronics,1,60000,48000.0,2000,North
10564,2023-08-05,C0004,Mobile,Electronics,3,22000,18000.0,3000,East
10565,2023-12-08,C0093,Office Chair,Furniture,2,7000,4500.0,500,North
10566,2023-07-06,C0006,Headphone,Electronics,3,2500,,2000,North
10567,2023-01-19,C0288,Office Chair,Furniture,2,7000,4500.0,2000,North
10568,2023-06-26,C0618,Office Chair,Furniture,3,7000,4500.0,5000,East
10569,2023-04-10,C0146,Headphone,Electronics,2,2500,,5000,East
10570,2023-08-21,C0783,Table,Furniture,1,9000,6500.0,500,East
10571,2023-03-17,C0424,Tablet,Electronics,2,18000,14000.0,500,North
10572,2023-09-22,C0608,Mobile,Electronics,3,22000,18000.0,500,East
10573,2023-10-11,C0457,Mobile,Electronics,3,22000,18000.0,1000,South
10574,2023-07-25,C0741,Table,Furniture,1,9000,6500.0,3000,South
10575,2023-08-11,C0202,Laptop,Electronics,3,60000,48000.0,0,South
10576,2023-02-21,C0212,Table,Furniture,1,9000,6500.0,5000,South
10577,2023-12-05,C0006,Laptop,Electronics,3,60000,48000.0,2000,South
10578,2023-05-24,C0624,Laptop,Electronics,3,60000,48000.0,5000,East
10579,2023-03-10,C0376,Table,Furniture,1,9000,6500.0,0,North
10580,2023-04-09,C0447,Mobile,Electronics,3,22000,18000.0,500,South
10581,2023-01-25,C0106,Tablet,Electronics,3,18000,14000.0,5000,South
10582,2023-02-22,C0651,Mobile,Electronics,1,22000,18000.0,3000,South
10583,2023-05-31,C0401,Mobile,Electronics,2,22000,18000.0,3000,South
10584,2023-05-24,C0096,Mobile,Electronics,1,22000,18000.0,1000,West
10585,2023-02-26,C0388,Table,Furniture,3,9000,6500.0,5000,West
10586,2023-02-08,C0452,Table,Furniture,2,9000,6500.0,500,East
10587,2023-04-19,C0416,Table,Furniture,2,9000,6500.0,2000,East
10588,2023-06-30,C0726,Mobile,Electronics,2,22000,18000.0,1000,North
10589,2023-02-11,C0504,Tablet,Electronics,1,18000,14000.0,500,East
10590,2023-07-05,C0454,Laptop,Electronics,2,60000,48000.0,1000,South
10591,2023-08-11,C0291,Office Chair,Furniture,2,7000,4500.0,5000,South
10592,2023-05-02,C0534,Laptop,Electronics,2,60000,48000.0,0,North
10593,2023-05-13,C0193,Laptop,Electronics,3,60000,48000.0,5000,North
10594,2023-06-12,C0150,Office Chair,Furniture,1,7000,4500.0,500,North
10595,2023-08-03,C0759,Mobile,Electronics,1,22000,18000.0,2000,North
10596,2023-08-09,C0779,Tablet,Electronics,3,18000,14000.0,2000,North
10597,2023-08-23,C0763,Tablet,Electronics,2,18000,14000.0,500,East
10598,2023-11-27,C0515,Laptop,Electronics,3,60000,48000.0,1000,North
10599,2023-05-26,C0393,Office Chair,Furniture,3,7000,4500.0,3000,South
10600,2023-08-27,C0316,Headphone,Electronics,2,2500,,500,West
10601,2023-03-17,C0076,Mobile,Electronics,2,22000,18000.0,5000,North
10602,2023-01-09,C0599,Laptop,Electronics,1,60000,48000.0,2000,West
10603,2023-03-15,C0270,Tablet,Electronics,2,18000,14000.0,0,East
10604,2023-09-10,C0225,Table,Furniture,3,9000,6500.0,2000,South
10605,2023-08-18,C0530,Table,Furniture,3,9000,6500.0,3000,North
10606,2023-01-07,C0113,Office Chair,Furniture,2,7000,4500.0,2000,North
10607,2023-06-23,C0251,Office Chair,Furniture,1,7000,4500.0,3000,South
10608,2023-05-21,C0233,Laptop,Electronics,3,60000,48000.0,500,North
10609,2023-06-17,C0791,Headphone,Electronics,2,2500,,2000,North
10610,2023-06-19,C0714,Tablet,Electronics,1,18000,14000.0,1000,North
10611,2023-10-10,C0083,Laptop,Electronics,1,60000,48000.0,5000,South
10612,2023-05-02,C0125,Headphone,Electronics,3,2500,,1000,North
10613,2023-07-13,C0175,Office Chair,Furniture,3,7000,4500.0,5000,East
10614,2023-01-05,C0069,Table,Furniture,1,9000,6500.0,2000,North
10615,2023-01-29,C0047,Mobile,Electronics,1,22000,18000.0,2000,East
10616,2023-06-14,C0256,Table,Furniture,1,9000,6500.0,5000,North
10617,2023-12-05,C0727,Tablet,Electronics,2,18000,14000.0,0,East
10618,2023-05-16,C0030,Tablet,Electronics,3,18000,14000.0,2000,South
10619,2023-12-31,C0281,Table,Furniture,1,9000,6500.0,0,South
10620,2023-11-17,C0237,Table,Furniture,3,9000,6500.0,0,North
10621,2023-12-08,C0248,Headphone,Electronics,3,2500,,5000,South
10622,2023-05-25,C0368,Laptop,Electronics,3,60000,48000.0,0,North
10623,2023-11-23,C0495,Office Chair,Furniture,1,7000,4500.0,0,South
10624,2023-08-05,C0025,Headphone,Electronics,2,2500,,500,North
10625,2023-10-28,C0586,Mobile,Electronics,1,22000,18000.0,1000,South
10626,2023-05-12,C0718,Table,Furniture,3,9000,6500.0,0,North
10627,2023-10-19,C0490,Mobile,Electronics,1,22000,18000.0,1000,North
10628,2023-03-11,C0494,Mobile,Electronics,1,22000,18000.0,0,South
10629,2023-09-09,C0314,Headphone,Electronics,3,2500,,1000,West
10630,2023-10-02,C0606,Office Chair,Furniture,3,7000,4500.0,2000,South
10631,2023-12-30,C0375,Tablet,Electronics,1,18000,14000.0,2000,East
10632,2023-07-01,C0639,Laptop,Electronics,1,60000,48000.0,1000,South
10633,2023-06-16,C0025,Tablet,Electronics,1,18000,14000.0,0,South
10634,2023-04-01,C0334,Office Chair,Furniture,1,7000,4500.0,500,North
10635,2023-07-21,C0355,Tablet,Electronics,2,18000,14000.0,1000,North
10636,2023-12-12,C0116,Table,Furniture,1,9000,6500.0,3000,West
10637,2023-01-19,C0048,Table,Furniture,2,9000,6500.0,500,South
10638,2023-02-08,C0738,Headphone,Electronics,3,2500,,3000,East
10639,2023-05-06,C0778,Mobile,Electronics,2,22000,18000.0,1000,South
10640,2023-06-22,C0099,Office Chair,Furniture,3,7000,4500.0,0,South
10641,2023-05-21,C0459,Office Chair,Furniture,2,7000,4500.0,3000,South
10642,2023-08-30,C0523,Tablet,Electronics,3,18000,14000.0,1000,South
10643,2023-08-08,C0597,Headphone,Electronics,1,2500,,500,North
10644,2023-05-06,C0405,Tablet,Electronics,2,18000,14000.0,0,South
10645,2023-02-27,C0214,Tablet,Electronics,2,18000,14000.0,3000,South
10646,2023-05-28,C0685,Office Chair,Furniture,3,7000,4500.0,1000,West
10647,2023-11-13,C0503,Tablet,Electronics,3,18000,14000.0,0,South
10648,2023-12-27,C0721,Mobile,Electronics,2,22000,18000.0,0,East
10649,2023-01-01,C0448,Tablet,Electronics,3,18000,14000.0,2000,North
10650,2023-12-14,C0576,Mobile,Electronics,1,22000,18000.0,0,North
10651,2023-07-09,C0258,Office Chair,Furniture,2,7000,4500.0,1000,West
10652,2023-07-10,C0121,Headphone,Electronics,1,2500,,500,East
10653,2023-11-08,C0054,Table,Furniture,2,9000,6500.0,5000,South
10654,2023-04-27,C0331,Mobile,Electronics,1,22000,18000.0,2000,South
10655,2023-05-14,C0784,Headphone,Electronics,2,2500,,1000,North
10656,2023-02-27,C0241,Headphone,Electronics,3,2500,,1000,East
10657,2023-02-13,C0755,Mobile,Electronics,2,22000,18000.0,1000,North
10658,2023-06-22,C0530,Office Chair,Furniture,1,7000,4500.0,3000,East
10659,2023-06-09,C0483,Laptop,Electronics,2,60000,48000.0,3000,South
10660,2023-06-22,C0187,Headphone,Electronics,1,2500,,500,North
10661,2023-11-13,C0656,Headphone,Electronics,1,2500,,1000,West
10662,2023-10-30,C0262,Office Chair,Furniture,1,7000,4500.0,3000,West
10663,2023-05-29,C0364,Office Chair,Furniture,3,7000,4500.0,3000,North
10664,2023-03-21,C0491,Tablet,Electronics,2,18000,14000.0,3000,West
10665,2023-08-01,C0431,Office Chair,Furniture,1,7000,4500.0,500,East
10666,2023-07-22,C0239,Headphone,Electronics,3,2500,,500,East
10667,2023-09-09,C0304,Mobile,Electronics,1,22000,18000.0,1000,West
10668,2023-08-17,C0298,Laptop,Electronics,2,60000,48000.0,2000,South
10669,2023-06-13,C0076,Tablet,Electronics,3,18000,14000.0,1000,East
10670,2023-08-15,C0700,Mobile,Electronics,1,22000,18000.0,3000,West
10671,2023-05-27,C0333,Laptop,Electronics,1,60000,48000.0,5000,South
10672,2023-01-20,C0758,Laptop,Electronics,1,60000,48000.0,3000,South
10673,2023-02-16,C0642,Laptop,Electronics,2,60000,48000.0,0,South
10674,2023-08-21,C0474,Table,Furniture,3,9000,6500.0,5000,East
10675,2023-11-01,C0283,Mobile,Electronics,3,22000,18000.0,5000,East
10676,2023-01-14,C0591,Tablet,Electronics,3,18000,14000.0,1000,South
10677,2023-05-23,C0072,Tablet,Electronics,1,18000,14000.0,3000,South
10678,2023-01-01,C0263,Laptop,Electronics,3,60000,48000.0,3000,North
10679,2023-02-23,C0703,Mobile,Electronics,1,22000,18000.0,2000,North
10680,2023-09-16,C0575,Table,Furniture,2,9000,6500.0,0,South
10681,2023-05-24,C0012,Laptop,Electronics,3,60000,48000.0,1000,South
10682,2023-01-12,C0141,Office Chair,Furniture,1,7000,4500.0,500,East
10683,2023-11-26,C0766,Tablet,Electronics,3,18000,14000.0,1000,South
10684,2023-08-12,C0555,Headphone,Electronics,3,2500,,5000,West
10685,2023-09-29,C0017,Laptop,Electronics,2,60000,48000.0,1000,North
10686,2023-12-24,C0063,Office Chair,Furniture,3,7000,4500.0,2000,West
10687,2023-06-05,C0253,Tablet,Electronics,2,18000,14000.0,1000,North
10688,2023-01-08,C0465,Table,Furniture,3,9000,6500.0,2000,East
10689,2023-05-02,C0376,Mobile,Electronics,3,22000,18000.0,5000,South
10690,2023-12-14,C0520,Tablet,Electronics,3,18000,14000.0,2000,South
10691,2023-06-13,C0090,Mobile,Electronics,3,22000,18000.0,3000,North
10692,2023-03-31,C0720,Mobile,Electronics,3,22000,18000.0,500,North
10693,2023-05-16,C0796,Table,Furniture,3,9000,6500.0,5000,East
10694,2023-07-05,C0630,Table,Furniture,2,9000,6500.0,2000,South
10695,2023-11-12,C0175,Laptop,Electronics,2,60000,48000.0,0,West
10696,2023-06-27,C0076,Laptop,Electronics,1,60000,48000.0,5000,South
10697,2023-01-28,C0613,Tablet,Electronics,3,18000,14000.0,0,West
10698,2023-08-08,C0663,Table,Furniture,2,9000,6500.0,500,North
10699,2023-12-23,C0400,Office Chair,Furniture,3,7000,4500.0,2000,North
10700,2023-02-10,C0782,Tablet,Electronics,3,18000,14000.0,5000,South
10701,2023-08-16,C0071,Headphone,Electronics,2,2500,,5000,West
10702,2023-07-11,C0180,Mobile,Electronics,3,22000,18000.0,500,South
10703,2023-05-25,C0124,Mobile,Electronics,2,22000,18000.0,3000,North
10704,2023-07-20,C0381,Laptop,Electronics,2,60000,48000.0,0,North
10705,2023-07-31,C0293,Office Chair,Furniture,1,7000,4500.0,5000,South
10706,2023-08-08,C0797,Table,Furniture,1,9000,6500.0,1000,South
10707,2023-08-28,C0195,Table,Furniture,1,9000,6500.0,0,South
10708,2023-02-15,C0228,Laptop,Electronics,1,60000,48000.0,2000,East
10709,2023-02-04,C0431,Headphone,Electronics,3,2500,,500,East
10710,2023-09-10,C0436,Tablet,Electronics,3,18000,14000.0,0,West
10711,2023-03-23,C0787,Tablet,Electronics,1,18000,14000.0,1000,South
10712,2023-09-13,C0461,Office Chair,Furniture,2,7000,4500.0,1000,South
10713,2023-07-16,C0618,Laptop,Electronics,2,60000,48000.0,500,West
10714,2023-10-30,C0021,Laptop,Electronics,2,60000,48000.0,500,South
10715,2023-01-10,C0064,Headphone,Electronics,2,2500,,0,South
10716,2023-11-08,C0165,Tablet,Electronics,3,18000,14000.0,2000,West
10717,2023-10-13,C0027,Laptop,Electronics,2,60000,48000.0,3000,North
10718,2023-08-30,C0311,Table,Furniture,2,9000,6500.0,1000,South
10719,2023-09-08,C0285,Office Chair,Furniture,1,7000,4500.0,500,North
10720,2023-12-31,C0660,Tablet,Electronics,2,18000,14000.0,3000,North
10721,2023-01-05,C0281,Headphone,Electronics,3,2500,,3000,North
10722,2023-04-29,C0164,Office Chair,Furniture,2,7000,4500.0,3000,North
10723,2023-10-16,C0224,Mobile,Electronics,2,22000,18000.0,2000,South
10724,2023-03-06,C0784,Table,Furniture,3,9000,6500.0,500,West
10725,2023-05-26,C0146,Headphone,Electronics,1,2500,,1000,South
10726,2023-08-12,C0030,Office Chair,Furniture,3,7000,4500.0,500,East
10727,2023-08-27,C0045,Laptop,Electronics,1,60000,48000.0,0,South
10728,2023-06-26,C0787,Mobile,Electronics,2,22000,18000.0,1000,West
10729,2023-09-24,C0471,Headphone,Electronics,1,2500,,500,West
10730,2023-12-07,C0034,Laptop,Electronics,1,60000,48000.0,1000,West
10731,2023-10-09,C0653,Table,Furniture,1,9000,6500.0,0,West
10732,2023-03-04,C0427,Mobile,Electronics,2,22000,18000.0,5000,North
10733,2023-08-05,C0221,Tablet,Electronics,1,18000,14000.0,1000,South
10734,2023-12-08,C0534,Laptop,Electronics,1,60000,48000.0,5000,South
10735,2023-11-11,C0692,Office Chair,Furniture,2,7000,4500.0,3000,South
10736,2023-10-10,C0367,Headphone,Electronics,3,2500,,2000,South
10737,2023-06-26,C0743,Mobile,Electronics,3,22000,18000.0,0,North
10738,2023-04-08,C0550,Laptop,Electronics,3,60000,48000.0,1000,North
10739,2023-04-15,C0582,Tablet,Electronics,2,18000,14000.0,0,West
10740,2023-04-09,C0116,Headphone,Electronics,2,2500,,3000,East
10741,2023-11-07,C0239,Headphone,Electronics,3,2500,,5000,North
10742,2023-01-06,C0335,Laptop,Electronics,1,60000,48000.0,2000,North
10743,2023-07-16,C0441,Tablet,Electronics,3,18000,14000.0,0,East
10744,2023-12-17,C0148,Table,Furniture,2,9000,6500.0,5000,South
10745,2023-05-13,C0009,Table,Furniture,1,9000,6500.0,3000,South
10746,2023-12-24,C0288,Mobile,Electronics,1,22000,18000.0,3000,North
10747,2023-09-16,C0388,Laptop,Electronics,2,60000,48000.0,3000,North
10748,2023-01-23,C0050,Mobile,Electronics,1,22000,18000.0,5000,South
10749,2023-02-22,C0517,Table,Furniture,3,9000,6500.0,1000,East
10750,2023-06-14,C0638,Headphone,Electronics,2,2500,,500,North
10751,2023-07-21,C0587,Mobile,Electronics,2,22000,18000.0,0,South
10752,2023-03-24,C0677,Tablet,Electronics,2,18000,14000.0,500,East
10753,2023-05-25,C0278,Office Chair,Furniture,2,7000,4500.0,3000,East
10754,2023-03-26,C0300,Table,Furniture,1,9000,6500.0,500,North
10755,2023-03-19,C0589,Table,Furniture,2,9000,6500.0,5000,East
10756,2023-01-01,C0649,Tablet,Electronics,2,18000,14000.0,3000,West
10757,2023-02-20,C0618,Mobile,Electronics,1,22000,18000.0,3000,West
10758,2023-06-22,C0607,Laptop,Electronics,2,60000,48000.0,2000,East
10759,2023-07-24,C0135,Headphone,Electronics,1,2500,,2000,East
10760,2023-09-17,C0580,Office Chair,Furniture,1,7000,4500.0,5000,North
10761,2023-10-15,C0147,Laptop,Electronics,2,60000,48000.0,5000,East
10762,2023-02-03,C0490,Laptop,Electronics,3,60000,48000.0,500,East
10763,2023-12-14,C0478,Tablet,Electronics,2,18000,14000.0,0,South
10764,2023-04-05,C0159,Mobile,Electronics,3,22000,18000.0,500,South
10765,2023-03-13,C0384,Table,Furniture,1,9000,6500.0,5000,East
10766,2023-02-08,C0163,Table,Furniture,3,9000,6500.0,0,West
10767,2023-06-03,C0441,Tablet,Electronics,2,18000,14000.0,500,North
10768,2023-09-07,C0189,Mobile,Electronics,2,22000,18000.0,1000,North
10769,2023-06-11,C0415,Tablet,Electronics,3,18000,14000.0,1000,East
10770,2023-04-28,C0339,Table,Furniture,2,9000,6500.0,0,North
10771,2023-09-16,C0607,Laptop,Electronics,3,60000,48000.0,2000,South
10772,2023-11-02,C0181,Headphone,Electronics,1,2500,,0,North
10773,2023-09-25,C0288,Mobile,Electronics,3,22000,18000.0,500,South
10774,2023-02-23,C0187,Office Chair,Furniture,3,7000,4500.0,3000,East
10775,2023-08-24,C0138,Office Chair,Furniture,3,7000,4500.0,1000,North
10776,2023-08-10,C0130,Laptop,Electronics,3,60000,48000.0,3000,North
10777,2023-09-08,C0194,Tablet,Electronics,1,18000,14000.0,1000,South
10778,2023-11-09,C0316,Tablet,Electronics,1,18000,14000.0,500,South
10779,2023-04-22,C0785,Table,Furniture,1,9000,6500.0,1000,East
10780,2023-09-12,C0144,Laptop,Electronics,3,60000,48000.0,0,South
10781,2023-10-30,C0016,Table,Furniture,1,9000,6500.0,3000,South
10782,2023-07-26,C0302,Table,Furniture,2,9000,6500.0,5000,South
10783,2023-08-17,C0423,Office Chair,Furniture,1,7000,4500.0,3000,North
10784,2023-12-07,C0245,Table,Furniture,3,9000,6500.0,500,East
10785,2023-03-07,C0107,Table,Furniture,2,9000,6500.0,5000,North
10786,2023-03-16,C0088,Office Chair,Furniture,3,7000,4500.0,3000,West
10787,2023-04-13,C0129,Tablet,Electronics,2,18000,14000.0,500,South
10788,2023-07-11,C0341,Mobile,Electronics,3,22000,18000.0,2000,South
10789,2023-09-09,C0004,Headphone,Electronics,3,2500,,0,East
10790,2023-08-14,C0327,Table,Furniture,2,9000,6500.0,1000,West
10791,2023-10-21,C0410,Mobile,Electronics,1,22000,18000.0,1000,West
10792,2023-11-02,C0306,Office Chair,Furniture,2,7000,4500.0,1000,South
10793,2023-04-08,C0607,Mobile,Electronics,2,22000,18000.0,2000,North
10794,2023-12-04,C0721,Headphone,Electronics,2,2500,,0,West
10795,2023-10-13,C0225,Mobile,Electronics,2,22000,18000.0,3000,North
10796,2023-12-01,C0348,Mobile,Electronics,2,22000,18000.0,3000,West
10797,2023-12-13,C0321,Mobile,Electronics,3,22000,18000.0,0,East
10798,2023-11-04,C0559,Mobile,Electronics,3,22000,18000.0,5000,West
10799,2023-09-06,C0181,Laptop,Electronics,1,60000,48000.0,0,West
10800,2023-06-15,C0618,Table,Furniture,1,9000,6500.0,1000,North
10801,2023-12-01,C0711,Office Chair,Furniture,2,7000,4500.0,3000,East
10802,2023-01-30,C0386,Headphone,Electronics,1,2500,,0,North
10803,2023-09-04,C0618,Office Chair,Furniture,1,7000,4500.0,3000,North
10804,2023-04-16,C0792,Laptop,Electronics,2,60000,48000.0,0,South
10805,2023-02-20,C0772,Laptop,Electronics,3,60000,48000.0,500,North
10806,2023-03-22,C0108,Laptop,Electronics,3,60000,48000.0,1000,East
10807,2023-05-13,C0531,Table,Furniture,1,9000,6500.0,0,West
10808,2023-10-12,C0410,Laptop,Electronics,3,60000,48000.0,2000,South
10809,2023-05-18,C0296,Mobile,Electronics,3,22000,18000.0,0,North
10810,2023-07-03,C0171,Office Chair,Furniture,1,7000,4500.0,500,West
10811,2023-11-26,C0331,Tablet,Electronics,2,18000,14000.0,2000,West
10812,2023-09-30,C0493,Headphone,Electronics,1,2500,,2000,East
10813,2023-12-06,C0195,Laptop,Electronics,1,60000,48000.0,0,East
10814,2023-03-10,C0012,Office Chair,Furniture,1,7000,4500.0,500,West
10815,2023-02-03,C0195,Laptop,Electronics,2,60000,48000.0,2000,North
10816,2023-09-19,C0490,Table,Furniture,2,9000,6500.0,1000,West
10817,2023-02-22,C0795,Laptop,Electronics,2,60000,48000.0,5000,West
10818,2023-07-24,C0182,Laptop,Electronics,2,60000,48000.0,1000,West
10819,2023-05-06,C0656,Laptop,Electronics,1,60000,48000.0,3000,North
10820,2023-08-23,C0316,Laptop,Electronics,3,60000,48000.0,3000,West
10821,2023-02-12,C0694,Headphone,Electronics,1,2500,,500,South
10822,2023-08-28,C0030,Office Chair,Furniture,2,7000,4500.0,2000,South
10823,2023-04-21,C0596,Table,Furniture,3,9000,6500.0,1000,West
10824,2023-09-06,C0678,Laptop,Electronics,1,60000,48000.0,1000,North
10825,2023-05-31,C0796,Laptop,Electronics,3,60000,48000.0,5000,South
10826,2023-07-02,C0793,Laptop,Electronics,2,60000,48000.0,500,West
10827,2023-12-02,C0096,Laptop,Electronics,3,60000,48000.0,2000,West
10828,2023-04-05,C0381,Mobile,Electronics,3,22000,18000.0,500,West
10829,2023-01-08,C0778,Mobile,Electronics,2,22000,18000.0,0,North
10830,2023-12-26,C0444,Tablet,Electronics,3,18000,14000.0,1000,East
10831,2023-07-03,C0298,Laptop,Electronics,1,60000,48000.0,500,North
10832,2023-10-08,C0737,Tablet,Electronics,3,18000,14000.0,500,East
10833,2023-07-14,C0361,Headphone,Electronics,1,2500,,5000,North
10834,2023-12-18,C0374,Tablet,Electronics,3,18000,14000.0,0,East
10835,2023-07-14,C0554,Office Chair,Furniture,3,7000,4500.0,3000,South
10836,2023-06-04,C0303,Mobile,Electronics,2,22000,18000.0,1000,West
10837,2023-04-03,C0421,Mobile,Electronics,2,22000,18000.0,5000,South
10838,2023-06-09,C0246,Laptop,Electronics,1,60000,48000.0,500,East
10839,2023-03-02,C0720,Laptop,Electronics,2,60000,48000.0,1000,South
10840,2023-05-02,C0237,Headphone,Electronics,2,2500,,3000,East
10841,2023-02-20,C0534,Table,Furniture,2,9000,6500.0,500,South
10842,2023-10-04,C0185,Headphone,Electronics,2,2500,,0,North
10843,2023-01-05,C0468,Office Chair,Furniture,2,7000,4500.0,1000,East
10844,2023-04-02,C0754,Laptop,Electronics,1,60000,48000.0,5000,West
10845,2023-06-19,C0363,Laptop,Electronics,1,60000,48000.0,0,North
10846,2023-11-13,C0283,Headphone,Electronics,2,2500,,3000,North
10847,2023-01-22,C0553,Headphone,Electronics,2,2500,,3000,East
10848,2023-11-22,C0336,Headphone,Electronics,1,2500,,1000,West
10849,2023-01-01,C0162,Mobile,Electronics,3,22000,18000.0,3000,North
10850,2023-05-13,C0160,Tablet,Electronics,1,18000,14000.0,2000,West
10851,2023-08-21,C0474,Tablet,Electronics,3,18000,14000.0,5000,West
10852,2023-01-12,C0601,Laptop,Electronics,2,60000,48000.0,1000,North
10853,2023-12-12,C0322,Mobile,Electronics,2,22000,18000.0,2000,North
10854,2023-02-15,C0012,Headphone,Electronics,1,2500,,3000,East
10855,2023-02-03,C0424,Laptop,Electronics,2,60000,48000.0,1000,West
10856,2023-03-19,C0073,Mobile,Electronics,3,22000,18000.0,2000,East
10857,2023-08-06,C0588,Office Chair,Furniture,3,7000,4500.0,3000,South
10858,2023-10-28,C0201,Table,Furniture,1,9000,6500.0,500,North
10859,2023-03-14,C0522,Mobile,Electronics,3,22000,18000.0,500,South
10860,2023-10-09,C0505,Laptop,Electronics,1,60000,48000.0,0,East
10861,2023-09-06,C0738,Tablet,Electronics,1,18000,14000.0,500,South
10862,2023-02-16,C0688,Headphone,Electronics,3,2500,,2000,South
10863,2023-05-01,C0788,Table,Furniture,3,9000,6500.0,5000,North
10864,2023-08-02,C0039,Office Chair,Furniture,3,7000,4500.0,500,South
10865,2023-08-27,C0060,Table,Furniture,3,9000,6500.0,1000,North
10866,2023-02-25,C0578,Table,Furniture,3,9000,6500.0,1000,North
10867,2023-12-16,C0321,Mobile,Electronics,3,22000,18000.0,1000,West
10868,2023-04-17,C0435,Laptop,Electronics,3,60000,48000.0,500,North
10869,2023-11-15,C0636,Laptop,Electronics,2,60000,48000.0,500,South
10870,2023-02-17,C0676,Table,Furniture,1,9000,6500.0,0,North
10871,2023-03-02,C0408,Headphone,Electronics,1,2500,,5000,North
10872,2023-12-03,C0386,Laptop,Electronics,3,60000,48000.0,5000,South
10873,2023-01-26,C0671,Table,Furniture,1,9000,6500.0,3000,North
10874,2023-10-19,C0569,Laptop,Electronics,3,60000,48000.0,0,North
10875,2023-09-14,C0078,Headphone,Electronics,2,2500,,2000,West
10876,2023-01-08,C0194,Office Chair,Furniture,1,7000,4500.0,1000,North
10877,2023-04-23,C0285,Table,Furniture,1,9000,6500.0,500,North
10878,2023-12-21,C0527,Tablet,Electronics,2,18000,14000.0,3000,West
10879,2023-09-10,C0524,Tablet,Electronics,2,18000,14000.0,3000,North
10880,2023-06-29,C0613,Table,Furniture,2,9000,6500.0,500,East
10881,2023-07-26,C0156,Mobile,Electronics,1,22000,18000.0,0,North
10882,2023-10-30,C0340,Office Chair,Furniture,1,7000,4500.0,3000,North
10883,2023-05-07,C0125,Mobile,Electronics,2,22000,18000.0,5000,South
10884,2023-02-25,C0280,Tablet,Electronics,2,18000,14000.0,0,West
10885,2023-08-02,C0622,Headphone,Electronics,2,2500,,500,North
10886,2023-01-14,C0658,Table,Furniture,2,9000,6500.0,0,South
10887,2023-01-28,C0728,Laptop,Electronics,2,60000,48000.0,5000,North
10888,2023-03-19,C0674,Tablet,Electronics,3,18000,14000.0,1000,North
10889,2023-08-04,C0128,Office Chair,Furniture,2,7000,4500.0,500,West
10890,2023-12-31,C0314,Tablet,Electronics,3,18000,14000.0,5000,North
10891,2023-06-03,C0332,Office Chair,Furniture,1,7000,4500.0,500,West
10892,2023-01-14,C0150,Office Chair,Furniture,1,7000,4500.0,5000,North
10893,2023-07-06,C0454,Table,Furniture,3,9000,6500.0,5000,West
10894,2023-11-08,C0036,Office Chair,Furniture,2,7000,4500.0,3000,South
10895,2023-01-07,C0685,Mobile,Electronics,1,22000,18000.0,3000,West
10896,2023-01-03,C0420,Headphone,Electronics,2,2500,,3000,North
10897,2023-04-21,C0022,Tablet,Electronics,2,18000,14000.0,1000,East
10898,2023-08-26,C0206,Headphone,Electronics,3,2500,,1000,East
10899,2023-12-29,C0639,Laptop,Electronics,1,60000,48000.0,5000,South
10900,2023-08-27,C0356,Tablet,Electronics,1,18000,14000.0,2000,West
10901,2023-10-01,C0440,Headphone,Electronics,3,2500,,500,East
10902,2023-10-21,C0729,Headphone,Electronics,2,2500,,3000,West
10903,2023-08-15,C0096,Table,Furniture,2,9000,6500.0,500,South
10904,2023-01-15,C0164,Table,Furniture,1,9000,6500.0,5000,South
10905,2023-07-11,C0148,Laptop,Electronics,3,60000,48000.0,0,West
10906,2023-04-29,C0530,Office Chair,Furniture,3,7000,4500.0,5000,North
10907,2023-01-28,C0294,Tablet,Electronics,2,18000,14000.0,1000,South
10908,2023-07-21,C0195,Table,Furniture,2,9000,6500.0,2000,West
10909,2023-02-08,C0663,Tablet,Electronics,3,18000,14000.0,0,South
10910,2023-09-30,C0480,Laptop,Electronics,1,60000,48000.0,500,North
10911,2023-08-19,C0123,Table,Furniture,2,9000,6500.0,1000,South
10912,2023-03-27,C0400,Table,Furniture,3,9000,6500.0,3000,West
10913,2023-05-06,C0699,Office Chair,Furniture,3,7000,4500.0,0,West
10914,2023-10-27,C0452,Tablet,Electronics,3,18000,14000.0,1000,West
10915,2023-01-25,C0661,Tablet,Electronics,1,18000,14000.0,500,East
10916,2023-05-25,C0104,Tablet,Electronics,2,18000,14000.0,5000,South
10917,2023-01-13,C0755,Office Chair,Furniture,2,7000,4500.0,500,North
10918,2023-07-31,C0462,Table,Furniture,2,9000,6500.0,0,North
10919,2023-01-25,C0743,Laptop,Electronics,1,60000,48000.0,0,North
10920,2023-03-09,C0718,Tablet,Electronics,2,18000,14000.0,5000,North
10921,2023-03-08,C0710,Headphone,Electronics,2,2500,,0,West
10922,2023-08-21,C0396,Office Chair,Furniture,2,7000,4500.0,2000,West
10923,2023-04-19,C0337,Mobile,Electronics,2,22000,18000.0,3000,South
10924,2023-05-26,C0599,Laptop,Electronics,1,60000,48000.0,1000,West
10925,2023-04-21,C0142,Headphone,Electronics,3,2500,,5000,West
10926,2023-08-16,C0317,Tablet,Electronics,3,18000,14000.0,500,East
10927,2023-04-21,C0711,Mobile,Electronics,2,22000,18000.0,500,South
10928,2023-02-03,C0558,Laptop,Electronics,2,60000,48000.0,3000,North
10929,2023-04-21,C0800,Office Chair,Furniture,2,7000,4500.0,0,South
10930,2023-09-21,C0527,Mobile,Electronics,1,22000,18000.0,0,North
10931,2023-08-24,C0556,Table,Furniture,2,9000,6500.0,500,South
10932,2023-03-24,C0401,Mobile,Electronics,1,22000,18000.0,3000,West
10933,2023-02-11,C0681,Headphone,Electronics,2,2500,,500,South
10934,2023-04-11,C0310,Laptop,Electronics,2,60000,48000.0,0,North
10935,2023-01-06,C0495,Headphone,Electronics,3,2500,,5000,South
10936,2023-06-29,C0556,Headphone,Electronics,2,2500,,1000,East
10937,2023-10-09,C0610,Tablet,Electronics,1,18000,14000.0,0,North
10938,2023-11-16,C0773,Office Chair,Furniture,3,7000,4500.0,5000,North
10939,2023-08-14,C0109,Mobile,Electronics,1,22000,18000.0,1000,West
10940,2023-11-11,C0795,Laptop,Electronics,3,60000,48000.0,2000,North
10941,2023-12-31,C0372,Table,Furniture,1,9000,6500.0,3000,West
10942,2023-08-17,C0616,Office Chair,Furniture,3,7000,4500.0,5000,South
10943,2023-10-16,C0768,Office Chair,Furniture,1,7000,4500.0,2000,South
10944,2023-05-30,C0206,Laptop,Electronics,1,60000,48000.0,0,North
10945,2023-10-04,C0043,Office Chair,Furniture,2,7000,4500.0,3000,East
10946,2023-07-17,C0245,Tablet,Electronics,3,18000,14000.0,5000,West
10947,2023-03-11,C0287,Office Chair,Furniture,3,7000,4500.0,0,North
10948,2023-04-22,C0355,Tablet,Electronics,2,18000,14000.0,3000,North
10949,2023-01-04,C0785,Mobile,Electronics,1,22000,18000.0,3000,North
10950,2023-12-16,C0476,Mobile,Electronics,1,22000,18000.0,0,East
10951,2023-11-27,C0083,Headphone,Electronics,3,2500,,0,South
10952,2023-11-14,C0110,Tablet,Electronics,1,18000,14000.0,5000,North
10953,2023-12-16,C0190,Table,Furniture,3,9000,6500.0,3000,South
10954,2023-04-05,C0800,Mobile,Electronics,3,22000,18000.0,5000,South
10955,2023-06-01,C0251,Office Chair,Furniture,1,7000,4500.0,3000,West
10956,2023-11-07,C0724,Laptop,Electronics,1,60000,48000.0,5000,East
10957,2023-05-17,C0291,Laptop,Electronics,1,60000,48000.0,0,North
10958,2023-09-04,C0645,Tablet,Electronics,2,18000,14000.0,0,North
10959,2023-08-31,C0201,Table,Furniture,3,9000,6500.0,500,South
10960,2023-01-31,C0797,Headphone,Electronics,1,2500,,5000,North
10961,2023-02-09,C0326,Office Chair,Furniture,2,7000,4500.0,500,East
10962,2023-08-17,C0511,Tablet,Electronics,1,18000,14000.0,500,South
10963,2023-02-05,C0409,Laptop,Electronics,3,60000,48000.0,2000,South
10964,2023-08-11,C0607,Tablet,Electronics,2,18000,14000.0,3000,South
10965,2023-01-06,C0790,Office Chair,Furniture,3,7000,4500.0,1000,East
10966,2023-11-18,C0508,Table,Furniture,1,9000,6500.0,2000,South
10967,2023-08-08,C0731,Table,Furniture,1,9000,6500.0,3000,West
10968,2023-03-16,C0601,Mobile,Electronics,1,22000,18000.0,1000,East
10969,2023-01-04,C0072,Office Chair,Furniture,2,7000,4500.0,500,East
10970,2023-12-01,C0247,Mobile,Electronics,2,22000,18000.0,1000,East
10971,2023-05-14,C0641,Mobile,Electronics,2,22000,18000.0,0,North
10972,2023-04-28,C0724,Mobile,Electronics,2,22000,18000.0,0,North
10973,2023-04-04,C0608,Tablet,Electronics,1,18000,14000.0,5000,West
10974,2023-03-03,C0587,Laptop,Electronics,1,60000,48000.0,3000,West
10975,2023-07-13,C0566,Table,Furniture,1,9000,6500.0,2000,East
10976,2023-12-01,C0344,Tablet,Electronics,2,18000,14000.0,500,East
10977,2023-07-22,C0054,Laptop,Electronics,2,60000,48000.0,3000,North
10978,2023-01-26,C0730,Table,Furniture,1,9000,6500.0,500,South
10979,2023-06-22,C0528,Office Chair,Furniture,1,7000,4500.0,0,West
10980,2023-10-27,C0611,Table,Furniture,2,9000,6500.0,2000,West
10981,2023-05-13,C0532,Table,Furniture,3,9000,6500.0,2000,South
10982,2023-11-22,C0558,Table,Furniture,1,9000,6500.0,0,South
10983,2023-04-28,C0193,Headphone,Electronics,1,2500,,1000,South
10984,2023-11-20,C0058,Office Chair,Furniture,1,7000,4500.0,2000,South
10985,2023-10-02,C0437,Tablet,Electronics,2,18000,14000.0,1000,South
10986,2023-07-31,C0111,Tablet,Electronics,1,18000,14000.0,500,East
10987,2023-08-13,C0129,Laptop,Electronics,1,60000,48000.0,2000,North
10988,2023-01-20,C0706,Tablet,Electronics,1,18000,14000.0,5000,East
10989,2023-04-23,C0326,Mobile,Electronics,1,22000,18000.0,0,East
10990,2023-05-20,C0008,Table,Furniture,1,9000,6500.0,1000,West
10991,2023-02-16,C0029,Tablet,Electronics,3,18000,14000.0,5000,West
10992,2023-01-01,C0112,Laptop,Electronics,3,60000,48000.0,500,South
10993,2023-03-31,C0673,Laptop,Electronics,1,60000,48000.0,500,East
10994,2023-05-22,C0131,Mobile,Electronics,1,22000,18000.0,2000,South
10995,2023-11-16,C0188,Laptop,Electronics,1,60000,48000.0,2000,West
10996,2023-02-07,C0675,Headphone,Electronics,1,2500,,5000,North
10997,2023-10-20,C0709,Table,Furniture,2,9000,6500.0,3000,West
10998,2023-05-19,C0475,Table,Furniture,2,9000,6500.0,3000,North
10999,2023-12-22,C0364,Table,Furniture,2,9000,6500.0,2000,North
11000,2023-11-29,C0204,Office Chair,Furniture,3,7000,4500.0,3000,South
11001,2023-09-16,C0212,Tablet,Electronics,1,18000,14000.0,0,East
11002,2023-06-10,C0621,Headphone,Electronics,2,2500,,5000,North
11003,2023-06-27,C0276,Tablet,Electronics,1,18000,14000.0,0,South
11004,2023-01-10,C0073,Headphone,Electronics,1,2500,,3000,West
11005,2023-09-18,C0679,Tablet,Electronics,3,18000,14000.0,2000,North
11006,2023-05-18,C0772,Mobile,Electronics,3,22000,18000.0,0,South
11007,2023-06-21,C0243,Laptop,Electronics,2,60000,48000.0,500,South
11008,2023-01-13,C0787,Laptop,Electronics,2,60000,48000.0,2000,South
11009,2023-06-17,C0102,Mobile,Electronics,3,22000,18000.0,5000,East
11010,2023-05-10,C0685,Headphone,Electronics,3,2500,,1000,South
11011,2023-03-25,C0171,Office Chair,Furniture,1,7000,4500.0,1000,West
11012,2023-11-17,C0653,Headphone,Electronics,1,2500,,2000,South
11013,2023-11-15,C0188,Laptop,Electronics,2,60000,48000.0,3000,West
11014,2023-04-11,C0441,Office Chair,Furniture,2,7000,4500.0,0,East
11015,2023-11-25,C0086,Tablet,Electronics,3,18000,14000.0,0,West
11016,2023-09-30,C0476,Office Chair,Furniture,2,7000,4500.0,2000,North
11017,2023-09-22,C0052,Headphone,Electronics,1,2500,,500,North
11018,2023-02-07,C0111,Mobile,Electronics,3,22000,18000.0,5000,South
11019,2023-04-04,C0043,Tablet,Electronics,1,18000,14000.0,3000,West
11020,2023-04-05,C0211,Headphone,Electronics,3,2500,,500,North
11021,2023-11-01,C0200,Tablet,Electronics,3,18000,14000.0,2000,West
11022,2023-03-10,C0752,Office Chair,Furniture,1,7000,4500.0,2000,North
11023,2023-11-14,C0627,Laptop,Electronics,2,60000,48000.0,500,North
11024,2023-08-24,C0026,Headphone,Electronics,2,2500,,1000,North
11025,2023-11-30,C0299,Mobile,Electronics,2,22000,18000.0,2000,South
11026,2023-05-17,C0077,Office Chair,Furniture,2,7000,4500.0,5000,West
11027,2023-03-17,C0137,Headphone,Electronics,1,2500,,3000,North
11028,2023-02-04,C0020,Mobile,Electronics,3,22000,18000.0,500,South
11029,2023-01-01,C0440,Headphone,Electronics,1,2500,,1000,North
11030,2023-10-23,C0211,Office Chair,Furniture,2,7000,4500.0,500,East
11031,2023-11-16,C0752,Headphone,Electronics,2,2500,,1000,North
11032,2023-03-01,C0551,Tablet,Electronics,1,18000,14000.0,1000,South
11033,2023-11-16,C0435,Office Chair,Furniture,3,7000,4500.0,5000,East
11034,2023-12-15,C0780,Headphone,Electronics,1,2500,,3000,South
11035,2023-11-24,C0207,Laptop,Electronics,1,60000,48000.0,2000,North
11036,2023-09-24,C0439,Headphone,Electronics,1,2500,,1000,North
11037,2023-12-27,C0779,Tablet,Electronics,3,18000,14000.0,2000,East
11038,2023-08-17,C0666,Mobile,Electronics,1,22000,18000.0,3000,West
11039,2023-09-27,C0042,Mobile,Electronics,1,22000,18000.0,2000,West
11040,2023-11-12,C0411,Mobile,Electronics,2,22000,18000.0,5000,West
11041,2023-10-13,C0523,Laptop,Electronics,1,60000,48000.0,5000,West
11042,2023-10-18,C0610,Tablet,Electronics,2,18000,14000.0,0,South
11043,2023-08-01,C0427,Office Chair,Furniture,2,7000,4500.0,5000,South
11044,2023-06-14,C0275,Mobile,Electronics,2,22000,18000.0,1000,North
11045,2023-01-05,C0448,Tablet,Electronics,3,18000,14000.0,3000,South
11046,2023-12-05,C0742,Headphone,Electronics,2,2500,,5000,East
11047,2023-03-19,C0369,Laptop,Electronics,1,60000,48000.0,500,West
11048,2023-03-03,C0220,Tablet,Electronics,1,18000,14000.0,3000,North
11049,2023-05-12,C0577,Tablet,Electronics,2,18000,14000.0,1000,South
11050,2023-03-30,C0232,Office Chair,Furniture,2,7000,4500.0,3000,East
11051,2023-08-25,C0328,Tablet,Electronics,1,18000,14000.0,5000,South
11052,2023-02-11,C0443,Office Chair,Furniture,2,7000,4500.0,500,North
11053,2023-03-30,C0052,Laptop,Electronics,3,60000,48000.0,0,East
11054,2023-10-23,C0376,Laptop,Electronics,2,60000,48000.0,1000,North
11055,2023-11-24,C0263,Headphone,Electronics,3,2500,,1000,West
11056,2023-10-22,C0267,Office Chair,Furniture,3,7000,4500.0,3000,West
11057,2023-04-14,C0359,Office Chair,Furniture,3,7000,4500.0,2000,South
11058,2023-01-14,C0317,Mobile,Electronics,2,22000,18000.0,2000,South
11059,2023-10-15,C0324,Mobile,Electronics,3,22000,18000.0,500,East
11060,2023-06-28,C0666,Headphone,Electronics,3,2500,,0,South
11061,2023-05-05,C0652,Laptop,Electronics,2,60000,48000.0,0,North
11062,2023-12-19,C0563,Table,Furniture,3,9000,6500.0,3000,West
11063,2023-01-23,C0629,Mobile,Electronics,2,22000,18000.0,3000,South
11064,2023-03-04,C0421,Tablet,Electronics,1,18000,14000.0,2000,North
11065,2023-05-23,C0046,Laptop,Electronics,3,60000,48000.0,5000,South
11066,2023-06-02,C0600,Table,Furniture,2,9000,6500.0,0,North
11067,2023-05-25,C0720,Tablet,Electronics,1,18000,14000.0,5000,North
11068,2023-08-13,C0269,Office Chair,Furniture,3,7000,4500.0,0,South
11069,2023-11-05,C0601,Laptop,Electronics,3,60000,48000.0,5000,South
11070,2023-04-14,C0381,Headphone,Electronics,2,2500,,5000,South
11071,2023-04-14,C0118,Office Chair,Furniture,1,7000,4500.0,0,West
11072,2023-02-08,C0566,Office Chair,Furniture,2,7000,4500.0,500,West
11073,2023-07-17,C0116,Tablet,Electronics,3,18000,14000.0,500,North
11074,2023-05-14,C0630,Office Chair,Furniture,3,7000,4500.0,3000,North
11075,2023-03-08,C0260,Mobile,Electronics,3,22000,18000.0,5000,East
11076,2023-06-28,C0075,Laptop,Electronics,3,60000,48000.0,5000,East
11077,2023-02-11,C0480,Mobile,Electronics,1,22000,18000.0,5000,West
11078,2023-01-15,C0305,Tablet,Electronics,1,18000,14000.0,5000,East
11079,2023-04-21,C0007,Table,Furniture,2,9000,6500.0,5000,North
11080,2023-06-06,C0366,Tablet,Electronics,2,18000,14000.0,2000,South
11081,2023-10-16,C0634,Laptop,Electronics,2,60000,48000.0,1000,West
11082,2023-08-19,C0523,Office Chair,Furniture,3,7000,4500.0,5000,West
11083,2023-06-06,C0348,Headphone,Electronics,2,2500,,2000,North
11084,2023-02-07,C0438,Tablet,Electronics,1,18000,14000.0,500,South
11085,2023-04-07,C0215,Laptop,Electronics,2,60000,48000.0,5000,North
11086,2023-10-16,C0429,Headphone,Electronics,2,2500,,500,South
11087,2023-09-11,C0791,Office Chair,Furniture,1,7000,4500.0,3000,North
11088,2023-07-15,C0498,Table,Furniture,1,9000,6500.0,1000,West
11089,2023-03-27,C0540,Tablet,Electronics,3,18000,14000.0,0,East
11090,2023-11-18,C0747,Table,Furniture,1,9000,6500.0,1000,West
11091,2023-01-10,C0367,Laptop,Electronics,1,60000,48000.0,5000,West
11092,2023-01-05,C0313,Table,Furniture,2,9000,6500.0,5000,North
11093,2023-05-03,C0538,Table,Furniture,1,9000,6500.0,1000,East
11094,2023-11-26,C0054,Laptop,Electronics,3,60000,48000.0,1000,West
11095,2023-12-19,C0541,Laptop,Electronics,2,60000,48000.0,3000,South
11096,2023-04-28,C0467,Tablet,Electronics,3,18000,14000.0,500,East
11097,2023-10-21,C0164,Table,Furniture,1,9000,6500.0,0,South
11098,2023-06-08,C0782,Headphone,Electronics,3,2500,,1000,East
11099,2023-10-30,C0334,Laptop,Electronics,3,60000,48000.0,0,South
11100,2023-08-16,C0547,Office Chair,Furniture,1,7000,4500.0,1000,South
11101,2023-12-31,C0798,Table,Furniture,1,9000,6500.0,500,North
11102,2023-08-04,C0348,Laptop,Electronics,2,60000,48000.0,0,North
11103,2023-07-03,C0273,Headphone,Electronics,2,2500,,2000,North
11104,2023-01-15,C0720,Tablet,Electronics,2,18000,14000.0,500,North
11105,2023-06-06,C0750,Table,Furniture,1,9000,6500.0,0,South
11106,2023-05-16,C0414,Laptop,Electronics,3,60000,48000.0,1000,North
11107,2023-09-18,C0500,Laptop,Electronics,3,60000,48000.0,1000,North
11108,2023-06-06,C0093,Office Chair,Furniture,2,7000,4500.0,500,East
11109,2023-02-16,C0685,Office Chair,Furniture,2,7000,4500.0,500,East
11110,2023-11-20,C0079,Table,Furniture,1,9000,6500.0,1000,East
11111,2023-11-28,C0622,Laptop,Electronics,3,60000,48000.0,0,West
11112,2023-06-22,C0217,Table,Furniture,2,9000,6500.0,2000,North
11113,2023-05-10,C0358,Laptop,Electronics,1,60000,48000.0,3000,North
11114,2023-04-05,C0618,Office Chair,Furniture,2,7000,4500.0,500,South
11115,2023-04-25,C0507,Headphone,Electronics,1,2500,,1000,West
11116,2023-08-31,C0559,Mobile,Electronics,3,22000,18000.0,0,East
11117,2023-10-19,C0181,Mobile,Electronics,1,22000,18000.0,500,South
11118,2023-10-09,C0576,Laptop,Electronics,2,60000,48000.0,0,North
11119,2023-10-26,C0246,Office Chair,Furniture,2,7000,4500.0,500,East
11120,2023-10-10,C0244,Tablet,Electronics,3,18000,14000.0,1000,North
11121,2023-03-10,C0506,Tablet,Electronics,3,18000,14000.0,0,South
11122,2023-05-28,C0422,Mobile,Electronics,2,22000,18000.0,1000,West
11123,2023-01-11,C0320,Headphone,Electronics,2,2500,,0,South
11124,2023-09-11,C0087,Mobile,Electronics,2,22000,18000.0,500,West
11125,2023-11-26,C0217,Laptop,Electronics,3,60000,48000.0,3000,South
11126,2023-12-26,C0490,Headphone,Electronics,2,2500,,3000,East
11127,2023-02-07,C0519,Tablet,Electronics,3,18000,14000.0,2000,West
11128,2023-05-14,C0278,Office Chair,Furniture,2,7000,4500.0,2000,South
11129,2023-07-19,C0722,Office Chair,Furniture,1,7000,4500.0,5000,East
11130,2023-01-23,C0169,Laptop,Electronics,1,60000,48000.0,1000,East
11131,2023-10-30,C0330,Mobile,Electronics,2,22000,18000.0,0,West
11132,2023-12-12,C0650,Laptop,Electronics,1,60000,48000.0,2000,North
11133,2023-10-29,C0441,Office Chair,Furniture,3,7000,4500.0,500,South
11134,2023-12-29,C0391,Tablet,Electronics,1,18000,14000.0,3000,South
11135,2023-08-06,C0496,Office Chair,Furniture,1,7000,4500.0,0,West
11136,2023-05-21,C0381,Headphone,Electronics,3,2500,,5000,West
11137,2023-04-14,C0306,Table,Furniture,1,9000,6500.0,3000,North
11138,2023-07-29,C0742,Office Chair,Furniture,1,7000,4500.0,0,North
11139,2023-04-21,C0673,Office Chair,Furniture,2,7000,4500.0,2000,West
11140,2023-04-14,C0513,Table,Furniture,3,9000,6500.0,2000,North
11141,2023-11-12,C0748,Headphone,Electronics,3,2500,,1000,North
11142,2023-06-20,C0188,Mobile,Electronics,2,22000,18000.0,5000,North
11143,2023-12-22,C0516,Office Chair,Furniture,2,7000,4500.0,0,North
11144,2023-11-20,C0644,Laptop,Electronics,1,60000,48000.0,5000,East
11145,2023-05-13,C0427,Office Chair,Furniture,1,7000,4500.0,500,South
11146,2023-10-20,C0502,Laptop,Electronics,1,60000,48000.0,5000,South
11147,2023-11-24,C0730,Headphone,Electronics,2,2500,,2000,West
11148,2023-05-07,C0260,Office Chair,Furniture,3,7000,4500.0,1000,North
11149,2023-04-16,C0513,Headphone,Electronics,1,2500,,2000,North
11150,2023-04-02,C0071,Headphone,Electronics,2,2500,,3000,West
11151,2023-10-14,C0478,Mobile,Electronics,3,22000,18000.0,2000,East
11152,2023-02-20,C0178,Office Chair,Furniture,2,7000,4500.0,0,North
11153,2023-01-29,C0457,Laptop,Electronics,1,60000,48000.0,1000,South
11154,2023-10-23,C0189,Laptop,Electronics,2,60000,48000.0,0,South
11155,2023-10-24,C0291,Office Chair,Furniture,2,7000,4500.0,500,East
11156,2023-08-02,C0520,Table,Furniture,2,9000,6500.0,500,North
11157,2023-09-24,C0765,Mobile,Electronics,2,22000,18000.0,2000,South
11158,2023-09-14,C0292,Mobile,Electronics,3,22000,18000.0,1000,North
11159,2023-10-29,C0756,Mobile,Electronics,1,22000,18000.0,5000,West
11160,2023-04-11,C0635,Laptop,Electronics,3,60000,48000.0,1000,South
11161,2023-12-12,C0283,Headphone,Electronics,2,2500,,1000,South
11162,2023-04-20,C0544,Table,Furniture,2,9000,6500.0,1000,North
11163,2023-07-01,C0377,Mobile,Electronics,1,22000,18000.0,2000,North
11164,2023-11-09,C0658,Laptop,Electronics,1,60000,48000.0,0,East
11165,2023-01-01,C0156,Laptop,Electronics,3,60000,48000.0,2000,East
11166,2023-11-15,C0508,Headphone,Electronics,3,2500,,5000,East
11167,2023-02-24,C0413,Office Chair,Furniture,1,7000,4500.0,0,East
11168,2023-05-29,C0528,Office Chair,Furniture,3,7000,4500.0,5000,North
11169,2023-11-05,C0355,Mobile,Electronics,2,22000,18000.0,3000,East
11170,2023-05-17,C0559,Mobile,Electronics,2,22000,18000.0,3000,North
11171,2023-07-21,C0763,Table,Furniture,1,9000,6500.0,0,North
11172,2023-11-09,C0187,Headphone,Electronics,3,2500,,2000,East
11173,2023-04-27,C0031,Mobile,Electronics,2,22000,18000.0,5000,West
11174,2023-06-03,C0260,Headphone,Electronics,1,2500,,5000,East
11175,2023-10-18,C0421,Laptop,Electronics,3,60000,48000.0,500,West
11176,2023-03-04,C0529,Mobile,Electronics,2,22000,18000.0,5000,West
11177,2023-09-01,C0551,Laptop,Electronics,3,60000,48000.0,2000,North
11178,2023-01-25,C0304,Tablet,Electronics,3,18000,14000.0,500,West
11179,2023-03-31,C0039,Headphone,Electronics,3,2500,,2000,East
11180,2023-03-16,C0489,Tablet,Electronics,1,18000,14000.0,1000,West
11181,2023-10-21,C0644,Mobile,Electronics,2,22000,18000.0,5000,East
11182,2023-07-29,C0542,Laptop,Electronics,1,60000,48000.0,1000,South
11183,2023-12-13,C0670,Mobile,Electronics,2,22000,18000.0,3000,East
11184,2023-01-17,C0278,Tablet,Electronics,2,18000,14000.0,3000,South
11185,2023-05-08,C0203,Mobile,Electronics,1,22000,18000.0,0,West
11186,2023-12-30,C0066,Table,Furniture,1,9000,6500.0,5000,North
11187,2023-09-08,C0108,Office Chair,Furniture,2,7000,4500.0,500,South
11188,2023-06-28,C0268,Tablet,Electronics,2,18000,14000.0,1000,North
11189,2023-07-01,C0222,Mobile,Electronics,2,22000,18000.0,2000,North
11190,2023-06-01,C0530,Laptop,Electronics,3,60000,48000.0,5000,North
11191,2023-01-25,C0090,Mobile,Electronics,2,22000,18000.0,0,North
11192,2023-06-29,C0693,Laptop,Electronics,1,60000,48000.0,2000,South
11193,2023-07-17,C0255,Office Chair,Furniture,1,7000,4500.0,1000,South
11194,2023-12-10,C0455,Mobile,Electronics,1,22000,18000.0,5000,North
11195,2023-06-10,C0253,Office Chair,Furniture,2,7000,4500.0,1000,North
11196,2023-06-26,C0257,Tablet,Electronics,2,18000,14000.0,5000,West
11197,2023-10-12,C0383,Laptop,Electronics,3,60000,48000.0,5000,North
11198,2023-03-04,C0442,Table,Furniture,3,9000,6500.0,1000,South
11199,2023-05-30,C0599,Tablet,Electronics,1,18000,14000.0,1000,North
11200,2023-06-03,C0090,Laptop,Electronics,3,60000,48000.0,2000,North
11201,2023-06-05,C0749,Office Chair,Furniture,3,7000,4500.0,0,East
11202,2023-02-18,C0390,Headphone,Electronics,1,2500,,1000,South
11203,2023-12-03,C0582,Mobile,Electronics,2,22000,18000.0,3000,South
11204,2023-03-25,C0044,Office Chair,Furniture,3,7000,4500.0,0,North
11205,2023-12-27,C0712,Laptop,Electronics,2,60000,48000.0,3000,East
11206,2023-06-26,C0664,Laptop,Electronics,1,60000,48000.0,2000,East
11207,2023-05-28,C0598,Laptop,Electronics,1,60000,48000.0,1000,North
11208,2023-04-28,C0019,Laptop,Electronics,3,60000,48000.0,0,North
11209,2023-12-08,C0101,Mobile,Electronics,1,22000,18000.0,1000,North
11210,2023-03-04,C0607,Tablet,Electronics,1,18000,14000.0,5000,East
11211,2023-07-08,C0766,Table,Furniture,1,9000,6500.0,1000,North
11212,2023-12-26,C0357,Headphone,Electronics,3,2500,,0,South
11213,2023-02-18,C0542,Mobile,Electronics,3,22000,18000.0,1000,North
11214,2023-11-23,C0761,Laptop,Electronics,3,60000,48000.0,1000,North
11215,2023-09-14,C0033,Mobile,Electronics,1,22000,18000.0,500,North
11216,2023-08-12,C0229,Office Chair,Furniture,2,7000,4500.0,500,South
11217,2023-05-21,C0524,Table,Furniture,1,9000,6500.0,0,North
11218,2023-08-03,C0630,Laptop,Electronics,3,60000,48000.0,0,South
11219,2023-07-30,C0155,Headphone,Electronics,2,2500,,5000,South
11220,2023-11-14,C0423,Laptop,Electronics,2,60000,48000.0,5000,South
11221,2023-02-01,C0246,Table,Furniture,3,9000,6500.0,1000,East
11222,2023-06-07,C0405,Headphone,Electronics,2,2500,,3000,East
11223,2023-10-12,C0759,Table,Furniture,2,9000,6500.0,0,East
11224,2023-11-01,C0541,Headphone,Electronics,3,2500,,1000,West
11225,2023-10-13,C0161,Tablet,Electronics,2,18000,14000.0,3000,North
11226,2023-05-24,C0747,Tablet,Electronics,2,18000,14000.0,500,North
11227,2023-01-19,C0702,Mobile,Electronics,3,22000,18000.0,5000,East
11228,2023-01-18,C0117,Mobile,Electronics,2,22000,18000.0,0,South
11229,2023-09-14,C0271,Headphone,Electronics,2,2500,,1000,South
11230,2023-03-19,C0770,Laptop,Electronics,2,60000,48000.0,500,North
11231,2023-06-24,C0692,Office Chair,Furniture,2,7000,4500.0,2000,South
11232,2023-07-13,C0487,Office Chair,Furniture,3,7000,4500.0,500,West
11233,2023-04-23,C0172,Laptop,Electronics,1,60000,48000.0,1000,South
11234,2023-04-24,C0274,Laptop,Electronics,1,60000,48000.0,5000,West
11235,2023-08-10,C0259,Tablet,Electronics,2,18000,14000.0,3000,South
11236,2023-06-15,C0135,Office Chair,Furniture,3,7000,4500.0,2000,North
11237,2023-11-15,C0683,Headphone,Electronics,3,2500,,2000,South
11238,2023-05-12,C0722,Table,Furniture,2,9000,6500.0,5000,South
11239,2023-09-21,C0748,Mobile,Electronics,1,22000,18000.0,2000,East
11240,2023-02-24,C0422,Table,Furniture,2,9000,6500.0,0,South
11241,2023-12-25,C0421,Tablet,Electronics,3,18000,14000.0,1000,South
11242,2023-05-11,C0186,Office Chair,Furniture,3,7000,4500.0,2000,North
11243,2023-10-15,C0364,Laptop,Electronics,1,60000,48000.0,500,North
11244,2023-09-23,C0607,Office Chair,Furniture,3,7000,4500.0,3000,South
11245,2023-06-11,C0378,Headphone,Electronics,3,2500,,1000,West
11246,2023-03-28,C0523,Tablet,Electronics,3,18000,14000.0,5000,North
11247,2023-02-24,C0580,Laptop,Electronics,1,60000,48000.0,500,West
11248,2023-10-15,C0722,Table,Furniture,3,9000,6500.0,0,South
11249,2023-06-27,C0196,Headphone,Electronics,2,2500,,2000,North
11250,2023-12-15,C0098,Table,Furniture,1,9000,6500.0,500,North
11251,2023-01-08,C0605,Mobile,Electronics,2,22000,18000.0,1000,North
11252,2023-11-17,C0022,Tablet,Electronics,2,18000,14000.0,500,West
11253,2023-11-09,C0450,Headphone,Electronics,1,2500,,0,East
11254,2023-09-04,C0172,Headphone,Electronics,2,2500,,3000,West
11255,2023-11-19,C0383,Table,Furniture,1,9000,6500.0,2000,West
11256,2023-09-12,C0134,Laptop,Electronics,2,60000,48000.0,1000,South
11257,2023-11-24,C0426,Mobile,Electronics,1,22000,18000.0,2000,East
11258,2023-02-23,C0025,Table,Furniture,3,9000,6500.0,2000,East
11259,2023-09-06,C0503,Headphone,Electronics,3,2500,,5000,East
11260,2023-08-27,C0185,Tablet,Electronics,2,18000,14000.0,2000,North
11261,2023-08-17,C0085,Headphone,Electronics,3,2500,,500,South
11262,2023-03-08,C0567,Office Chair,Furniture,1,7000,4500.0,500,South
11263,2023-02-20,C0763,Tablet,Electronics,2,18000,14000.0,3000,North
11264,2023-04-07,C0144,Tablet,Electronics,3,18000,14000.0,0,South
11265,2023-04-02,C0679,Headphone,Electronics,3,2500,,1000,West
11266,2023-09-21,C0412,Laptop,Electronics,2,60000,48000.0,500,South
11267,2023-10-18,C0224,Tablet,Electronics,3,18000,14000.0,2000,South
11268,2023-04-06,C0220,Office Chair,Furniture,3,7000,4500.0,0,North
11269,2023-03-29,C0179,Table,Furniture,2,9000,6500.0,1000,East
11270,2023-03-19,C0631,Laptop,Electronics,3,60000,48000.0,1000,South
11271,2023-10-15,C0433,Laptop,Electronics,3,60000,48000.0,1000,West
11272,2023-04-30,C0265,Laptop,Electronics,3,60000,48000.0,1000,West
11273,2023-10-29,C0429,Tablet,Electronics,3,18000,14000.0,3000,West
11274,2023-06-14,C0662,Laptop,Electronics,2,60000,48000.0,1000,North
11275,2023-07-01,C0416,Headphone,Electronics,1,2500,,0,South
11276,2023-08-11,C0453,Laptop,Electronics,1,60000,48000.0,500,West
11277,2023-11-07,C0727,Office Chair,Furniture,3,7000,4500.0,0,West
11278,2023-01-07,C0197,Mobile,Electronics,3,22000,18000.0,2000,West
11279,2023-11-26,C0554,Office Chair,Furniture,1,7000,4500.0,5000,South
11280,2023-09-20,C0053,Tablet,Electronics,3,18000,14000.0,3000,South
11281,2023-06-10,C0480,Laptop,Electronics,1,60000,48000.0,3000,North
11282,2023-05-31,C0443,Laptop,Electronics,2,60000,48000.0,2000,West
11283,2023-03-26,C0330,Headphone,Electronics,2,2500,,0,East
11284,2023-05-27,C0251,Table,Furniture,2,9000,6500.0,0,North
11285,2023-04-22,C0783,Laptop,Electronics,2,60000,48000.0,2000,North
11286,2023-02-05,C0123,Office Chair,Furniture,2,7000,4500.0,5000,South
11287,2023-10-12,C0387,Tablet,Electronics,2,18000,14000.0,1000,East
11288,2023-07-07,C0339,Mobile,Electronics,1,22000,18000.0,1000,North
11289,2023-03-23,C0778,Laptop,Electronics,3,60000,48000.0,500,North
11290,2023-01-02,C0348,Mobile,Electronics,1,22000,18000.0,0,North
11291,2023-10-30,C0029,Laptop,Electronics,2,60000,48000.0,0,North
11292,2023-07-16,C0035,Tablet,Electronics,3,18000,14000.0,2000,West
11293,2023-01-11,C0518,Table,Furniture,3,9000,6500.0,2000,East
11294,2023-08-22,C0396,Office Chair,Furniture,2,7000,4500.0,1000,East
11295,2023-07-14,C0623,Tablet,Electronics,2,18000,14000.0,0,East
11296,2023-04-29,C0294,Mobile,Electronics,2,22000,18000.0,0,South
11297,2023-01-20,C0589,Laptop,Electronics,2,60000,48000.0,3000,East
11298,2023-09-18,C0349,Mobile,Electronics,2,22000,18000.0,500,West
11299,2023-10-20,C0147,Office Chair,Furniture,2,7000,4500.0,500,East
11300,2023-09-13,C0067,Tablet,Electronics,3,18000,14000.0,1000,South
11301,2023-08-10,C0520,Mobile,Electronics,2,22000,18000.0,5000,East
11302,2023-08-14,C0122,Mobile,Electronics,2,22000,18000.0,0,West
11303,2023-02-22,C0340,Office Chair,Furniture,3,7000,4500.0,3000,North
11304,2023-12-21,C0175,Laptop,Electronics,1,60000,48000.0,0,North
11305,2023-12-08,C0691,Mobile,Electronics,2,22000,18000.0,2000,West
11306,2023-12-30,C0597,Office Chair,Furniture,3,7000,4500.0,1000,West
11307,2023-10-07,C0451,Laptop,Electronics,3,60000,48000.0,5000,South
11308,2023-03-22,C0557,Table,Furniture,1,9000,6500.0,500,South
11309,2023-07-21,C0136,Laptop,Electronics,2,60000,48000.0,0,North
11310,2023-06-07,C0016,Table,Furniture,2,9000,6500.0,5000,South
11311,2023-04-30,C0333,Tablet,Electronics,2,18000,14000.0,1000,West
11312,2023-02-28,C0195,Office Chair,Furniture,3,7000,4500.0,500,North
11313,2023-08-03,C0496,Laptop,Electronics,2,60000,48000.0,0,South
11314,2023-05-08,C0009,Table,Furniture,2,9000,6500.0,3000,West
11315,2023-08-12,C0334,Table,Furniture,2,9000,6500.0,1000,South
11316,2023-07-28,C0333,Tablet,Electronics,2,18000,14000.0,0,East
11317,2023-04-25,C0327,Headphone,Electronics,1,2500,,500,South
11318,2023-07-28,C0015,Office Chair,Furniture,1,7000,4500.0,500,West
11319,2023-01-14,C0614,Headphone,Electronics,1,2500,,3000,West
11320,2023-01-09,C0226,Laptop,Electronics,2,60000,48000.0,1000,South
11321,2023-02-09,C0425,Office Chair,Furniture,2,7000,4500.0,1000,West
11322,2023-08-25,C0790,Tablet,Electronics,3,18000,14000.0,5000,West
11323,2023-10-08,C0408,Laptop,Electronics,3,60000,48000.0,0,West
11324,2023-12-25,C0113,Office Chair,Furniture,3,7000,4500.0,5000,South
11325,2023-07-20,C0428,Office Chair,Furniture,2,7000,4500.0,500,South
11326,2023-09-03,C0001,Headphone,Electronics,1,2500,,500,South
11327,2023-10-05,C0266,Laptop,Electronics,1,60000,48000.0,3000,South
11328,2023-08-23,C0491,Tablet,Electronics,1,18000,14000.0,3000,South
11329,2023-01-04,C0208,Tablet,Electronics,2,18000,14000.0,1000,North
11330,2023-06-03,C0622,Laptop,Electronics,1,60000,48000.0,5000,East
11331,2023-01-29,C0712,Laptop,Electronics,3,60000,48000.0,500,South
11332,2023-04-19,C0369,Table,Furniture,3,9000,6500.0,0,West
11333,2023-04-08,C0306,Mobile,Electronics,1,22000,18000.0,2000,West
11334,2023-08-03,C0012,Headphone,Electronics,3,2500,,0,South
11335,2023-10-20,C0345,Laptop,Electronics,1,60000,48000.0,3000,South
11336,2023-03-16,C0465,Laptop,Electronics,1,60000,48000.0,0,East
11337,2023-11-22,C0700,Mobile,Electronics,3,22000,18000.0,500,North
11338,2023-05-26,C0666,Mobile,Electronics,3,22000,18000.0,5000,North
11339,2023-05-08,C0494,Office Chair,Furniture,3,7000,4500.0,1000,West
11340,2023-12-07,C0368,Tablet,Electronics,3,18000,14000.0,5000,North
11341,2023-02-11,C0420,Headphone,Electronics,1,2500,,2000,West
11342,2023-12-22,C0791,Office Chair,Furniture,3,7000,4500.0,1000,West
11343,2023-02-10,C0171,Laptop,Electronics,3,60000,48000.0,2000,South
11344,2023-02-03,C0134,Mobile,Electronics,2,22000,18000.0,2000,West
11345,2023-01-17,C0427,Table,Furniture,3,9000,6500.0,500,South
11346,2023-06-14,C0025,Tablet,Electronics,3,18000,14000.0,500,West
11347,2023-06-02,C0530,Office Chair,Furniture,1,7000,4500.0,3000,West
11348,2023-03-17,C0190,Table,Furniture,1,9000,6500.0,3000,North
11349,2023-03-28,C0141,Tablet,Electronics,2,18000,14000.0,2000,South
11350,2023-04-27,C0555,Table,Furniture,3,9000,6500.0,5000,East
11351,2023-12-28,C0796,Mobile,Electronics,3,22000,18000.0,3000,North
11352,2023-12-08,C0658,Office Chair,Furniture,3,7000,4500.0,500,West
11353,2023-01-27,C0315,Office Chair,Furniture,3,7000,4500.0,3000,South
11354,2023-11-09,C0444,Tablet,Electronics,3,18000,14000.0,2000,South
11355,2023-10-14,C0319,Table,Furniture,3,9000,6500.0,1000,North
11356,2023-05-14,C0441,Mobile,Electronics,2,22000,18000.0,5000,East
11357,2023-08-07,C0092,Laptop,Electronics,3,60000,48000.0,5000,West
11358,2023-06-17,C0179,Office Chair,Furniture,3,7000,4500.0,0,South
11359,2023-04-08,C0056,Laptop,Electronics,3,60000,48000.0,3000,East
11360,2023-09-25,C0155,Mobile,Electronics,2,22000,18000.0,5000,East
11361,2023-08-25,C0672,Office Chair,Furniture,3,7000,4500.0,500,North
11362,2023-11-05,C0111,Office Chair,Furniture,2,7000,4500.0,1000,South
11363,2023-06-22,C0137,Table,Furniture,1,9000,6500.0,500,North
11364,2023-07-09,C0232,Laptop,Electronics,3,60000,48000.0,3000,North
11365,2023-05-02,C0468,Table,Furniture,2,9000,6500.0,2000,North
11366,2023-02-15,C0732,Headphone,Electronics,1,2500,,0,West
11367,2023-03-05,C0481,Laptop,Electronics,2,60000,48000.0,0,West
11368,2023-05-10,C0068,Laptop,Electronics,2,60000,48000.0,1000,North
11369,2023-11-06,C0249,Headphone,Electronics,1,2500,,5000,South
11370,2023-12-29,C0323,Mobile,Electronics,3,22000,18000.0,5000,North
11371,2023-07-12,C0518,Mobile,Electronics,3,22000,18000.0,5000,West
11372,2023-11-03,C0792,Office Chair,Furniture,2,7000,4500.0,0,South
11373,2023-06-30,C0432,Tablet,Electronics,1,18000,14000.0,2000,East
11374,2023-10-19,C0487,Table,Furniture,3,9000,6500.0,5000,South
11375,2023-10-09,C0606,Tablet,Electronics,2,18000,14000.0,500,East
11376,2023-01-29,C0429,Office Chair,Furniture,1,7000,4500.0,5000,South
11377,2023-05-29,C0269,Tablet,Electronics,2,18000,14000.0,2000,North
11378,2023-09-24,C0709,Laptop,Electronics,1,60000,48000.0,1000,North
11379,2023-10-23,C0537,Laptop,Electronics,3,60000,48000.0,1000,South
11380,2023-01-11,C0148,Headphone,Electronics,3,2500,,0,West
11381,2023-06-13,C0118,Headphone,Electronics,2,2500,,2000,South
11382,2023-04-23,C0367,Office Chair,Furniture,3,7000,4500.0,500,North
11383,2023-07-06,C0066,Office Chair,Furniture,3,7000,4500.0,2000,West
11384,2023-10-22,C0370,Office Chair,Furniture,1,7000,4500.0,500,North
11385,2023-08-20,C0175,Laptop,Electronics,3,60000,48000.0,500,North
11386,2023-08-15,C0588,Tablet,Electronics,1,18000,14000.0,2000,West
11387,2023-11-06,C0495,Table,Furniture,1,9000,6500.0,3000,East
11388,2023-04-08,C0114,Office Chair,Furniture,2,7000,4500.0,2000,South
11389,2023-02-24,C0111,Office Chair,Furniture,1,7000,4500.0,500,East
11390,2023-04-21,C0761,Laptop,Electronics,3,60000,48000.0,5000,East
11391,2023-06-01,C0439,Table,Furniture,1,9000,6500.0,1000,North
11392,2023-09-03,C0715,Laptop,Electronics,1,60000,48000.0,1000,East
11393,2023-03-10,C0147,Table,Furniture,2,9000,6500.0,0,East
11394,2023-11-08,C0035,Laptop,Electronics,3,60000,48000.0,1000,West
11395,2023-10-16,C0309,Tablet,Electronics,3,18000,14000.0,3000,West
11396,2023-09-07,C0538,Office Chair,Furniture,3,7000,4500.0,500,South
11397,2023-02-05,C0750,Mobile,Electronics,1,22000,18000.0,2000,South
11398,2023-08-27,C0014,Mobile,Electronics,3,22000,18000.0,2000,North
11399,2023-05-28,C0374,Office Chair,Furniture,3,7000,4500.0,3000,North
11400,2023-08-15,C0557,Office Chair,Furniture,1,7000,4500.0,1000,South
11401,2023-09-01,C0428,Office Chair,Furniture,2,7000,4500.0,500,East
11402,2023-12-03,C0728,Office Chair,Furniture,2,7000,4500.0,1000,South
11403,2023-12-31,C0233,Table,Furniture,1,9000,6500.0,0,South
11404,2023-07-20,C0705,Tablet,Electronics,2,18000,14000.0,1000,West
11405,2023-06-03,C0563,Mobile,Electronics,2,22000,18000.0,0,East
11406,2023-03-14,C0726,Headphone,Electronics,2,2500,,2000,East
11407,2023-07-20,C0663,Mobile,Electronics,3,22000,18000.0,500,North
11408,2023-10-23,C0440,Mobile,Electronics,2,22000,18000.0,5000,East
11409,2023-01-17,C0502,Laptop,Electronics,3,60000,48000.0,0,West
11410,2023-05-09,C0275,Office Chair,Furniture,2,7000,4500.0,1000,North
11411,2023-08-05,C0076,Office Chair,Furniture,3,7000,4500.0,1000,South
11412,2023-03-02,C0439,Office Chair,Furniture,1,7000,4500.0,2000,West
11413,2023-04-14,C0732,Laptop,Electronics,1,60000,48000.0,3000,South
11414,2023-02-11,C0699,Tablet,Electronics,2,18000,14000.0,5000,South
11415,2023-01-25,C0289,Tablet,Electronics,3,18000,14000.0,3000,North
11416,2023-02-08,C0540,Headphone,Electronics,1,2500,,1000,South
11417,2023-10-18,C0692,Tablet,Electronics,1,18000,14000.0,3000,South
11418,2023-05-11,C0253,Tablet,Electronics,1,18000,14000.0,5000,North
11419,2023-08-17,C0126,Office Chair,Furniture,1,7000,4500.0,5000,South
11420,2023-04-18,C0177,Table,Furniture,2,9000,6500.0,500,North
11421,2023-06-21,C0037,Mobile,Electronics,3,22000,18000.0,3000,East
11422,2023-04-12,C0410,Tablet,Electronics,1,18000,14000.0,500,West
11423,2023-12-20,C0611,Tablet,Electronics,2,18000,14000.0,1000,South
11424,2023-01-12,C0610,Laptop,Electronics,1,60000,48000.0,1000,East
11425,2023-10-02,C0127,Headphone,Electronics,1,2500,,1000,South
11426,2023-04-11,C0483,Table,Furniture,1,9000,6500.0,2000,North
11427,2023-02-13,C0168,Laptop,Electronics,1,60000,48000.0,3000,West
11428,2023-11-01,C0592,Office Chair,Furniture,2,7000,4500.0,0,North
11429,2023-01-17,C0294,Mobile,Electronics,3,22000,18000.0,5000,North
11430,2023-11-26,C0638,Headphone,Electronics,2,2500,,0,South
11431,2023-02-26,C0343,Laptop,Electronics,2,60000,48000.0,1000,East
11432,2023-11-07,C0310,Tablet,Electronics,2,18000,14000.0,3000,South
11433,2023-10-30,C0662,Tablet,Electronics,1,18000,14000.0,500,North
11434,2023-01-12,C0528,Headphone,Electronics,3,2500,,0,West
11435,2023-11-14,C0540,Tablet,Electronics,1,18000,14000.0,1000,South
11436,2023-03-21,C0419,Laptop,Electronics,2,60000,48000.0,0,North
11437,2023-08-04,C0444,Laptop,Electronics,1,60000,48000.0,0,South
11438,2023-12-05,C0685,Tablet,Electronics,3,18000,14000.0,5000,North
11439,2023-09-21,C0558,Tablet,Electronics,3,18000,14000.0,0,South
11440,2023-05-29,C0236,Office Chair,Furniture,1,7000,4500.0,1000,East
11441,2023-03-22,C0439,Mobile,Electronics,2,22000,18000.0,5000,East
11442,2023-08-03,C0214,Headphone,Electronics,1,2500,,1000,North
11443,2023-07-17,C0085,Laptop,Electronics,2,60000,48000.0,2000,North
11444,2023-07-19,C0794,Headphone,Electronics,3,2500,,2000,North
11445,2023-01-25,C0744,Office Chair,Furniture,1,7000,4500.0,2000,North
11446,2023-03-30,C0085,Laptop,Electronics,3,60000,48000.0,0,North
11447,2023-09-25,C0489,Office Chair,Furniture,2,7000,4500.0,3000,South
11448,2023-05-23,C0065,Office Chair,Furniture,2,7000,4500.0,1000,North
11449,2023-02-28,C0646,Table,Furniture,1,9000,6500.0,2000,South
11450,2023-12-31,C0663,Tablet,Electronics,1,18000,14000.0,3000,South
11451,2023-01-26,C0627,Table,Furniture,1,9000,6500.0,2000,North
11452,2023-02-16,C0064,Headphone,Electronics,3,2500,,2000,South
11453,2023-10-15,C0343,Headphone,Electronics,2,2500,,3000,North
11454,2023-09-23,C0352,Tablet,Electronics,2,18000,14000.0,2000,East
11455,2023-01-16,C0158,Table,Furniture,3,9000,6500.0,0,South
11456,2023-07-18,C0589,Headphone,Electronics,1,2500,,0,North
11457,2023-10-09,C0491,Table,Furniture,1,9000,6500.0,5000,South
11458,2023-03-27,C0658,Tablet,Electronics,3,18000,14000.0,0,North
11459,2023-09-07,C0463,Laptop,Electronics,2,60000,48000.0,500,East
11460,2023-09-27,C0225,Office Chair,Furniture,2,7000,4500.0,5000,West
11461,2023-12-01,C0313,Office Chair,Furniture,2,7000,4500.0,2000,North
11462,2023-04-27,C0615,Table,Furniture,2,9000,6500.0,500,East
11463,2023-01-07,C0466,Headphone,Electronics,3,2500,,1000,North
11464,2023-05-17,C0088,Table,Furniture,2,9000,6500.0,3000,North
11465,2023-06-25,C0303,Table,Furniture,3,9000,6500.0,1000,North
11466,2023-11-24,C0680,Mobile,Electronics,1,22000,18000.0,500,West
11467,2023-11-11,C0435,Office Chair,Furniture,3,7000,4500.0,0,South
11468,2023-08-03,C0682,Tablet,Electronics,2,18000,14000.0,2000,West
11469,2023-03-23,C0135,Table,Furniture,1,9000,6500.0,5000,South
11470,2023-08-11,C0050,Mobile,Electronics,3,22000,18000.0,2000,North
11471,2023-04-13,C0432,Mobile,Electronics,3,22000,18000.0,0,East
11472,2023-09-30,C0340,Office Chair,Furniture,3,7000,4500.0,2000,West
11473,2023-01-14,C0347,Office Chair,Furniture,1,7000,4500.0,3000,West
11474,2023-06-08,C0646,Office Chair,Furniture,3,7000,4500.0,3000,East
11475,2023-06-01,C0347,Tablet,Electronics,2,18000,14000.0,3000,South
11476,2023-04-18,C0649,Mobile,Electronics,1,22000,18000.0,1000,North
11477,2023-07-07,C0245,Headphone,Electronics,1,2500,,0,North
11478,2023-10-28,C0109,Tablet,Electronics,3,18000,14000.0,3000,South
11479,2023-04-08,C0799,Laptop,Electronics,2,60000,48000.0,500,West
11480,2023-05-11,C0533,Table,Furniture,1,9000,6500.0,3000,East
11481,2023-10-20,C0090,Office Chair,Furniture,3,7000,4500.0,5000,West
11482,2023-06-20,C0296,Mobile,Electronics,2,22000,18000.0,1000,North
11483,2023-07-02,C0112,Table,Furniture,3,9000,6500.0,500,East
11484,2023-12-30,C0589,Tablet,Electronics,3,18000,14000.0,0,West
11485,2023-02-08,C0177,Laptop,Electronics,1,60000,48000.0,0,South
11486,2023-01-15,C0343,Tablet,Electronics,1,18000,14000.0,5000,South
11487,2023-01-04,C0660,Tablet,Electronics,3,18000,14000.0,3000,East
11488,2023-12-15,C0101,Headphone,Electronics,1,2500,,500,South
11489,2023-07-29,C0758,Table,Furniture,1,9000,6500.0,5000,West
11490,2023-06-10,C0629,Headphone,Electronics,2,2500,,500,South
11491,2023-01-16,C0604,Tablet,Electronics,2,18000,14000.0,3000,North
11492,2023-04-18,C0401,Laptop,Electronics,3,60000,48000.0,3000,South
11493,2023-11-07,C0028,Mobile,Electronics,3,22000,18000.0,2000,North
11494,2023-08-15,C0537,Mobile,Electronics,3,22000,18000.0,2000,South
11495,2023-06-19,C0058,Table,Furniture,3,9000,6500.0,3000,North
11496,2023-02-03,C0498,Office Chair,Furniture,2,7000,4500.0,1000,West
11497,2023-09-08,C0297,Office Chair,Furniture,1,7000,4500.0,5000,West
11498,2023-09-04,C0134,Mobile,Electronics,2,22000,18000.0,2000,North
11499,2023-09-26,C0331,Tablet,Electronics,3,18000,14000.0,3000,North
11500,2023-05-21,C0249,Tablet,Electronics,3,18000,14000.0,500,South
11501,2023-10-01,C0550,Headphone,Electronics,2,2500,,5000,East
11502,2023-04-06,C0075,Table,Furniture,2,9000,6500.0,2000,North
11503,2023-08-15,C0654,Headphone,Electronics,3,2500,,1000,North
11504,2023-02-08,C0168,Office Chair,Furniture,1,7000,4500.0,5000,South
11505,2023-10-29,C0771,Mobile,Electronics,3,22000,18000.0,5000,East
11506,2023-01-29,C0503,Tablet,Electronics,2,18000,14000.0,0,North
11507,2023-11-14,C0355,Mobile,Electronics,3,22000,18000.0,500,East
11508,2023-09-02,C0225,Laptop,Electronics,3,60000,48000.0,1000,West
11509,2023-08-24,C0664,Mobile,Electronics,1,22000,18000.0,1000,North
11510,2023-07-04,C0531,Laptop,Electronics,3,60000,48000.0,1000,South
11511,2023-09-29,C0146,Headphone,Electronics,3,2500,,500,North
11512,2023-08-24,C0241,Headphone,Electronics,3,2500,,1000,North
11513,2023-08-27,C0344,Office Chair,Furniture,2,7000,4500.0,0,North
11514,2023-09-23,C0749,Mobile,Electronics,2,22000,18000.0,2000,South
11515,2023-12-25,C0035,Mobile,Electronics,1,22000,18000.0,500,West
11516,2023-12-06,C0702,Laptop,Electronics,3,60000,48000.0,1000,South
11517,2023-03-06,C0001,Headphone,Electronics,2,2500,,3000,North
11518,2023-06-26,C0153,Laptop,Electronics,1,60000,48000.0,2000,North
11519,2023-01-03,C0429,Headphone,Electronics,3,2500,,5000,South
11520,2023-05-22,C0508,Laptop,Electronics,1,60000,48000.0,500,North
11521,2023-06-07,C0126,Headphone,Electronics,1,2500,,3000,South
11522,2023-11-20,C0491,Laptop,Electronics,1,60000,48000.0,5000,South
11523,2023-05-26,C0482,Headphone,Electronics,1,2500,,3000,West
11524,2023-10-20,C0345,Table,Furniture,1,9000,6500.0,1000,North
11525,2023-06-02,C0738,Laptop,Electronics,1,60000,48000.0,500,East
11526,2023-07-12,C0221,Mobile,Electronics,1,22000,18000.0,1000,North
11527,2023-03-14,C0723,Office Chair,Furniture,3,7000,4500.0,5000,East
11528,2023-11-01,C0025,Table,Furniture,3,9000,6500.0,0,South
11529,2023-12-10,C0528,Table,Furniture,1,9000,6500.0,3000,West
11530,2023-05-20,C0182,Laptop,Electronics,3,60000,48000.0,0,South
11531,2023-07-06,C0499,Office Chair,Furniture,1,7000,4500.0,5000,South
11532,2023-10-20,C0641,Mobile,Electronics,3,22000,18000.0,1000,North
11533,2023-03-02,C0042,Table,Furniture,2,9000,6500.0,2000,North
11534,2023-07-17,C0481,Mobile,Electronics,1,22000,18000.0,3000,South
11535,2023-10-22,C0748,Headphone,Electronics,2,2500,,2000,West
11536,2023-11-15,C0439,Office Chair,Furniture,1,7000,4500.0,500,South
11537,2023-10-29,C0402,Tablet,Electronics,1,18000,14000.0,3000,East
11538,2023-12-10,C0546,Headphone,Electronics,2,2500,,0,North
11539,2023-01-11,C0345,Office Chair,Furniture,2,7000,4500.0,2000,South
11540,2023-03-03,C0045,Laptop,Electronics,2,60000,48000.0,5000,South
11541,2023-11-29,C0646,Laptop,Electronics,1,60000,48000.0,500,North
11542,2023-08-14,C0021,Mobile,Electronics,2,22000,18000.0,3000,South
11543,2023-06-02,C0634,Table,Furniture,2,9000,6500.0,5000,East
11544,2023-07-18,C0070,Tablet,Electronics,3,18000,14000.0,500,South
11545,2023-02-21,C0048,Laptop,Electronics,3,60000,48000.0,0,East
11546,2023-09-17,C0491,Office Chair,Furniture,2,7000,4500.0,5000,East
11547,2023-02-28,C0551,Table,Furniture,2,9000,6500.0,3000,South
11548,2023-03-13,C0287,Table,Furniture,2,9000,6500.0,500,East
11549,2023-05-28,C0010,Office Chair,Furniture,2,7000,4500.0,1000,South
11550,2023-12-15,C0542,Table,Furniture,3,9000,6500.0,3000,North
11551,2023-03-04,C0756,Laptop,Electronics,1,60000,48000.0,3000,North
11552,2023-11-06,C0274,Office Chair,Furniture,2,7000,4500.0,3000,North
11553,2023-08-31,C0600,Office Chair,Furniture,2,7000,4500.0,3000,East
11554,2023-11-26,C0756,Mobile,Electronics,3,22000,18000.0,1000,West
11555,2023-04-17,C0381,Tablet,Electronics,2,18000,14000.0,5000,North
11556,2023-08-14,C0329,Mobile,Electronics,2,22000,18000.0,5000,North
11557,2023-11-09,C0479,Tablet,Electronics,3,18000,14000.0,5000,South
11558,2023-08-06,C0015,Office Chair,Furniture,2,7000,4500.0,0,East
11559,2023-08-29,C0516,Table,Furniture,2,9000,6500.0,1000,South
11560,2023-09-16,C0191,Tablet,Electronics,3,18000,14000.0,1000,South
11561,2023-09-19,C0168,Office Chair,Furniture,1,7000,4500.0,500,East
11562,2023-01-05,C0521,Office Chair,Furniture,2,7000,4500.0,2000,South
11563,2023-09-18,C0621,Mobile,Electronics,2,22000,18000.0,5000,West
11564,2023-02-23,C0137,Mobile,Electronics,1,22000,18000.0,2000,North
11565,2023-02-16,C0154,Table,Furniture,3,9000,6500.0,500,West
11566,2023-08-03,C0388,Headphone,Electronics,1,2500,,1000,North
11567,2023-06-26,C0209,Laptop,Electronics,2,60000,48000.0,500,North
11568,2023-01-09,C0272,Headphone,Electronics,1,2500,,3000,East
11569,2023-04-09,C0143,Headphone,Electronics,3,2500,,500,East
11570,2023-01-20,C0611,Table,Furniture,2,9000,6500.0,500,West
11571,2023-08-29,C0069,Tablet,Electronics,3,18000,14000.0,3000,South
11572,2023-03-02,C0247,Table,Furniture,3,9000,6500.0,2000,West
11573,2023-06-27,C0261,Table,Furniture,1,9000,6500.0,3000,North
11574,2023-12-04,C0788,Office Chair,Furniture,1,7000,4500.0,0,North
11575,2023-03-03,C0079,Office Chair,Furniture,3,7000,4500.0,500,South
11576,2023-05-25,C0658,Office Chair,Furniture,3,7000,4500.0,500,East
11577,2023-08-04,C0623,Laptop,Electronics,2,60000,48000.0,2000,East
11578,2023-01-03,C0770,Tablet,Electronics,3,18000,14000.0,1000,South
11579,2023-06-09,C0605,Tablet,Electronics,3,18000,14000.0,3000,North
11580,2023-08-15,C0525,Office Chair,Furniture,1,7000,4500.0,1000,North
11581,2023-09-26,C0772,Headphone,Electronics,3,2500,,0,South
11582,2023-04-30,C0621,Laptop,Electronics,3,60000,48000.0,3000,South
11583,2023-03-30,C0330,Headphone,Electronics,1,2500,,0,East
11584,2023-11-25,C0189,Mobile,Electronics,2,22000,18000.0,0,East
11585,2023-03-09,C0095,Tablet,Electronics,1,18000,14000.0,0,West
11586,2023-12-23,C0617,Tablet,Electronics,1,18000,14000.0,5000,North
11587,2023-04-08,C0008,Headphone,Electronics,3,2500,,3000,South
11588,2023-09-24,C0067,Laptop,Electronics,3,60000,48000.0,3000,South
11589,2023-04-15,C0496,Tablet,Electronics,2,18000,14000.0,5000,East
11590,2023-11-19,C0191,Headphone,Electronics,3,2500,,2000,South
11591,2023-05-03,C0366,Table,Furniture,2,9000,6500.0,5000,West
11592,2023-01-29,C0768,Table,Furniture,2,9000,6500.0,500,East
11593,2023-05-17,C0521,Laptop,Electronics,2,60000,48000.0,1000,North
11594,2023-07-14,C0117,Headphone,Electronics,2,2500,,1000,North
11595,2023-08-14,C0267,Table,Furniture,3,9000,6500.0,0,East
11596,2023-11-28,C0611,Laptop,Electronics,1,60000,48000.0,3000,East
11597,2023-06-19,C0485,Office Chair,Furniture,1,7000,4500.0,3000,North
11598,2023-01-09,C0509,Laptop,Electronics,3,60000,48000.0,0,North
11599,2023-02-09,C0298,Mobile,Electronics,3,22000,18000.0,500,South
11600,2023-01-25,C0164,Office Chair,Furniture,2,7000,4500.0,1000,East
11601,2023-09-18,C0376,Headphone,Electronics,3,2500,,5000,North
11602,2023-08-14,C0653,Office Chair,Furniture,1,7000,4500.0,2000,South
11603,2023-05-04,C0268,Office Chair,Furniture,3,7000,4500.0,500,South
11604,2023-02-07,C0549,Headphone,Electronics,3,2500,,3000,West
11605,2023-11-24,C0074,Headphone,Electronics,2,2500,,0,North
11606,2023-09-08,C0508,Table,Furniture,2,9000,6500.0,1000,East
11607,2023-06-25,C0073,Mobile,Electronics,2,22000,18000.0,0,South
11608,2023-03-31,C0308,Headphone,Electronics,2,2500,,3000,North
11609,2023-02-06,C0199,Tablet,Electronics,1,18000,14000.0,0,South
11610,2023-11-12,C0130,Tablet,Electronics,3,18000,14000.0,5000,North
11611,2023-06-25,C0758,Mobile,Electronics,3,22000,18000.0,1000,East
11612,2023-10-11,C0572,Laptop,Electronics,2,60000,48000.0,0,South
11613,2023-03-22,C0791,Laptop,Electronics,1,60000,48000.0,1000,North
11614,2023-04-24,C0615,Tablet,Electronics,1,18000,14000.0,0,North
11615,2023-02-09,C0487,Headphone,Electronics,3,2500,,0,East
11616,2023-10-28,C0151,Mobile,Electronics,2,22000,18000.0,1000,North
11617,2023-08-12,C0669,Laptop,Electronics,3,60000,48000.0,5000,South
11618,2023-11-14,C0206,Laptop,Electronics,3,60000,48000.0,0,South
11619,2023-12-15,C0179,Office Chair,Furniture,1,7000,4500.0,5000,West
11620,2023-04-25,C0197,Tablet,Electronics,1,18000,14000.0,500,South
11621,2023-07-05,C0735,Headphone,Electronics,3,2500,,2000,East
11622,2023-11-19,C0089,Mobile,Electronics,2,22000,18000.0,500,North
11623,2023-02-25,C0799,Laptop,Electronics,2,60000,48000.0,2000,North
11624,2023-02-09,C0434,Office Chair,Furniture,3,7000,4500.0,500,North
11625,2023-12-20,C0788,Tablet,Electronics,3,18000,14000.0,2000,South
11626,2023-02-09,C0748,Tablet,Electronics,2,18000,14000.0,0,East
11627,2023-12-13,C0183,Mobile,Electronics,2,22000,18000.0,1000,South
11628,2023-08-25,C0209,Laptop,Electronics,2,60000,48000.0,1000,South
11629,2023-10-16,C0493,Mobile,Electronics,3,22000,18000.0,3000,East
11630,2023-09-19,C0130,Mobile,Electronics,1,22000,18000.0,2000,North
11631,2023-08-04,C0665,Table,Furniture,2,9000,6500.0,3000,North
11632,2023-05-27,C0013,Office Chair,Furniture,2,7000,4500.0,5000,West
11633,2023-12-02,C0634,Tablet,Electronics,2,18000,14000.0,5000,South
11634,2023-06-17,C0732,Table,Furniture,3,9000,6500.0,3000,East
11635,2023-04-02,C0106,Headphone,Electronics,1,2500,,2000,South
11636,2023-12-19,C0375,Tablet,Electronics,1,18000,14000.0,1000,South
11637,2023-02-28,C0582,Tablet,Electronics,2,18000,14000.0,2000,North
11638,2023-02-28,C0707,Office Chair,Furniture,3,7000,4500.0,5000,West
11639,2023-10-31,C0698,Headphone,Electronics,1,2500,,0,South
11640,2023-06-18,C0099,Laptop,Electronics,3,60000,48000.0,3000,North
11641,2023-09-26,C0594,Headphone,Electronics,1,2500,,3000,West
11642,2023-12-29,C0587,Laptop,Electronics,2,60000,48000.0,5000,South
11643,2023-02-14,C0192,Headphone,Electronics,3,2500,,2000,East
11644,2023-12-11,C0325,Mobile,Electronics,2,22000,18000.0,3000,North
11645,2023-06-30,C0726,Headphone,Electronics,1,2500,,1000,North
11646,2023-06-19,C0467,Table,Furniture,1,9000,6500.0,3000,North
11647,2023-12-22,C0367,Table,Furniture,2,9000,6500.0,2000,North
11648,2023-07-10,C0318,Office Chair,Furniture,1,7000,4500.0,5000,East
11649,2023-06-04,C0144,Laptop,Electronics,2,60000,48000.0,1000,East
11650,2023-07-07,C0384,Tablet,Electronics,2,18000,14000.0,1000,East
11651,2023-01-07,C0216,Office Chair,Furniture,2,7000,4500.0,3000,West
11652,2023-05-13,C0361,Table,Furniture,1,9000,6500.0,2000,North
11653,2023-08-23,C0324,Table,Furniture,3,9000,6500.0,3000,West
11654,2023-02-14,C0015,Laptop,Electronics,2,60000,48000.0,0,West
11655,2023-11-10,C0217,Table,Furniture,3,9000,6500.0,5000,South
11656,2023-09-06,C0492,Table,Furniture,1,9000,6500.0,0,North
11657,2023-01-31,C0547,Laptop,Electronics,1,60000,48000.0,1000,East
11658,2023-01-23,C0183,Table,Furniture,3,9000,6500.0,3000,South
11659,2023-06-09,C0270,Tablet,Electronics,2,18000,14000.0,0,East
11660,2023-12-29,C0467,Mobile,Electronics,1,22000,18000.0,500,North
11661,2023-06-07,C0612,Office Chair,Furniture,2,7000,4500.0,0,South
11662,2023-02-08,C0519,Tablet,Electronics,2,18000,14000.0,3000,South
11663,2023-03-23,C0542,Tablet,Electronics,3,18000,14000.0,3000,North
11664,2023-12-22,C0467,Mobile,Electronics,1,22000,18000.0,5000,South
11665,2023-09-15,C0305,Office Chair,Furniture,3,7000,4500.0,0,North
11666,2023-07-25,C0144,Tablet,Electronics,1,18000,14000.0,3000,South
11667,2023-03-18,C0111,Table,Furniture,3,9000,6500.0,3000,West
11668,2023-01-12,C0232,Mobile,Electronics,1,22000,18000.0,5000,North
11669,2023-10-22,C0691,Office Chair,Furniture,1,7000,4500.0,5000,East
11670,2023-08-12,C0584,Headphone,Electronics,1,2500,,5000,North
11671,2023-01-13,C0722,Laptop,Electronics,2,60000,48000.0,5000,East
11672,2023-02-15,C0732,Table,Furniture,2,9000,6500.0,500,West
11673,2023-06-04,C0592,Mobile,Electronics,3,22000,18000.0,1000,South
11674,2023-04-23,C0500,Laptop,Electronics,3,60000,48000.0,3000,West
11675,2023-08-21,C0595,Headphone,Electronics,1,2500,,2000,South
11676,2023-01-17,C0554,Tablet,Electronics,1,18000,14000.0,5000,South
11677,2023-12-26,C0273,Tablet,Electronics,2,18000,14000.0,1000,West
11678,2023-08-11,C0703,Office Chair,Furniture,2,7000,4500.0,5000,North
11679,2023-12-20,C0173,Mobile,Electronics,2,22000,18000.0,1000,North
11680,2023-07-07,C0007,Mobile,Electronics,3,22000,18000.0,2000,South
11681,2023-12-10,C0155,Office Chair,Furniture,2,7000,4500.0,0,East
11682,2023-12-31,C0522,Laptop,Electronics,3,60000,48000.0,500,East
11683,2023-06-12,C0546,Tablet,Electronics,2,18000,14000.0,3000,North
11684,2023-11-22,C0548,Tablet,Electronics,2,18000,14000.0,0,West
11685,2023-03-15,C0518,Mobile,Electronics,1,22000,18000.0,2000,East
11686,2023-08-21,C0215,Mobile,Electronics,3,22000,18000.0,500,West
11687,2023-08-12,C0134,Office Chair,Furniture,2,7000,4500.0,500,South
11688,2023-11-15,C0285,Headphone,Electronics,1,2500,,500,East
11689,2023-03-01,C0126,Laptop,Electronics,3,60000,48000.0,2000,West
11690,2023-12-01,C0439,Table,Furniture,3,9000,6500.0,5000,South
11691,2023-08-10,C0686,Headphone,Electronics,2,2500,,5000,West
11692,2023-02-06,C0152,Headphone,Electronics,3,2500,,5000,North
11693,2023-10-05,C0331,Mobile,Electronics,1,22000,18000.0,0,South
11694,2023-07-15,C0538,Mobile,Electronics,1,22000,18000.0,3000,West
11695,2023-12-18,C0383,Mobile,Electronics,3,22000,18000.0,500,West
11696,2023-08-30,C0115,Headphone,Electronics,1,2500,,500,North
11697,2023-11-20,C0482,Laptop,Electronics,3,60000,48000.0,0,North
11698,2023-08-07,C0284,Mobile,Electronics,1,22000,18000.0,5000,East
11699,2023-07-11,C0075,Tablet,Electronics,3,18000,14000.0,500,West
11700,2023-01-17,C0166,Laptop,Electronics,3,60000,48000.0,500,East
11701,2023-01-12,C0189,Tablet,Electronics,3,18000,14000.0,2000,East
11702,2023-07-12,C0078,Laptop,Electronics,1,60000,48000.0,1000,East
11703,2023-01-22,C0602,Mobile,Electronics,3,22000,18000.0,0,North
11704,2023-04-30,C0688,Table,Furniture,3,9000,6500.0,0,West
11705,2023-07-29,C0021,Office Chair,Furniture,2,7000,4500.0,5000,South
11706,2023-11-02,C0566,Mobile,Electronics,2,22000,18000.0,0,East
11707,2023-09-27,C0184,Headphone,Electronics,3,2500,,5000,South
11708,2023-07-11,C0222,Table,Furniture,2,9000,6500.0,2000,South
11709,2023-06-24,C0328,Headphone,Electronics,3,2500,,2000,East
11710,2023-10-12,C0179,Laptop,Electronics,2,60000,48000.0,3000,West
11711,2023-07-23,C0788,Headphone,Electronics,1,2500,,5000,East
11712,2023-06-13,C0112,Table,Furniture,1,9000,6500.0,2000,East
11713,2023-09-08,C0736,Table,Furniture,3,9000,6500.0,5000,North
11714,2023-08-15,C0726,Mobile,Electronics,3,22000,18000.0,0,West
11715,2023-01-07,C0059,Tablet,Electronics,1,18000,14000.0,3000,North
11716,2023-01-29,C0327,Mobile,Electronics,1,22000,18000.0,1000,North
11717,2023-02-02,C0621,Laptop,Electronics,2,60000,48000.0,500,North
11718,2023-05-14,C0669,Headphone,Electronics,3,2500,,500,East
11719,2023-03-20,C0191,Tablet,Electronics,1,18000,14000.0,3000,West
11720,2023-02-27,C0200,Office Chair,Furniture,1,7000,4500.0,5000,East
11721,2023-01-26,C0312,Table,Furniture,3,9000,6500.0,5000,North
11722,2023-08-14,C0708,Tablet,Electronics,2,18000,14000.0,5000,North
11723,2023-10-12,C0035,Tablet,Electronics,2,18000,14000.0,1000,South
11724,2023-01-04,C0379,Mobile,Electronics,2,22000,18000.0,500,North
11725,2023-04-09,C0387,Office Chair,Furniture,2,7000,4500.0,3000,South
11726,2023-02-08,C0758,Table,Furniture,1,9000,6500.0,5000,East
11727,2023-09-28,C0237,Laptop,Electronics,3,60000,48000.0,2000,West
11728,2023-10-12,C0616,Laptop,Electronics,3,60000,48000.0,0,South
11729,2023-06-06,C0519,Tablet,Electronics,1,18000,14000.0,1000,North
11730,2023-03-16,C0283,Tablet,Electronics,1,18000,14000.0,5000,West
11731,2023-10-15,C0001,Headphone,Electronics,1,2500,,500,East
11732,2023-05-10,C0731,Office Chair,Furniture,3,7000,4500.0,0,West
11733,2023-06-24,C0464,Table,Furniture,3,9000,6500.0,3000,North
11734,2023-03-25,C0230,Tablet,Electronics,3,18000,14000.0,5000,South
11735,2023-01-22,C0172,Headphone,Electronics,2,2500,,500,West
11736,2023-01-27,C0087,Office Chair,Furniture,1,7000,4500.0,0,North
11737,2023-07-14,C0553,Table,Furniture,1,9000,6500.0,2000,East
11738,2023-12-03,C0123,Laptop,Electronics,1,60000,48000.0,1000,North
11739,2023-08-24,C0298,Headphone,Electronics,3,2500,,3000,South
11740,2023-04-02,C0690,Office Chair,Furniture,1,7000,4500.0,500,West
11741,2023-01-21,C0575,Headphone,Electronics,1,2500,,2000,South
11742,2023-10-30,C0484,Tablet,Electronics,2,18000,14000.0,1000,West
11743,2023-12-23,C0165,Mobile,Electronics,3,22000,18000.0,1000,South
11744,2023-03-25,C0699,Laptop,Electronics,1,60000,48000.0,2000,West
11745,2023-09-19,C0383,Tablet,Electronics,3,18000,14000.0,500,South
11746,2023-05-27,C0209,Tablet,Electronics,3,18000,14000.0,1000,North
11747,2023-09-14,C0739,Office Chair,Furniture,3,7000,4500.0,3000,South
11748,2023-02-27,C0432,Headphone,Electronics,2,2500,,0,East
11749,2023-01-15,C0389,Laptop,Electronics,3,60000,48000.0,3000,West
11750,2023-06-11,C0560,Tablet,Electronics,3,18000,14000.0,5000,South
11751,2023-06-12,C0224,Office Chair,Furniture,3,7000,4500.0,1000,South
11752,2023-11-16,C0003,Laptop,Electronics,1,60000,48000.0,0,West
11753,2023-10-08,C0372,Headphone,Electronics,2,2500,,2000,West
11754,2023-10-07,C0687,Tablet,Electronics,1,18000,14000.0,0,East
11755,2023-01-12,C0446,Table,Furniture,2,9000,6500.0,0,West
11756,2023-10-01,C0611,Tablet,Electronics,2,18000,14000.0,0,South
11757,2023-09-28,C0116,Tablet,Electronics,3,18000,14000.0,1000,North
11758,2023-07-27,C0270,Laptop,Electronics,3,60000,48000.0,5000,North
11759,2023-01-27,C0447,Laptop,Electronics,1,60000,48000.0,5000,West
11760,2023-03-13,C0368,Laptop,Electronics,2,60000,48000.0,500,North
11761,2023-03-01,C0253,Laptop,Electronics,3,60000,48000.0,5000,South
11762,2023-05-25,C0317,Office Chair,Furniture,3,7000,4500.0,1000,West
11763,2023-04-03,C0415,Mobile,Electronics,3,22000,18000.0,500,North
11764,2023-11-05,C0095,Office Chair,Furniture,3,7000,4500.0,2000,West
11765,2023-01-08,C0785,Tablet,Electronics,1,18000,14000.0,2000,West
11766,2023-03-20,C0024,Office Chair,Furniture,1,7000,4500.0,2000,West
11767,2023-01-27,C0628,Headphone,Electronics,3,2500,,2000,North
11768,2023-06-23,C0663,Table,Furniture,3,9000,6500.0,2000,South
11769,2023-02-19,C0050,Laptop,Electronics,3,60000,48000.0,3000,West
11770,2023-07-18,C0502,Headphone,Electronics,3,2500,,1000,North
11771,2023-12-15,C0718,Table,Furniture,3,9000,6500.0,500,South
11772,2023-06-30,C0498,Headphone,Electronics,2,2500,,2000,East
11773,2023-01-24,C0335,Tablet,Electronics,2,18000,14000.0,3000,North
11774,2023-11-12,C0079,Laptop,Electronics,2,60000,48000.0,5000,West
11775,2023-02-15,C0582,Headphone,Electronics,2,2500,,3000,East
11776,2023-01-15,C0027,Tablet,Electronics,3,18000,14000.0,3000,North
11777,2023-06-02,C0271,Laptop,Electronics,2,60000,48000.0,1000,North
11778,2023-08-10,C0562,Mobile,Electronics,2,22000,18000.0,2000,North
11779,2023-07-25,C0247,Tablet,Electronics,1,18000,14000.0,3000,North
11780,2023-09-30,C0776,Office Chair,Furniture,2,7000,4500.0,3000,East
11781,2023-08-24,C0591,Laptop,Electronics,2,60000,48000.0,2000,North
11782,2023-12-06,C0387,Headphone,Electronics,3,2500,,1000,South
11783,2023-08-16,C0702,Table,Furniture,2,9000,6500.0,3000,West
11784,2023-01-09,C0559,Headphone,Electronics,2,2500,,500,South
11785,2023-06-15,C0361,Office Chair,Furniture,3,7000,4500.0,0,North
11786,2023-11-15,C0488,Office Chair,Furniture,2,7000,4500.0,5000,West
11787,2023-08-02,C0352,Headphone,Electronics,3,2500,,0,North
11788,2023-04-27,C0701,Table,Furniture,2,9000,6500.0,0,West
11789,2023-12-10,C0256,Laptop,Electronics,1,60000,48000.0,1000,East
11790,2023-03-13,C0222,Tablet,Electronics,1,18000,14000.0,3000,East
11791,2023-03-05,C0753,Office Chair,Furniture,2,7000,4500.0,0,East
11792,2023-07-24,C0781,Office Chair,Furniture,1,7000,4500.0,0,South
11793,2023-07-28,C0001,Office Chair,Furniture,3,7000,4500.0,5000,West
11794,2023-03-13,C0546,Table,Furniture,2,9000,6500.0,2000,West
11795,2023-10-04,C0446,Mobile,Electronics,3,22000,18000.0,3000,South
11796,2023-10-01,C0079,Table,Furniture,1,9000,6500.0,3000,South
11797,2023-11-16,C0236,Laptop,Electronics,3,60000,48000.0,5000,West
11798,2023-12-04,C0334,Laptop,Electronics,1,60000,48000.0,2000,South
11799,2023-04-05,C0349,Laptop,Electronics,1,60000,48000.0,3000,West
11800,2023-06-15,C0098,Laptop,Electronics,1,60000,48000.0,500,East
11801,2023-02-01,C0082,Laptop,Electronics,3,60000,48000.0,5000,South
11802,2023-01-11,C0502,Headphone,Electronics,1,2500,,1000,North
11803,2023-10-28,C0477,Office Chair,Furniture,2,7000,4500.0,2000,North
11804,2023-08-05,C0704,Table,Furniture,1,9000,6500.0,5000,South
11805,2023-10-16,C0765,Headphone,Electronics,2,2500,,0,South
11806,2023-04-12,C0550,Table,Furniture,2,9000,6500.0,3000,East
11807,2023-09-24,C0014,Mobile,Electronics,2,22000,18000.0,500,East
11808,2023-08-02,C0392,Tablet,Electronics,2,18000,14000.0,500,East
11809,2023-06-28,C0347,Office Chair,Furniture,3,7000,4500.0,1000,West
11810,2023-03-29,C0310,Mobile,Electronics,2,22000,18000.0,5000,North
11811,2023-02-10,C0386,Headphone,Electronics,1,2500,,500,East
11812,2023-03-17,C0209,Tablet,Electronics,2,18000,14000.0,5000,North
11813,2023-02-15,C0357,Mobile,Electronics,1,22000,18000.0,3000,South
11814,2023-06-09,C0601,Table,Furniture,3,9000,6500.0,3000,North
11815,2023-03-21,C0568,Tablet,Electronics,2,18000,14000.0,500,South
11816,2023-11-06,C0094,Table,Furniture,1,9000,6500.0,3000,South
11817,2023-03-27,C0093,Mobile,Electronics,3,22000,18000.0,5000,North
11818,2023-04-02,C0340,Headphone,Electronics,3,2500,,3000,South
11819,2023-05-28,C0597,Table,Furniture,1,9000,6500.0,0,West
11820,2023-06-10,C0445,Tablet,Electronics,2,18000,14000.0,5000,North
11821,2023-07-21,C0757,Mobile,Electronics,3,22000,18000.0,2000,East
11822,2023-08-30,C0022,Table,Furniture,1,9000,6500.0,3000,South
11823,2023-12-19,C0291,Headphone,Electronics,2,2500,,3000,South
11824,2023-01-02,C0485,Office Chair,Furniture,3,7000,4500.0,5000,North
11825,2023-08-13,C0784,Headphone,Electronics,1,2500,,1000,North
11826,2023-10-16,C0306,Headphone,Electronics,3,2500,,2000,East
11827,2023-08-21,C0634,Office Chair,Furniture,3,7000,4500.0,2000,North
11828,2023-03-18,C0128,Headphone,Electronics,1,2500,,2000,North
11829,2023-04-26,C0625,Office Chair,Furniture,3,7000,4500.0,500,South
11830,2023-06-03,C0273,Office Chair,Furniture,1,7000,4500.0,0,South
11831,2023-04-13,C0442,Table,Furniture,2,9000,6500.0,0,East
11832,2023-07-13,C0503,Table,Furniture,1,9000,6500.0,1000,South
11833,2023-06-15,C0130,Office Chair,Furniture,2,7000,4500.0,2000,South
11834,2023-12-25,C0132,Mobile,Electronics,3,22000,18000.0,2000,South
11835,2023-03-31,C0597,Tablet,Electronics,1,18000,14000.0,3000,North
11836,2023-06-23,C0482,Mobile,Electronics,1,22000,18000.0,5000,South
11837,2023-05-02,C0390,Office Chair,Furniture,1,7000,4500.0,500,South
11838,2023-05-23,C0593,Tablet,Electronics,1,18000,14000.0,500,South
11839,2023-04-16,C0325,Table,Furniture,2,9000,6500.0,1000,East
11840,2023-11-01,C0069,Tablet,Electronics,2,18000,14000.0,0,East
11841,2023-12-26,C0660,Office Chair,Furniture,3,7000,4500.0,2000,North
11842,2023-11-13,C0448,Table,Furniture,3,9000,6500.0,5000,North
11843,2023-05-03,C0528,Tablet,Electronics,3,18000,14000.0,1000,South
11844,2023-01-09,C0617,Tablet,Electronics,3,18000,14000.0,500,East
11845,2023-09-19,C0165,Mobile,Electronics,1,22000,18000.0,500,North
11846,2023-03-14,C0488,Tablet,Electronics,2,18000,14000.0,500,West
11847,2023-12-25,C0713,Office Chair,Furniture,2,7000,4500.0,2000,South
11848,2023-08-11,C0709,Laptop,Electronics,2,60000,48000.0,2000,South
11849,2023-02-10,C0426,Laptop,Electronics,2,60000,48000.0,2000,East
11850,2023-07-23,C0697,Laptop,Electronics,3,60000,48000.0,3000,North
11851,2023-09-21,C0265,Office Chair,Furniture,1,7000,4500.0,0,South
11852,2023-11-24,C0612,Laptop,Electronics,2,60000,48000.0,500,South
11853,2023-06-27,C0342,Mobile,Electronics,1,22000,18000.0,500,North
11854,2023-12-14,C0726,Office Chair,Furniture,1,7000,4500.0,3000,West
11855,2023-11-14,C0278,Table,Furniture,1,9000,6500.0,500,East
11856,2023-03-25,C0674,Office Chair,Furniture,1,7000,4500.0,500,North
11857,2023-11-14,C0439,Office Chair,Furniture,2,7000,4500.0,2000,South
11858,2023-04-21,C0157,Tablet,Electronics,2,18000,14000.0,2000,North
11859,2023-09-08,C0422,Tablet,Electronics,2,18000,14000.0,0,West
11860,2023-01-07,C0251,Tablet,Electronics,3,18000,14000.0,500,South
11861,2023-03-25,C0609,Headphone,Electronics,2,2500,,1000,South
11862,2023-07-27,C0530,Mobile,Electronics,3,22000,18000.0,500,South
11863,2023-11-10,C0327,Office Chair,Furniture,3,7000,4500.0,500,South
11864,2023-01-22,C0097,Office Chair,Furniture,3,7000,4500.0,0,East
11865,2023-01-03,C0513,Tablet,Electronics,2,18000,14000.0,1000,East
11866,2023-05-07,C0216,Office Chair,Furniture,2,7000,4500.0,500,South
11867,2023-10-24,C0132,Table,Furniture,2,9000,6500.0,5000,East
11868,2023-07-07,C0260,Office Chair,Furniture,3,7000,4500.0,5000,South
11869,2023-12-28,C0125,Laptop,Electronics,3,60000,48000.0,1000,North
11870,2023-01-14,C0082,Table,Furniture,1,9000,6500.0,5000,North
11871,2023-01-12,C0283,Table,Furniture,3,9000,6500.0,2000,South
11872,2023-03-28,C0683,Office Chair,Furniture,3,7000,4500.0,2000,East
11873,2023-01-12,C0059,Headphone,Electronics,2,2500,,1000,West
11874,2023-01-25,C0544,Tablet,Electronics,1,18000,14000.0,500,North
11875,2023-10-28,C0161,Mobile,Electronics,1,22000,18000.0,1000,South
11876,2023-08-31,C0284,Mobile,Electronics,1,22000,18000.0,5000,North
11877,2023-05-02,C0106,Laptop,Electronics,2,60000,48000.0,1000,West
11878,2023-05-27,C0105,Mobile,Electronics,1,22000,18000.0,5000,West
11879,2023-02-24,C0439,Mobile,Electronics,1,22000,18000.0,2000,North
11880,2023-08-26,C0228,Tablet,Electronics,2,18000,14000.0,1000,East
11881,2023-12-22,C0700,Tablet,Electronics,1,18000,14000.0,3000,East
11882,2023-06-22,C0582,Headphone,Electronics,3,2500,,5000,North
11883,2023-08-09,C0318,Laptop,Electronics,3,60000,48000.0,3000,South
11884,2023-04-29,C0464,Mobile,Electronics,3,22000,18000.0,2000,East
11885,2023-11-05,C0599,Headphone,Electronics,3,2500,,500,North
11886,2023-07-02,C0472,Laptop,Electronics,3,60000,48000.0,5000,South
11887,2023-10-15,C0056,Table,Furniture,3,9000,6500.0,500,North
11888,2023-11-03,C0625,Mobile,Electronics,3,22000,18000.0,2000,South
11889,2023-10-27,C0013,Mobile,Electronics,3,22000,18000.0,500,West
11890,2023-03-23,C0440,Tablet,Electronics,3,18000,14000.0,5000,South
11891,2023-07-30,C0018,Office Chair,Furniture,2,7000,4500.0,0,North
11892,2023-05-30,C0694,Laptop,Electronics,2,60000,48000.0,5000,North
11893,2023-02-06,C0113,Mobile,Electronics,3,22000,18000.0,5000,East
11894,2023-12-18,C0229,Laptop,Electronics,2,60000,48000.0,3000,South
11895,2023-11-08,C0171,Headphone,Electronics,2,2500,,0,South
11896,2023-12-27,C0295,Headphone,Electronics,3,2500,,0,North
11897,2023-02-28,C0189,Office Chair,Furniture,3,7000,4500.0,0,East
11898,2023-05-11,C0426,Mobile,Electronics,2,22000,18000.0,5000,West
11899,2023-07-21,C0079,Tablet,Electronics,3,18000,14000.0,2000,West
11900,2023-08-31,C0658,Mobile,Electronics,3,22000,18000.0,0,South
11901,2023-02-04,C0182,Laptop,Electronics,3,60000,48000.0,1000,East
11902,2023-04-03,C0499,Table,Furniture,3,9000,6500.0,500,North
11903,2023-07-26,C0798,Headphone,Electronics,2,2500,,2000,East
11904,2023-12-19,C0762,Laptop,Electronics,1,60000,48000.0,1000,North
11905,2023-11-28,C0708,Office Chair,Furniture,2,7000,4500.0,5000,East
11906,2023-11-01,C0071,Headphone,Electronics,1,2500,,5000,South
11907,2023-12-16,C0248,Tablet,Electronics,1,18000,14000.0,1000,West
11908,2023-08-01,C0146,Headphone,Electronics,1,2500,,3000,East
11909,2023-06-08,C0618,Table,Furniture,2,9000,6500.0,3000,South
11910,2023-01-24,C0775,Mobile,Electronics,2,22000,18000.0,1000,West
11911,2023-10-20,C0296,Table,Furniture,2,9000,6500.0,3000,North
11912,2023-01-04,C0582,Table,Furniture,2,9000,6500.0,500,West
11913,2023-08-08,C0470,Mobile,Electronics,2,22000,18000.0,500,East
11914,2023-12-30,C0506,Headphone,Electronics,1,2500,,5000,West
11915,2023-01-20,C0193,Office Chair,Furniture,2,7000,4500.0,3000,North
11916,2023-06-01,C0068,Mobile,Electronics,1,22000,18000.0,0,North
11917,2023-02-19,C0494,Mobile,Electronics,2,22000,18000.0,1000,East
11918,2023-06-26,C0052,Tablet,Electronics,2,18000,14000.0,500,West
11919,2023-04-06,C0363,Headphone,Electronics,3,2500,,3000,North
11920,2023-04-15,C0797,Mobile,Electronics,1,22000,18000.0,3000,North
11921,2023-09-07,C0474,Office Chair,Furniture,2,7000,4500.0,500,North
11922,2023-04-27,C0521,Laptop,Electronics,2,60000,48000.0,500,West
11923,2023-12-20,C0763,Headphone,Electronics,2,2500,,0,East
11924,2023-08-16,C0431,Tablet,Electronics,3,18000,14000.0,3000,South
11925,2023-03-07,C0298,Table,Furniture,1,9000,6500.0,3000,North
11926,2023-12-01,C0435,Mobile,Electronics,2,22000,18000.0,2000,South
11927,2023-09-19,C0696,Office Chair,Furniture,2,7000,4500.0,5000,North
11928,2023-10-22,C0691,Headphone,Electronics,2,2500,,0,East
11929,2023-08-31,C0198,Office Chair,Furniture,3,7000,4500.0,500,South
11930,2023-07-05,C0128,Office Chair,Furniture,2,7000,4500.0,500,East
11931,2023-09-03,C0532,Table,Furniture,1,9000,6500.0,1000,West
11932,2023-05-05,C0411,Tablet,Electronics,1,18000,14000.0,5000,South
11933,2023-09-25,C0065,Headphone,Electronics,1,2500,,500,South
11934,2023-05-11,C0694,Mobile,Electronics,1,22000,18000.0,3000,East
11935,2023-08-25,C0241,Tablet,Electronics,2,18000,14000.0,500,North
11936,2023-01-18,C0369,Mobile,Electronics,3,22000,18000.0,3000,West
11937,2023-02-09,C0536,Laptop,Electronics,3,60000,48000.0,3000,North
11938,2023-01-21,C0384,Office Chair,Furniture,3,7000,4500.0,0,West
11939,2023-08-13,C0431,Laptop,Electronics,2,60000,48000.0,500,North
11940,2023-12-21,C0083,Office Chair,Furniture,3,7000,4500.0,0,North
11941,2023-10-09,C0697,Table,Furniture,1,9000,6500.0,5000,South
11942,2023-01-08,C0611,Tablet,Electronics,2,18000,14000.0,3000,West
11943,2023-04-10,C0574,Mobile,Electronics,3,22000,18000.0,5000,West
11944,2023-08-28,C0286,Table,Furniture,1,9000,6500.0,500,North
11945,2023-03-28,C0534,Mobile,Electronics,1,22000,18000.0,5000,North
11946,2023-10-25,C0459,Tablet,Electronics,2,18000,14000.0,5000,South
11947,2023-01-14,C0212,Headphone,Electronics,2,2500,,500,South
11948,2023-11-30,C0126,Laptop,Electronics,3,60000,48000.0,0,East
11949,2023-01-02,C0413,Laptop,Electronics,3,60000,48000.0,0,South
11950,2023-10-20,C0499,Mobile,Electronics,3,22000,18000.0,3000,East
11951,2023-11-21,C0425,Mobile,Electronics,2,22000,18000.0,3000,East
11952,2023-02-10,C0554,Mobile,Electronics,3,22000,18000.0,500,South
11953,2023-11-14,C0610,Tablet,Electronics,3,18000,14000.0,500,West
11954,2023-11-12,C0543,Headphone,Electronics,1,2500,,2000,North
11955,2023-04-21,C0158,Laptop,Electronics,1,60000,48000.0,2000,North
11956,2023-01-14,C0112,Table,Furniture,1,9000,6500.0,1000,East
11957,2023-08-19,C0402,Office Chair,Furniture,3,7000,4500.0,3000,North
11958,2023-03-25,C0759,Tablet,Electronics,2,18000,14000.0,5000,North
11959,2023-05-10,C0122,Laptop,Electronics,1,60000,48000.0,1000,West
11960,2023-08-19,C0273,Headphone,Electronics,2,2500,,1000,East
11961,2023-11-22,C0294,Tablet,Electronics,3,18000,14000.0,0,South
11962,2023-05-25,C0398,Table,Furniture,3,9000,6500.0,5000,East
11963,2023-12-11,C0471,Laptop,Electronics,1,60000,48000.0,0,South
11964,2023-01-28,C0207,Tablet,Electronics,2,18000,14000.0,2000,West
11965,2023-03-07,C0110,Laptop,Electronics,1,60000,48000.0,1000,North
11966,2023-06-12,C0440,Laptop,Electronics,3,60000,48000.0,2000,East
11967,2023-08-17,C0278,Headphone,Electronics,2,2500,,5000,East
11968,2023-09-18,C0568,Office Chair,Furniture,1,7000,4500.0,5000,South
11969,2023-06-13,C0569,Headphone,Electronics,3,2500,,3000,East
11970,2023-10-28,C0482,Laptop,Electronics,1,60000,48000.0,500,West
11971,2023-10-30,C0114,Tablet,Electronics,2,18000,14000.0,0,East
11972,2023-10-14,C0477,Table,Furniture,2,9000,6500.0,3000,South
11973,2023-01-10,C0710,Headphone,Electronics,2,2500,,3000,South
11974,2023-07-14,C0321,Office Chair,Furniture,2,7000,4500.0,0,West
11975,2023-04-28,C0179,Laptop,Electronics,2,60000,48000.0,0,South
11976,2023-09-27,C0219,Table,Furniture,1,9000,6500.0,5000,East
11977,2023-03-21,C0789,Headphone,Electronics,1,2500,,5000,South
11978,2023-04-03,C0528,Headphone,Electronics,1,2500,,1000,North
11979,2023-09-23,C0492,Headphone,Electronics,1,2500,,2000,North
11980,2023-11-28,C0061,Headphone,Electronics,3,2500,,5000,West
11981,2023-12-16,C0054,Table,Furniture,3,9000,6500.0,3000,East
11982,2023-12-27,C0680,Tablet,Electronics,1,18000,14000.0,1000,North
11983,2023-09-14,C0538,Office Chair,Furniture,3,7000,4500.0,1000,West
11984,2023-05-13,C0065,Office Chair,Furniture,3,7000,4500.0,3000,South
11985,2023-10-03,C0612,Laptop,Electronics,2,60000,48000.0,5000,East
11986,2023-09-21,C0586,Mobile,Electronics,1,22000,18000.0,3000,North
11987,2023-06-20,C0704,Tablet,Electronics,3,18000,14000.0,500,West
11988,2023-01-01,C0171,Laptop,Electronics,3,60000,48000.0,5000,South
11989,2023-11-09,C0273,Laptop,Electronics,1,60000,48000.0,2000,East
11990,2023-03-05,C0699,Headphone,Electronics,2,2500,,3000,North
11991,2023-10-11,C0535,Mobile,Electronics,1,22000,18000.0,5000,South
11992,2023-05-01,C0391,Mobile,Electronics,2,22000,18000.0,0,North
11993,2023-04-17,C0693,Tablet,Electronics,3,18000,14000.0,500,West
11994,2023-06-24,C0327,Mobile,Electronics,2,22000,18000.0,2000,North
11995,2023-07-23,C0108,Laptop,Electronics,2,60000,48000.0,5000,East
11996,2023-06-14,C0162,Mobile,Electronics,1,22000,18000.0,0,North
11997,2023-11-01,C0452,Mobile,Electronics,3,22000,18000.0,5000,North
11998,2023-04-30,C0206,Office Chair,Furniture,1,7000,4500.0,0,South
11999,2023-02-13,C0590,Laptop,Electronics,1,60000,48000.0,2000,East
12000,2023-11-08,C0016,Table,Furniture,3,9000,6500.0,500,East
12001,2023-06-05,C0327,Mobile,Electronics,1,22000,18000.0,0,West
12002,2023-07-26,C0608,Mobile,Electronics,1,22000,18000.0,1000,West
12003,2023-04-18,C0659,Headphone,Electronics,2,2500,,2000,North
12004,2023-09-08,C0002,Mobile,Electronics,1,22000,18000.0,2000,West
12005,2023-11-30,C0010,Mobile,Electronics,3,22000,18000.0,3000,South
12006,2023-05-10,C0434,Office Chair,Furniture,1,7000,4500.0,500,West
12007,2023-10-20,C0125,Laptop,Electronics,2,60000,48000.0,1000,North
12008,2023-01-20,C0081,Tablet,Electronics,1,18000,14000.0,1000,West
12009,2023-10-09,C0485,Laptop,Electronics,1,60000,48000.0,3000,North
12010,2023-10-12,C0652,Headphone,Electronics,1,2500,,0,South
12011,2023-01-01,C0150,Laptop,Electronics,2,60000,48000.0,0,North
12012,2023-04-29,C0800,Mobile,Electronics,3,22000,18000.0,1000,North
12013,2023-02-04,C0340,Headphone,Electronics,3,2500,,500,South
12014,2023-07-17,C0129,Laptop,Electronics,2,60000,48000.0,0,West
12015,2023-09-02,C0438,Headphone,Electronics,2,2500,,2000,East
12016,2023-02-28,C0751,Tablet,Electronics,1,18000,14000.0,5000,North
12017,2023-11-21,C0501,Laptop,Electronics,3,60000,48000.0,3000,North
12018,2023-06-10,C0058,Table,Furniture,2,9000,6500.0,500,South
12019,2023-06-28,C0198,Mobile,Electronics,3,22000,18000.0,0,West
12020,2023-07-25,C0211,Headphone,Electronics,1,2500,,5000,North
12021,2023-01-12,C0045,Table,Furniture,2,9000,6500.0,1000,South
12022,2023-10-03,C0097,Table,Furniture,3,9000,6500.0,3000,North
12023,2023-06-30,C0279,Office Chair,Furniture,3,7000,4500.0,0,South
12024,2023-08-30,C0535,Headphone,Electronics,1,2500,,1000,North
12025,2023-08-04,C0410,Table,Furniture,2,9000,6500.0,0,North
12026,2023-09-08,C0461,Office Chair,Furniture,3,7000,4500.0,3000,North
12027,2023-10-26,C0391,Table,Furniture,1,9000,6500.0,2000,North
12028,2023-05-06,C0044,Mobile,Electronics,3,22000,18000.0,2000,North
12029,2023-08-05,C0027,Tablet,Electronics,1,18000,14000.0,5000,East
12030,2023-11-02,C0794,Office Chair,Furniture,3,7000,4500.0,1000,North
12031,2023-10-12,C0097,Tablet,Electronics,3,18000,14000.0,2000,North
12032,2023-07-04,C0548,Headphone,Electronics,1,2500,,3000,North
12033,2023-02-08,C0621,Mobile,Electronics,2,22000,18000.0,1000,West
12034,2023-08-11,C0567,Office Chair,Furniture,1,7000,4500.0,0,East
12035,2023-07-03,C0704,Headphone,Electronics,2,2500,,500,East
12036,2023-06-27,C0219,Table,Furniture,3,9000,6500.0,0,South
12037,2023-10-21,C0185,Laptop,Electronics,3,60000,48000.0,3000,North
12038,2023-12-06,C0069,Headphone,Electronics,1,2500,,5000,North
12039,2023-05-31,C0130,Tablet,Electronics,1,18000,14000.0,1000,South
12040,2023-05-06,C0567,Mobile,Electronics,2,22000,18000.0,0,South
12041,2023-10-28,C0609,Mobile,Electronics,2,22000,18000.0,1000,West
12042,2023-11-04,C0599,Headphone,Electronics,2,2500,,2000,West
12043,2023-12-02,C0631,Table,Furniture,1,9000,6500.0,500,South
12044,2023-08-22,C0720,Laptop,Electronics,3,60000,48000.0,3000,South
12045,2023-01-08,C0334,Tablet,Electronics,1,18000,14000.0,0,North
12046,2023-12-07,C0154,Headphone,Electronics,3,2500,,500,North
12047,2023-05-09,C0547,Headphone,Electronics,1,2500,,3000,West
12048,2023-09-21,C0079,Mobile,Electronics,1,22000,18000.0,3000,North
12049,2023-06-06,C0579,Tablet,Electronics,2,18000,14000.0,5000,West
12050,2023-12-18,C0413,Laptop,Electronics,3,60000,48000.0,2000,South
12051,2023-12-24,C0546,Mobile,Electronics,1,22000,18000.0,5000,South
12052,2023-01-05,C0609,Headphone,Electronics,1,2500,,5000,North
12053,2023-03-27,C0169,Mobile,Electronics,3,22000,18000.0,1000,East
12054,2023-06-24,C0681,Mobile,Electronics,1,22000,18000.0,1000,South
12055,2023-10-17,C0663,Office Chair,Furniture,3,7000,4500.0,500,South
12056,2023-07-12,C0583,Mobile,Electronics,2,22000,18000.0,2000,North
12057,2023-11-07,C0515,Table,Furniture,2,9000,6500.0,3000,North
12058,2023-04-29,C0314,Mobile,Electronics,3,22000,18000.0,2000,South
12059,2023-08-06,C0032,Table,Furniture,2,9000,6500.0,2000,South
12060,2023-04-24,C0287,Tablet,Electronics,3,18000,14000.0,500,East
12061,2023-05-25,C0594,Mobile,Electronics,1,22000,18000.0,1000,East
12062,2023-01-26,C0043,Laptop,Electronics,1,60000,48000.0,2000,South
12063,2023-05-16,C0617,Table,Furniture,3,9000,6500.0,2000,East
12064,2023-10-30,C0001,Table,Furniture,1,9000,6500.0,2000,North
12065,2023-08-20,C0573,Headphone,Electronics,2,2500,,0,East
12066,2023-03-17,C0270,Tablet,Electronics,1,18000,14000.0,2000,North
12067,2023-11-24,C0180,Mobile,Electronics,1,22000,18000.0,2000,North
12068,2023-12-11,C0736,Laptop,Electronics,3,60000,48000.0,3000,North
12069,2023-10-29,C0518,Headphone,Electronics,2,2500,,5000,East
12070,2023-10-16,C0103,Tablet,Electronics,1,18000,14000.0,0,North
12071,2023-01-01,C0010,Table,Furniture,1,9000,6500.0,2000,North
12072,2023-05-27,C0583,Laptop,Electronics,3,60000,48000.0,5000,South
12073,2023-10-14,C0090,Mobile,Electronics,3,22000,18000.0,2000,North
12074,2023-05-22,C0226,Office Chair,Furniture,2,7000,4500.0,500,East
12075,2023-02-22,C0670,Office Chair,Furniture,1,7000,4500.0,500,South
12076,2023-10-31,C0740,Tablet,Electronics,3,18000,14000.0,5000,West
12077,2023-03-10,C0126,Laptop,Electronics,3,60000,48000.0,0,North
12078,2023-12-27,C0209,Headphone,Electronics,3,2500,,3000,North
12079,2023-03-31,C0097,Laptop,Electronics,2,60000,48000.0,0,East
12080,2023-08-08,C0074,Table,Furniture,3,9000,6500.0,0,East
12081,2023-07-11,C0627,Office Chair,Furniture,2,7000,4500.0,500,North
12082,2023-03-04,C0191,Tablet,Electronics,2,18000,14000.0,500,South
12083,2023-03-14,C0682,Mobile,Electronics,1,22000,18000.0,3000,East
12084,2023-06-10,C0716,Laptop,Electronics,1,60000,48000.0,2000,North
12085,2023-06-18,C0056,Office Chair,Furniture,2,7000,4500.0,3000,East
12086,2023-03-30,C0720,Headphone,Electronics,1,2500,,2000,North
12087,2023-06-25,C0553,Tablet,Electronics,1,18000,14000.0,5000,West
12088,2023-09-26,C0032,Mobile,Electronics,3,22000,18000.0,5000,South
12089,2023-03-14,C0527,Laptop,Electronics,1,60000,48000.0,1000,North
12090,2023-09-02,C0574,Headphone,Electronics,2,2500,,500,South
12091,2023-03-18,C0667,Mobile,Electronics,1,22000,18000.0,1000,West
12092,2023-06-08,C0284,Table,Furniture,3,9000,6500.0,1000,East
12093,2023-11-20,C0721,Office Chair,Furniture,2,7000,4500.0,500,South
12094,2023-04-08,C0494,Table,Furniture,1,9000,6500.0,1000,South
12095,2023-04-12,C0187,Office Chair,Furniture,2,7000,4500.0,0,South
12096,2023-05-12,C0498,Headphone,Electronics,1,2500,,2000,North
12097,2023-04-12,C0442,Table,Furniture,3,9000,6500.0,3000,North
12098,2023-01-19,C0130,Office Chair,Furniture,1,7000,4500.0,500,South
12099,2023-03-23,C0639,Tablet,Electronics,2,18000,14000.0,0,South
12100,2023-10-06,C0292,Headphone,Electronics,2,2500,,5000,North
12101,2023-12-05,C0114,Office Chair,Furniture,2,7000,4500.0,3000,East
12102,2023-12-31,C0199,Laptop,Electronics,1,60000,48000.0,3000,South
12103,2023-11-27,C0013,Office Chair,Furniture,1,7000,4500.0,3000,South
12104,2023-05-09,C0271,Table,Furniture,1,9000,6500.0,1000,North
12105,2023-12-10,C0601,Tablet,Electronics,3,18000,14000.0,1000,East
12106,2023-11-06,C0215,Mobile,Electronics,3,22000,18000.0,1000,East
12107,2023-03-30,C0444,Mobile,Electronics,3,22000,18000.0,1000,East
12108,2023-08-01,C0790,Office Chair,Furniture,2,7000,4500.0,0,North
12109,2023-05-23,C0512,Mobile,Electronics,2,22000,18000.0,1000,South
12110,2023-03-06,C0447,Office Chair,Furniture,2,7000,4500.0,500,West
12111,2023-03-17,C0715,Tablet,Electronics,2,18000,14000.0,3000,South
12112,2023-07-18,C0074,Mobile,Electronics,2,22000,18000.0,0,North
12113,2023-05-23,C0537,Table,Furniture,1,9000,6500.0,5000,East
12114,2023-11-12,C0101,Table,Furniture,2,9000,6500.0,1000,North
12115,2023-04-03,C0176,Laptop,Electronics,1,60000,48000.0,5000,North
12116,2023-11-01,C0427,Office Chair,Furniture,3,7000,4500.0,3000,North
12117,2023-08-12,C0117,Mobile,Electronics,3,22000,18000.0,0,North
12118,2023-10-18,C0166,Table,Furniture,3,9000,6500.0,3000,South
12119,2023-04-12,C0041,Tablet,Electronics,3,18000,14000.0,5000,North
12120,2023-09-24,C0429,Tablet,Electronics,3,18000,14000.0,0,West
12121,2023-12-21,C0344,Laptop,Electronics,2,60000,48000.0,2000,South
12122,2023-04-20,C0424,Tablet,Electronics,2,18000,14000.0,0,South
12123,2023-11-26,C0366,Tablet,Electronics,2,18000,14000.0,1000,South
12124,2023-09-22,C0120,Mobile,Electronics,3,22000,18000.0,5000,East
12125,2023-01-03,C0609,Office Chair,Furniture,3,7000,4500.0,3000,South
12126,2023-03-26,C0657,Headphone,Electronics,1,2500,,3000,East
12127,2023-10-09,C0728,Tablet,Electronics,2,18000,14000.0,3000,West
12128,2023-11-24,C0229,Tablet,Electronics,3,18000,14000.0,500,East
12129,2023-10-31,C0130,Headphone,Electronics,3,2500,,500,South
12130,2023-04-27,C0352,Tablet,Electronics,3,18000,14000.0,1000,East
12131,2023-08-09,C0318,Mobile,Electronics,1,22000,18000.0,2000,South
12132,2023-06-03,C0649,Mobile,Electronics,3,22000,18000.0,500,North
12133,2023-06-02,C0337,Headphone,Electronics,1,2500,,0,North
12134,2023-01-12,C0273,Table,Furniture,1,9000,6500.0,5000,West
12135,2023-05-13,C0117,Tablet,Electronics,2,18000,14000.0,1000,North
12136,2023-10-31,C0368,Table,Furniture,3,9000,6500.0,2000,West
12137,2023-10-20,C0094,Tablet,Electronics,1,18000,14000.0,0,North
12138,2023-10-27,C0168,Office Chair,Furniture,3,7000,4500.0,3000,South
12139,2023-08-16,C0715,Tablet,Electronics,2,18000,14000.0,500,East
12140,2023-09-28,C0341,Mobile,Electronics,2,22000,18000.0,0,North
12141,2023-02-12,C0661,Laptop,Electronics,1,60000,48000.0,2000,East
12142,2023-12-09,C0695,Laptop,Electronics,2,60000,48000.0,1000,East
12143,2023-11-22,C0152,Laptop,Electronics,2,60000,48000.0,0,South
12144,2023-10-29,C0586,Laptop,Electronics,2,60000,48000.0,1000,South
12145,2023-12-30,C0274,Table,Furniture,3,9000,6500.0,3000,North
12146,2023-01-21,C0554,Table,Furniture,3,9000,6500.0,2000,South
12147,2023-04-17,C0496,Tablet,Electronics,1,18000,14000.0,2000,North
12148,2023-12-02,C0724,Table,Furniture,1,9000,6500.0,500,South
12149,2023-10-30,C0101,Tablet,Electronics,2,18000,14000.0,5000,West
12150,2023-04-27,C0557,Office Chair,Furniture,2,7000,4500.0,2000,South
12151,2023-05-04,C0082,Tablet,Electronics,1,18000,14000.0,0,East
12152,2023-10-08,C0529,Laptop,Electronics,2,60000,48000.0,0,South
12153,2023-10-19,C0073,Headphone,Electronics,1,2500,,0,North
12154,2023-07-22,C0014,Headphone,Electronics,3,2500,,3000,South
12155,2023-02-20,C0433,Mobile,Electronics,2,22000,18000.0,2000,East
12156,2023-09-28,C0157,Mobile,Electronics,2,22000,18000.0,2000,North
12157,2023-11-20,C0735,Tablet,Electronics,2,18000,14000.0,0,West
12158,2023-10-04,C0132,Headphone,Electronics,3,2500,,500,South
12159,2023-05-21,C0338,Laptop,Electronics,3,60000,48000.0,500,North
12160,2023-10-02,C0404,Table,Furniture,2,9000,6500.0,2000,South
12161,2023-10-17,C0376,Laptop,Electronics,1,60000,48000.0,2000,South
12162,2023-11-30,C0559,Laptop,Electronics,3,60000,48000.0,1000,North
12163,2023-02-21,C0107,Tablet,Electronics,2,18000,14000.0,2000,East
12164,2023-01-27,C0620,Tablet,Electronics,2,18000,14000.0,0,West
12165,2023-06-06,C0265,Office Chair,Furniture,3,7000,4500.0,5000,East
12166,2023-08-27,C0205,Laptop,Electronics,1,60000,48000.0,3000,West
12167,2023-06-05,C0079,Laptop,Electronics,2,60000,48000.0,2000,West
12168,2023-10-18,C0155,Tablet,Electronics,1,18000,14000.0,2000,West
12169,2023-05-16,C0783,Tablet,Electronics,1,18000,14000.0,0,North
12170,2023-05-24,C0247,Office Chair,Furniture,3,7000,4500.0,1000,South
12171,2023-04-16,C0531,Office Chair,Furniture,2,7000,4500.0,5000,North
12172,2023-06-07,C0538,Mobile,Electronics,2,22000,18000.0,2000,South
12173,2023-05-26,C0729,Headphone,Electronics,1,2500,,500,West
12174,2023-01-02,C0154,Laptop,Electronics,3,60000,48000.0,500,North
12175,2023-03-18,C0154,Laptop,Electronics,3,60000,48000.0,500,East
12176,2023-05-12,C0686,Office Chair,Furniture,3,7000,4500.0,3000,East
12177,2023-03-31,C0092,Office Chair,Furniture,1,7000,4500.0,3000,North
12178,2023-12-11,C0433,Mobile,Electronics,1,22000,18000.0,5000,North
12179,2023-12-16,C0338,Headphone,Electronics,2,2500,,2000,South
12180,2023-09-20,C0480,Mobile,Electronics,3,22000,18000.0,2000,North
12181,2023-12-17,C0693,Headphone,Electronics,1,2500,,2000,South
12182,2023-04-18,C0131,Table,Furniture,3,9000,6500.0,3000,South
12183,2023-03-15,C0450,Laptop,Electronics,1,60000,48000.0,5000,South
12184,2023-02-08,C0787,Mobile,Electronics,2,22000,18000.0,2000,North
12185,2023-06-08,C0273,Office Chair,Furniture,3,7000,4500.0,0,South
12186,2023-03-12,C0588,Mobile,Electronics,1,22000,18000.0,1000,North
12187,2023-11-08,C0177,Table,Furniture,3,9000,6500.0,500,West
12188,2023-08-29,C0696,Mobile,Electronics,1,22000,18000.0,500,South
12189,2023-10-25,C0643,Laptop,Electronics,1,60000,48000.0,0,West
12190,2023-02-05,C0049,Table,Furniture,1,9000,6500.0,2000,East
12191,2023-03-25,C0567,Office Chair,Furniture,3,7000,4500.0,5000,East
12192,2023-09-20,C0666,Office Chair,Furniture,1,7000,4500.0,5000,South
12193,2023-11-06,C0355,Tablet,Electronics,2,18000,14000.0,3000,North
12194,2023-06-21,C0712,Table,Furniture,3,9000,6500.0,2000,South
12195,2023-06-22,C0308,Tablet,Electronics,2,18000,14000.0,5000,North
12196,2023-12-28,C0630,Tablet,Electronics,2,18000,14000.0,2000,West
12197,2023-02-16,C0775,Laptop,Electronics,3,60000,48000.0,500,South
12198,2023-05-21,C0046,Mobile,Electronics,1,22000,18000.0,500,West
12199,2023-04-28,C0302,Office Chair,Furniture,2,7000,4500.0,3000,East
12200,2023-10-04,C0408,Office Chair,Furniture,3,7000,4500.0,500,North
12201,2023-08-02,C0189,Mobile,Electronics,1,22000,18000.0,2000,East
12202,2023-08-08,C0129,Office Chair,Furniture,3,7000,4500.0,0,North
12203,2023-01-26,C0561,Mobile,Electronics,3,22000,18000.0,3000,North
12204,2023-01-09,C0537,Table,Furniture,3,9000,6500.0,0,North
12205,2023-09-28,C0266,Laptop,Electronics,1,60000,48000.0,2000,West
12206,2023-01-10,C0118,Laptop,Electronics,2,60000,48000.0,3000,South
12207,2023-05-01,C0464,Laptop,Electronics,2,60000,48000.0,0,East
12208,2023-05-05,C0144,Mobile,Electronics,3,22000,18000.0,3000,North
12209,2023-06-19,C0442,Mobile,Electronics,3,22000,18000.0,2000,South
12210,2023-03-13,C0200,Headphone,Electronics,1,2500,,5000,South
12211,2023-06-01,C0157,Office Chair,Furniture,3,7000,4500.0,3000,South
12212,2023-07-27,C0487,Office Chair,Furniture,3,7000,4500.0,5000,North
12213,2023-02-18,C0134,Headphone,Electronics,3,2500,,2000,South
12214,2023-06-03,C0148,Headphone,Electronics,2,2500,,3000,East
12215,2023-12-13,C0336,Laptop,Electronics,3,60000,48000.0,3000,North
12216,2023-10-20,C0071,Headphone,Electronics,2,2500,,5000,West
12217,2023-03-09,C0233,Mobile,Electronics,1,22000,18000.0,500,North
12218,2023-02-19,C0334,Tablet,Electronics,1,18000,14000.0,5000,South
12219,2023-06-01,C0666,Mobile,Electronics,2,22000,18000.0,5000,North
12220,2023-01-19,C0090,Headphone,Electronics,2,2500,,5000,North
12221,2023-04-10,C0334,Office Chair,Furniture,2,7000,4500.0,2000,West
12222,2023-03-01,C0199,Mobile,Electronics,2,22000,18000.0,1000,West
12223,2023-06-16,C0161,Office Chair,Furniture,3,7000,4500.0,5000,East
12224,2023-07-21,C0538,Mobile,Electronics,2,22000,18000.0,3000,West
12225,2023-12-11,C0121,Office Chair,Furniture,2,7000,4500.0,0,West
12226,2023-05-26,C0301,Table,Furniture,2,9000,6500.0,500,East
12227,2023-06-13,C0724,Mobile,Electronics,3,22000,18000.0,5000,West
12228,2023-08-30,C0575,Office Chair,Furniture,3,7000,4500.0,5000,South
12229,2023-03-10,C0436,Tablet,Electronics,3,18000,14000.0,500,South
12230,2023-06-24,C0068,Laptop,Electronics,1,60000,48000.0,5000,East
12231,2023-02-18,C0765,Mobile,Electronics,3,22000,18000.0,3000,North
12232,2023-04-18,C0459,Tablet,Electronics,2,18000,14000.0,1000,West
12233,2023-08-14,C0514,Laptop,Electronics,3,60000,48000.0,5000,North
12234,2023-06-10,C0398,Mobile,Electronics,3,22000,18000.0,500,West
12235,2023-04-29,C0620,Tablet,Electronics,2,18000,14000.0,5000,South
12236,2023-05-29,C0286,Tablet,Electronics,3,18000,14000.0,2000,South
12237,2023-05-30,C0561,Table,Furniture,1,9000,6500.0,3000,North
12238,2023-10-20,C0140,Tablet,Electronics,3,18000,14000.0,3000,West
12239,2023-05-23,C0730,Table,Furniture,1,9000,6500.0,1000,North
12240,2023-06-09,C0556,Headphone,Electronics,1,2500,,2000,East
12241,2023-01-11,C0781,Office Chair,Furniture,1,7000,4500.0,2000,East
12242,2023-05-18,C0590,Laptop,Electronics,2,60000,48000.0,1000,North
12243,2023-03-19,C0728,Office Chair,Furniture,3,7000,4500.0,0,West
12244,2023-03-18,C0610,Office Chair,Furniture,1,7000,4500.0,5000,North
12245,2023-09-11,C0748,Table,Furniture,1,9000,6500.0,2000,East
12246,2023-09-15,C0282,Office Chair,Furniture,3,7000,4500.0,0,South
12247,2023-11-16,C0661,Tablet,Electronics,2,18000,14000.0,0,North
12248,2023-10-18,C0578,Table,Furniture,2,9000,6500.0,3000,North
12249,2023-09-20,C0746,Office Chair,Furniture,1,7000,4500.0,5000,East
12250,2023-03-26,C0457,Table,Furniture,2,9000,6500.0,3000,West
12251,2023-05-26,C0087,Headphone,Electronics,3,2500,,500,North
12252,2023-11-19,C0079,Table,Furniture,2,9000,6500.0,3000,North
12253,2023-02-11,C0205,Mobile,Electronics,3,22000,18000.0,2000,West
12254,2023-05-05,C0791,Tablet,Electronics,1,18000,14000.0,2000,North
12255,2023-06-16,C0337,Laptop,Electronics,3,60000,48000.0,5000,South
12256,2023-08-29,C0254,Mobile,Electronics,1,22000,18000.0,0,South
12257,2023-10-07,C0304,Mobile,Electronics,3,22000,18000.0,2000,North
12258,2023-07-07,C0380,Mobile,Electronics,3,22000,18000.0,3000,East
12259,2023-10-29,C0130,Office Chair,Furniture,2,7000,4500.0,3000,West
12260,2023-01-19,C0596,Table,Furniture,3,9000,6500.0,5000,South
12261,2023-03-09,C0276,Table,Furniture,1,9000,6500.0,3000,East
12262,2023-08-06,C0699,Office Chair,Furniture,3,7000,4500.0,1000,East
12263,2023-04-12,C0558,Tablet,Electronics,1,18000,14000.0,5000,South
12264,2023-02-11,C0183,Office Chair,Furniture,1,7000,4500.0,5000,North
12265,2023-10-15,C0268,Office Chair,Furniture,3,7000,4500.0,2000,East
12266,2023-06-16,C0322,Office Chair,Furniture,2,7000,4500.0,5000,South
12267,2023-04-19,C0512,Tablet,Electronics,3,18000,14000.0,500,North
12268,2023-02-05,C0612,Tablet,Electronics,3,18000,14000.0,2000,West
12269,2023-08-20,C0078,Headphone,Electronics,2,2500,,2000,East
12270,2023-08-17,C0784,Headphone,Electronics,1,2500,,1000,West
12271,2023-12-19,C0339,Headphone,Electronics,3,2500,,2000,North
12272,2023-06-13,C0674,Headphone,Electronics,2,2500,,0,West
12273,2023-03-14,C0556,Table,Furniture,2,9000,6500.0,3000,East
12274,2023-05-16,C0509,Mobile,Electronics,1,22000,18000.0,3000,West
12275,2023-12-19,C0238,Mobile,Electronics,2,22000,18000.0,5000,West
12276,2023-03-11,C0134,Headphone,Electronics,1,2500,,1000,West
12277,2023-07-15,C0192,Headphone,Electronics,3,2500,,3000,West
12278,2023-09-26,C0356,Laptop,Electronics,2,60000,48000.0,0,North
12279,2023-02-18,C0278,Mobile,Electronics,3,22000,18000.0,1000,East
12280,2023-11-12,C0018,Laptop,Electronics,2,60000,48000.0,500,North
12281,2023-05-10,C0524,Laptop,Electronics,2,60000,48000.0,3000,East
12282,2023-01-05,C0180,Office Chair,Furniture,3,7000,4500.0,2000,West
12283,2023-01-27,C0123,Table,Furniture,2,9000,6500.0,0,North
12284,2023-06-09,C0246,Tablet,Electronics,3,18000,14000.0,0,South
12285,2023-05-29,C0734,Mobile,Electronics,3,22000,18000.0,3000,East
12286,2023-09-21,C0373,Headphone,Electronics,1,2500,,5000,North
12287,2023-08-18,C0051,Headphone,Electronics,3,2500,,500,North
12288,2023-07-19,C0071,Tablet,Electronics,1,18000,14000.0,2000,North
12289,2023-02-19,C0480,Mobile,Electronics,3,22000,18000.0,500,North
12290,2023-03-08,C0560,Headphone,Electronics,2,2500,,500,East
12291,2023-10-27,C0019,Headphone,Electronics,3,2500,,3000,South
12292,2023-02-27,C0774,Office Chair,Furniture,2,7000,4500.0,2000,North
12293,2023-09-16,C0084,Laptop,Electronics,1,60000,48000.0,3000,West
12294,2023-12-08,C0155,Headphone,Electronics,2,2500,,3000,East
12295,2023-11-22,C0565,Table,Furniture,3,9000,6500.0,5000,South
12296,2023-05-10,C0619,Mobile,Electronics,2,22000,18000.0,0,North
12297,2023-08-03,C0357,Table,Furniture,1,9000,6500.0,5000,East
12298,2023-06-21,C0647,Tablet,Electronics,2,18000,14000.0,5000,South
12299,2023-09-15,C0443,Office Chair,Furniture,2,7000,4500.0,3000,East
12300,2023-04-12,C0069,Mobile,Electronics,3,22000,18000.0,5000,East
12301,2023-07-28,C0523,Office Chair,Furniture,3,7000,4500.0,5000,North
12302,2023-10-18,C0143,Laptop,Electronics,2,60000,48000.0,1000,West
12303,2023-12-20,C0192,Headphone,Electronics,1,2500,,2000,South
12304,2023-10-13,C0387,Mobile,Electronics,2,22000,18000.0,0,South
12305,2023-04-26,C0378,Tablet,Electronics,1,18000,14000.0,2000,West
12306,2023-09-21,C0581,Laptop,Electronics,1,60000,48000.0,0,South
12307,2023-05-30,C0535,Laptop,Electronics,1,60000,48000.0,1000,East
12308,2023-10-27,C0693,Office Chair,Furniture,2,7000,4500.0,3000,East
12309,2023-02-05,C0293,Laptop,Electronics,1,60000,48000.0,0,North
12310,2023-11-29,C0009,Mobile,Electronics,2,22000,18000.0,0,West
12311,2023-10-14,C0271,Office Chair,Furniture,1,7000,4500.0,0,South
12312,2023-10-30,C0387,Laptop,Electronics,1,60000,48000.0,1000,South
12313,2023-11-07,C0093,Tablet,Electronics,2,18000,14000.0,2000,West
12314,2023-07-27,C0529,Table,Furniture,3,9000,6500.0,1000,South
12315,2023-04-16,C0154,Mobile,Electronics,3,22000,18000.0,0,East
12316,2023-06-07,C0405,Tablet,Electronics,2,18000,14000.0,5000,West
12317,2023-05-01,C0149,Tablet,Electronics,2,18000,14000.0,0,North
12318,2023-02-24,C0267,Office Chair,Furniture,3,7000,4500.0,5000,North
12319,2023-01-12,C0422,Headphone,Electronics,3,2500,,3000,North
12320,2023-05-25,C0618,Office Chair,Furniture,3,7000,4500.0,1000,West
12321,2023-05-16,C0472,Mobile,Electronics,2,22000,18000.0,5000,North
12322,2023-01-03,C0547,Mobile,Electronics,1,22000,18000.0,1000,South
12323,2023-05-24,C0631,Office Chair,Furniture,2,7000,4500.0,500,North
12324,2023-01-30,C0526,Headphone,Electronics,3,2500,,2000,South
12325,2023-08-25,C0503,Office Chair,Furniture,1,7000,4500.0,500,East
12326,2023-10-06,C0014,Mobile,Electronics,2,22000,18000.0,5000,West
12327,2023-12-14,C0778,Headphone,Electronics,3,2500,,500,South
12328,2023-04-25,C0652,Mobile,Electronics,2,22000,18000.0,2000,South
12329,2023-04-14,C0364,Headphone,Electronics,1,2500,,5000,East
12330,2023-04-28,C0119,Headphone,Electronics,3,2500,,3000,South
12331,2023-01-05,C0238,Office Chair,Furniture,2,7000,4500.0,3000,West
12332,2023-12-26,C0546,Office Chair,Furniture,1,7000,4500.0,2000,South
12333,2023-09-05,C0169,Office Chair,Furniture,1,7000,4500.0,2000,South
12334,2023-12-30,C0522,Headphone,Electronics,2,2500,,5000,West
12335,2023-11-17,C0634,Headphone,Electronics,1,2500,,1000,South
12336,2023-05-01,C0657,Mobile,Electronics,3,22000,18000.0,5000,North
12337,2023-10-13,C0735,Tablet,Electronics,1,18000,14000.0,1000,North
12338,2023-05-29,C0769,Office Chair,Furniture,2,7000,4500.0,1000,West
12339,2023-03-25,C0780,Table,Furniture,3,9000,6500.0,1000,East
12340,2023-08-19,C0516,Mobile,Electronics,1,22000,18000.0,5000,South
12341,2023-10-15,C0397,Mobile,Electronics,1,22000,18000.0,0,West
12342,2023-06-10,C0106,Laptop,Electronics,3,60000,48000.0,0,South
12343,2023-09-29,C0085,Office Chair,Furniture,3,7000,4500.0,3000,South
12344,2023-02-07,C0214,Mobile,Electronics,1,22000,18000.0,0,East
12345,2023-08-14,C0121,Laptop,Electronics,3,60000,48000.0,0,East
12346,2023-05-22,C0132,Table,Furniture,2,9000,6500.0,1000,South
12347,2023-10-19,C0197,Table,Furniture,1,9000,6500.0,1000,North
12348,2023-05-31,C0019,Office Chair,Furniture,2,7000,4500.0,2000,North
12349,2023-04-24,C0642,Headphone,Electronics,1,2500,,1000,East
12350,2023-08-25,C0012,Laptop,Electronics,2,60000,48000.0,5000,West
12351,2023-03-07,C0081,Headphone,Electronics,2,2500,,2000,East
12352,2023-12-27,C0330,Table,Furniture,3,9000,6500.0,2000,West
12353,2023-12-07,C0774,Table,Furniture,1,9000,6500.0,0,East
12354,2023-09-15,C0392,Tablet,Electronics,3,18000,14000.0,1000,West
12355,2023-09-06,C0637,Tablet,Electronics,3,18000,14000.0,0,North
12356,2023-11-27,C0307,Tablet,Electronics,1,18000,14000.0,1000,South
12357,2023-11-19,C0267,Tablet,Electronics,2,18000,14000.0,0,South
12358,2023-06-29,C0447,Mobile,Electronics,1,22000,18000.0,0,North
12359,2023-07-09,C0441,Tablet,Electronics,1,18000,14000.0,0,East
12360,2023-06-03,C0652,Mobile,Electronics,1,22000,18000.0,5000,West
12361,2023-07-15,C0002,Mobile,Electronics,3,22000,18000.0,3000,South
12362,2023-11-07,C0520,Office Chair,Furniture,1,7000,4500.0,0,West
12363,2023-09-19,C0762,Mobile,Electronics,1,22000,18000.0,500,South
12364,2023-05-23,C0651,Mobile,Electronics,1,22000,18000.0,500,South
12365,2023-12-08,C0636,Tablet,Electronics,2,18000,14000.0,500,East
12366,2023-11-12,C0309,Mobile,Electronics,2,22000,18000.0,5000,North
12367,2023-04-11,C0740,Headphone,Electronics,2,2500,,2000,South
12368,2023-09-01,C0522,Tablet,Electronics,2,18000,14000.0,0,South
12369,2023-01-12,C0469,Laptop,Electronics,3,60000,48000.0,500,West
12370,2023-08-27,C0212,Tablet,Electronics,3,18000,14000.0,5000,East
12371,2023-02-18,C0112,Mobile,Electronics,1,22000,18000.0,2000,South
12372,2023-02-11,C0008,Headphone,Electronics,3,2500,,500,North
12373,2023-06-15,C0477,Tablet,Electronics,2,18000,14000.0,1000,West
12374,2023-03-23,C0460,Headphone,Electronics,1,2500,,3000,South
12375,2023-10-18,C0253,Laptop,Electronics,1,60000,48000.0,0,West
12376,2023-06-07,C0526,Table,Furniture,2,9000,6500.0,3000,South
12377,2023-08-04,C0752,Laptop,Electronics,2,60000,48000.0,3000,East
12378,2023-06-07,C0438,Table,Furniture,2,9000,6500.0,1000,East
12379,2023-05-14,C0754,Office Chair,Furniture,3,7000,4500.0,1000,South
12380,2023-03-08,C0661,Table,Furniture,1,9000,6500.0,1000,East
12381,2023-12-02,C0236,Office Chair,Furniture,2,7000,4500.0,2000,South
12382,2023-01-07,C0306,Tablet,Electronics,1,18000,14000.0,500,East
12383,2023-01-14,C0478,Office Chair,Furniture,1,7000,4500.0,0,West
12384,2023-03-14,C0679,Headphone,Electronics,3,2500,,1000,North
12385,2023-06-12,C0020,Office Chair,Furniture,1,7000,4500.0,5000,East
12386,2023-03-07,C0216,Headphone,Electronics,2,2500,,0,North
12387,2023-12-13,C0135,Table,Furniture,2,9000,6500.0,0,North
12388,2023-05-10,C0129,Table,Furniture,1,9000,6500.0,0,East
12389,2023-07-25,C0410,Table,Furniture,1,9000,6500.0,1000,North
12390,2023-10-03,C0422,Office Chair,Furniture,3,7000,4500.0,1000,South
12391,2023-09-13,C0294,Table,Furniture,2,9000,6500.0,500,North
12392,2023-09-23,C0246,Office Chair,Furniture,2,7000,4500.0,1000,South
12393,2023-01-25,C0701,Office Chair,Furniture,1,7000,4500.0,1000,North
12394,2023-10-08,C0556,Mobile,Electronics,1,22000,18000.0,0,North
12395,2023-09-10,C0086,Mobile,Electronics,1,22000,18000.0,500,West
12396,2023-11-06,C0556,Office Chair,Furniture,2,7000,4500.0,3000,East
12397,2023-10-16,C0375,Headphone,Electronics,1,2500,,1000,West
12398,2023-06-13,C0446,Tablet,Electronics,3,18000,14000.0,5000,North
12399,2023-04-05,C0378,Laptop,Electronics,3,60000,48000.0,1000,East
12400,2023-09-27,C0390,Mobile,Electronics,1,22000,18000.0,3000,East
12401,2023-11-17,C0657,Office Chair,Furniture,3,7000,4500.0,0,North
12402,2023-04-20,C0051,Laptop,Electronics,3,60000,48000.0,500,East
12403,2023-12-02,C0242,Mobile,Electronics,3,22000,18000.0,0,East
12404,2023-11-06,C0294,Tablet,Electronics,3,18000,14000.0,2000,South
12405,2023-08-26,C0563,Headphone,Electronics,3,2500,,1000,East
12406,2023-01-25,C0266,Office Chair,Furniture,2,7000,4500.0,5000,South
12407,2023-05-21,C0120,Tablet,Electronics,1,18000,14000.0,2000,South
12408,2023-04-27,C0712,Mobile,Electronics,3,22000,18000.0,1000,South
12409,2023-01-25,C0248,Office Chair,Furniture,1,7000,4500.0,2000,West
12410,2023-03-20,C0070,Laptop,Electronics,3,60000,48000.0,3000,South
12411,2023-03-09,C0057,Table,Furniture,2,9000,6500.0,1000,South
12412,2023-06-22,C0382,Headphone,Electronics,2,2500,,5000,East
12413,2023-01-12,C0039,Mobile,Electronics,3,22000,18000.0,1000,East
12414,2023-10-15,C0443,Headphone,Electronics,3,2500,,2000,East
12415,2023-05-08,C0018,Office Chair,Furniture,3,7000,4500.0,500,North
12416,2023-04-06,C0732,Table,Furniture,2,9000,6500.0,2000,East
12417,2023-04-02,C0756,Tablet,Electronics,2,18000,14000.0,1000,South
12418,2023-05-21,C0352,Headphone,Electronics,1,2500,,1000,South
12419,2023-01-31,C0298,Laptop,Electronics,2,60000,48000.0,500,South
12420,2023-11-30,C0283,Mobile,Electronics,3,22000,18000.0,0,East
12421,2023-01-20,C0586,Laptop,Electronics,1,60000,48000.0,500,West
12422,2023-05-26,C0110,Headphone,Electronics,2,2500,,0,East
12423,2023-11-12,C0180,Table,Furniture,2,9000,6500.0,5000,South
12424,2023-06-09,C0544,Tablet,Electronics,3,18000,14000.0,1000,South
12425,2023-12-15,C0746,Tablet,Electronics,1,18000,14000.0,3000,North
12426,2023-02-12,C0794,Laptop,Electronics,2,60000,48000.0,3000,West
12427,2023-09-11,C0025,Office Chair,Furniture,2,7000,4500.0,2000,South
12428,2023-05-10,C0791,Office Chair,Furniture,3,7000,4500.0,500,South
12429,2023-03-01,C0738,Table,Furniture,1,9000,6500.0,500,East
12430,2023-05-31,C0057,Tablet,Electronics,1,18000,14000.0,3000,North
12431,2023-10-14,C0180,Laptop,Electronics,1,60000,48000.0,0,West
12432,2023-01-05,C0232,Laptop,Electronics,1,60000,48000.0,500,East
12433,2023-09-23,C0343,Laptop,Electronics,3,60000,48000.0,0,East
12434,2023-12-11,C0477,Headphone,Electronics,2,2500,,0,North
12435,2023-05-10,C0799,Table,Furniture,2,9000,6500.0,0,South
12436,2023-09-24,C0576,Office Chair,Furniture,1,7000,4500.0,0,North
12437,2023-06-27,C0455,Office Chair,Furniture,1,7000,4500.0,2000,South
12438,2023-09-10,C0232,Headphone,Electronics,1,2500,,2000,East
12439,2023-02-25,C0289,Mobile,Electronics,2,22000,18000.0,3000,North
12440,2023-03-24,C0213,Headphone,Electronics,2,2500,,2000,East
12441,2023-04-09,C0258,Table,Furniture,1,9000,6500.0,5000,South
12442,2023-05-29,C0530,Laptop,Electronics,3,60000,48000.0,500,West
12443,2023-11-25,C0687,Headphone,Electronics,2,2500,,5000,South
12444,2023-06-05,C0229,Laptop,Electronics,2,60000,48000.0,2000,South
12445,2023-07-09,C0226,Table,Furniture,1,9000,6500.0,500,South
12446,2023-09-20,C0596,Table,Furniture,3,9000,6500.0,500,West
12447,2023-03-21,C0435,Tablet,Electronics,1,18000,14000.0,0,South
12448,2023-09-09,C0758,Laptop,Electronics,1,60000,48000.0,3000,South
12449,2023-04-07,C0402,Office Chair,Furniture,3,7000,4500.0,0,North
12450,2023-09-17,C0622,Headphone,Electronics,3,2500,,0,South
12451,2023-09-17,C0766,Table,Furniture,3,9000,6500.0,5000,West
12452,2023-04-13,C0088,Laptop,Electronics,2,60000,48000.0,2000,East
12453,2023-02-09,C0584,Mobile,Electronics,1,22000,18000.0,5000,North
12454,2023-09-30,C0542,Tablet,Electronics,2,18000,14000.0,2000,South
12455,2023-04-11,C0684,Mobile,Electronics,3,22000,18000.0,5000,North
12456,2023-12-25,C0309,Table,Furniture,2,9000,6500.0,500,West
12457,2023-11-04,C0343,Mobile,Electronics,3,22000,18000.0,2000,South
12458,2023-08-09,C0436,Mobile,Electronics,3,22000,18000.0,2000,East
12459,2023-11-04,C0177,Tablet,Electronics,1,18000,14000.0,5000,East
12460,2023-05-04,C0139,Tablet,Electronics,1,18000,14000.0,1000,West
12461,2023-08-19,C0194,Tablet,Electronics,1,18000,14000.0,500,West
12462,2023-06-27,C0186,Tablet,Electronics,2,18000,14000.0,500,North
12463,2023-03-04,C0218,Mobile,Electronics,1,22000,18000.0,1000,West
12464,2023-04-26,C0164,Office Chair,Furniture,3,7000,4500.0,5000,West
12465,2023-07-10,C0161,Office Chair,Furniture,1,7000,4500.0,5000,South
12466,2023-03-03,C0525,Tablet,Electronics,2,18000,14000.0,500,West
12467,2023-09-13,C0601,Headphone,Electronics,1,2500,,5000,East
12468,2023-01-07,C0042,Laptop,Electronics,1,60000,48000.0,3000,East
12469,2023-06-04,C0210,Table,Furniture,1,9000,6500.0,3000,North
12470,2023-04-02,C0741,Headphone,Electronics,2,2500,,1000,East
12471,2023-01-14,C0275,Table,Furniture,3,9000,6500.0,2000,North
12472,2023-08-17,C0279,Headphone,Electronics,3,2500,,3000,West
12473,2023-03-27,C0251,Headphone,Electronics,3,2500,,5000,West
12474,2023-05-13,C0310,Office Chair,Furniture,1,7000,4500.0,1000,East
12475,2023-07-02,C0720,Laptop,Electronics,1,60000,48000.0,3000,South
12476,2023-03-03,C0140,Headphone,Electronics,2,2500,,0,East
12477,2023-08-07,C0792,Tablet,Electronics,3,18000,14000.0,1000,South
12478,2023-09-03,C0546,Table,Furniture,1,9000,6500.0,500,East
12479,2023-08-18,C0530,Office Chair,Furniture,1,7000,4500.0,3000,East
12480,2023-03-20,C0057,Table,Furniture,1,9000,6500.0,500,North
12481,2023-05-29,C0112,Tablet,Electronics,2,18000,14000.0,1000,North
12482,2023-05-18,C0005,Tablet,Electronics,3,18000,14000.0,3000,East
12483,2023-11-10,C0410,Headphone,Electronics,2,2500,,500,South
12484,2023-03-06,C0414,Tablet,Electronics,3,18000,14000.0,2000,West
12485,2023-01-13,C0182,Laptop,Electronics,3,60000,48000.0,2000,South
12486,2023-08-01,C0013,Tablet,Electronics,1,18000,14000.0,0,North
12487,2023-08-30,C0339,Headphone,Electronics,1,2500,,5000,East
12488,2023-08-01,C0797,Table,Furniture,1,9000,6500.0,1000,East
12489,2023-06-30,C0259,Tablet,Electronics,1,18000,14000.0,5000,South
12490,2023-12-04,C0090,Office Chair,Furniture,1,7000,4500.0,5000,East
12491,2023-06-22,C0616,Office Chair,Furniture,3,7000,4500.0,500,South
12492,2023-06-09,C0698,Office Chair,Furniture,1,7000,4500.0,0,East
12493,2023-06-13,C0250,Table,Furniture,1,9000,6500.0,1000,North
12494,2023-07-07,C0255,Mobile,Electronics,2,22000,18000.0,2000,South
12495,2023-07-10,C0588,Office Chair,Furniture,2,7000,4500.0,5000,North
12496,2023-11-04,C0108,Office Chair,Furniture,3,7000,4500.0,500,North
12497,2023-09-13,C0668,Mobile,Electronics,3,22000,18000.0,5000,North
12498,2023-07-02,C0594,Table,Furniture,2,9000,6500.0,3000,North
12499,2023-04-27,C0589,Office Chair,Furniture,2,7000,4500.0,2000,West
12500,2023-10-09,C0485,Headphone,Electronics,1,2500,,5000,North
12501,2023-07-15,C0258,Table,Furniture,1,9000,6500.0,3000,North
12502,2023-02-03,C0639,Office Chair,Furniture,3,7000,4500.0,3000,West
12503,2023-02-21,C0282,Office Chair,Furniture,2,7000,4500.0,500,South
12504,2023-04-22,C0088,Mobile,Electronics,3,22000,18000.0,500,South
12505,2023-09-09,C0204,Headphone,Electronics,1,2500,,3000,South
12506,2023-03-23,C0016,Table,Furniture,3,9000,6500.0,0,South
12507,2023-08-20,C0151,Tablet,Electronics,3,18000,14000.0,5000,South
12508,2023-08-15,C0254,Laptop,Electronics,3,60000,48000.0,3000,North
12509,2023-08-21,C0188,Headphone,Electronics,1,2500,,3000,West
12510,2023-08-09,C0329,Tablet,Electronics,3,18000,14000.0,500,North
12511,2023-02-11,C0544,Headphone,Electronics,1,2500,,5000,North
12512,2023-01-21,C0783,Tablet,Electronics,2,18000,14000.0,1000,South
12513,2023-02-11,C0397,Tablet,Electronics,3,18000,14000.0,2000,South
12514,2023-04-23,C0517,Headphone,Electronics,3,2500,,500,South
12515,2023-04-15,C0459,Mobile,Electronics,1,22000,18000.0,5000,West
12516,2023-07-11,C0330,Headphone,Electronics,3,2500,,5000,West
12517,2023-01-17,C0169,Headphone,Electronics,1,2500,,0,East
12518,2023-04-30,C0693,Tablet,Electronics,3,18000,14000.0,2000,North
12519,2023-05-09,C0366,Laptop,Electronics,2,60000,48000.0,500,West
12520,2023-05-10,C0178,Tablet,Electronics,2,18000,14000.0,500,South
12521,2023-03-01,C0655,Office Chair,Furniture,2,7000,4500.0,1000,North
12522,2023-02-17,C0362,Headphone,Electronics,3,2500,,0,South
12523,2023-01-29,C0760,Table,Furniture,3,9000,6500.0,0,East
12524,2023-04-07,C0639,Headphone,Electronics,2,2500,,5000,North
12525,2023-01-10,C0775,Mobile,Electronics,2,22000,18000.0,5000,East
12526,2023-08-30,C0040,Table,Furniture,1,9000,6500.0,500,West
12527,2023-11-10,C0416,Tablet,Electronics,1,18000,14000.0,1000,North
12528,2023-08-20,C0355,Mobile,Electronics,2,22000,18000.0,500,East
12529,2023-10-04,C0255,Headphone,Electronics,2,2500,,3000,South
12530,2023-10-11,C0143,Tablet,Electronics,3,18000,14000.0,5000,South
12531,2023-07-22,C0752,Tablet,Electronics,2,18000,14000.0,3000,North
12532,2023-09-04,C0740,Office Chair,Furniture,1,7000,4500.0,1000,East
12533,2023-10-17,C0710,Office Chair,Furniture,1,7000,4500.0,500,South
12534,2023-09-21,C0577,Laptop,Electronics,1,60000,48000.0,5000,West
12535,2023-08-02,C0011,Office Chair,Furniture,1,7000,4500.0,1000,West
12536,2023-07-19,C0620,Table,Furniture,1,9000,6500.0,500,West
12537,2023-03-20,C0026,Tablet,Electronics,1,18000,14000.0,500,North
12538,2023-12-09,C0421,Office Chair,Furniture,2,7000,4500.0,3000,North
12539,2023-12-10,C0663,Laptop,Electronics,1,60000,48000.0,2000,South
12540,2023-06-22,C0221,Headphone,Electronics,1,2500,,0,East
12541,2023-03-10,C0496,Table,Furniture,1,9000,6500.0,5000,West
12542,2023-03-28,C0237,Office Chair,Furniture,1,7000,4500.0,0,East
12543,2023-04-11,C0237,Tablet,Electronics,2,18000,14000.0,1000,South
12544,2023-01-08,C0219,Headphone,Electronics,3,2500,,0,North
12545,2023-11-29,C0487,Tablet,Electronics,3,18000,14000.0,3000,West
12546,2023-07-19,C0461,Headphone,Electronics,3,2500,,2000,North
12547,2023-03-28,C0663,Table,Furniture,3,9000,6500.0,5000,North
12548,2023-02-12,C0635,Tablet,Electronics,1,18000,14000.0,500,West
12549,2023-04-19,C0144,Office Chair,Furniture,3,7000,4500.0,500,South
12550,2023-06-01,C0189,Office Chair,Furniture,3,7000,4500.0,3000,North
12551,2023-01-17,C0255,Laptop,Electronics,2,60000,48000.0,5000,South
12552,2023-05-13,C0068,Headphone,Electronics,2,2500,,0,North
12553,2023-05-28,C0616,Laptop,Electronics,2,60000,48000.0,500,East
12554,2023-10-04,C0336,Mobile,Electronics,1,22000,18000.0,0,North
12555,2023-08-20,C0671,Office Chair,Furniture,1,7000,4500.0,3000,West
12556,2023-11-10,C0409,Headphone,Electronics,1,2500,,500,South
12557,2023-08-16,C0300,Table,Furniture,2,9000,6500.0,1000,South
12558,2023-05-19,C0602,Laptop,Electronics,3,60000,48000.0,2000,North
12559,2023-07-30,C0357,Table,Furniture,2,9000,6500.0,0,North
12560,2023-01-28,C0256,Table,Furniture,1,9000,6500.0,5000,East
12561,2023-02-20,C0353,Table,Furniture,2,9000,6500.0,0,East
12562,2023-09-18,C0732,Laptop,Electronics,3,60000,48000.0,0,North
12563,2023-09-18,C0521,Mobile,Electronics,1,22000,18000.0,0,South
12564,2023-12-16,C0524,Laptop,Electronics,3,60000,48000.0,3000,West
12565,2023-12-18,C0756,Tablet,Electronics,3,18000,14000.0,3000,South
12566,2023-01-08,C0694,Office Chair,Furniture,1,7000,4500.0,5000,North
12567,2023-11-16,C0284,Laptop,Electronics,3,60000,48000.0,3000,South
12568,2023-05-18,C0312,Laptop,Electronics,2,60000,48000.0,5000,East
12569,2023-02-07,C0099,Mobile,Electronics,3,22000,18000.0,5000,North
12570,2023-04-21,C0197,Tablet,Electronics,3,18000,14000.0,3000,South
12571,2023-08-08,C0482,Laptop,Electronics,3,60000,48000.0,500,East
12572,2023-12-03,C0226,Office Chair,Furniture,2,7000,4500.0,3000,West
12573,2023-08-11,C0615,Office Chair,Furniture,3,7000,4500.0,500,South
12574,2023-05-16,C0618,Laptop,Electronics,3,60000,48000.0,1000,North
12575,2023-09-13,C0365,Table,Furniture,2,9000,6500.0,3000,South
12576,2023-12-26,C0368,Table,Furniture,1,9000,6500.0,1000,North
12577,2023-11-25,C0570,Tablet,Electronics,1,18000,14000.0,3000,North
12578,2023-02-18,C0590,Office Chair,Furniture,1,7000,4500.0,1000,South
12579,2023-10-19,C0075,Table,Furniture,3,9000,6500.0,2000,West
12580,2023-11-20,C0042,Office Chair,Furniture,1,7000,4500.0,1000,West
12581,2023-03-19,C0422,Tablet,Electronics,2,18000,14000.0,500,North
12582,2023-04-15,C0181,Tablet,Electronics,3,18000,14000.0,0,East
12583,2023-06-18,C0545,Table,Furniture,3,9000,6500.0,5000,North
12584,2023-08-05,C0071,Laptop,Electronics,3,60000,48000.0,1000,North
12585,2023-04-29,C0568,Headphone,Electronics,1,2500,,0,West
12586,2023-07-09,C0105,Mobile,Electronics,1,22000,18000.0,2000,West
12587,2023-09-12,C0200,Headphone,Electronics,1,2500,,2000,North
12588,2023-09-23,C0101,Headphone,Electronics,3,2500,,500,North
12589,2023-05-29,C0768,Office Chair,Furniture,2,7000,4500.0,500,North
12590,2023-06-13,C0307,Tablet,Electronics,3,18000,14000.0,1000,South
12591,2023-05-20,C0586,Office Chair,Furniture,2,7000,4500.0,3000,West
12592,2023-12-13,C0683,Table,Furniture,3,9000,6500.0,2000,North
12593,2023-09-15,C0377,Mobile,Electronics,2,22000,18000.0,0,South
12594,2023-09-26,C0655,Table,Furniture,3,9000,6500.0,3000,North
12595,2023-06-30,C0678,Laptop,Electronics,3,60000,48000.0,2000,North
12596,2023-06-09,C0399,Mobile,Electronics,2,22000,18000.0,1000,East
12597,2023-12-17,C0773,Office Chair,Furniture,2,7000,4500.0,2000,West
12598,2023-10-15,C0221,Office Chair,Furniture,2,7000,4500.0,500,North
12599,2023-10-15,C0595,Table,Furniture,2,9000,6500.0,0,North
12600,2023-08-14,C0182,Office Chair,Furniture,2,7000,4500.0,0,North
12601,2023-01-11,C0307,Office Chair,Furniture,2,7000,4500.0,500,South
12602,2023-01-10,C0522,Headphone,Electronics,2,2500,,3000,North
12603,2023-09-28,C0396,Laptop,Electronics,2,60000,48000.0,500,South
12604,2023-09-30,C0004,Headphone,Electronics,3,2500,,0,South
12605,2023-07-02,C0281,Office Chair,Furniture,2,7000,4500.0,1000,North
12606,2023-06-02,C0215,Tablet,Electronics,2,18000,14000.0,3000,East
12607,2023-11-11,C0610,Headphone,Electronics,3,2500,,5000,North
12608,2023-11-30,C0420,Office Chair,Furniture,3,7000,4500.0,2000,East
12609,2023-05-04,C0101,Office Chair,Furniture,1,7000,4500.0,5000,South
12610,2023-04-24,C0521,Laptop,Electronics,1,60000,48000.0,1000,West
12611,2023-10-05,C0573,Table,Furniture,2,9000,6500.0,5000,North
12612,2023-08-01,C0309,Mobile,Electronics,2,22000,18000.0,3000,East
12613,2023-06-21,C0658,Headphone,Electronics,1,2500,,0,North
12614,2023-10-15,C0510,Headphone,Electronics,1,2500,,0,West
12615,2023-06-23,C0063,Headphone,Electronics,2,2500,,1000,East
12616,2023-04-23,C0633,Office Chair,Furniture,1,7000,4500.0,5000,South
12617,2023-05-02,C0226,Laptop,Electronics,2,60000,48000.0,3000,South
12618,2023-02-01,C0105,Office Chair,Furniture,3,7000,4500.0,2000,West
12619,2023-08-10,C0772,Office Chair,Furniture,3,7000,4500.0,5000,West
12620,2023-04-29,C0425,Table,Furniture,1,9000,6500.0,5000,West
12621,2023-02-08,C0255,Tablet,Electronics,3,18000,14000.0,2000,West
12622,2023-09-25,C0429,Laptop,Electronics,3,60000,48000.0,500,West
12623,2023-08-21,C0434,Headphone,Electronics,3,2500,,1000,South
12624,2023-01-18,C0207,Mobile,Electronics,3,22000,18000.0,3000,North
12625,2023-05-29,C0028,Headphone,Electronics,2,2500,,1000,North
12626,2023-05-29,C0682,Office Chair,Furniture,2,7000,4500.0,2000,East
12627,2023-05-06,C0336,Laptop,Electronics,1,60000,48000.0,3000,South
12628,2023-10-29,C0588,Laptop,Electronics,3,60000,48000.0,0,South
12629,2023-12-26,C0628,Laptop,Electronics,3,60000,48000.0,0,North
12630,2023-08-26,C0069,Tablet,Electronics,3,18000,14000.0,3000,East
12631,2023-05-15,C0746,Headphone,Electronics,1,2500,,1000,North
12632,2023-05-31,C0513,Tablet,Electronics,2,18000,14000.0,1000,South
12633,2023-08-24,C0167,Table,Furniture,3,9000,6500.0,0,South
12634,2023-08-12,C0730,Mobile,Electronics,2,22000,18000.0,0,North
12635,2023-07-22,C0785,Table,Furniture,1,9000,6500.0,2000,West
12636,2023-09-13,C0368,Office Chair,Furniture,2,7000,4500.0,3000,South
12637,2023-03-27,C0251,Tablet,Electronics,3,18000,14000.0,1000,West
12638,2023-05-30,C0686,Tablet,Electronics,2,18000,14000.0,2000,North
12639,2023-08-23,C0170,Table,Furniture,2,9000,6500.0,1000,North
12640,2023-12-11,C0758,Office Chair,Furniture,1,7000,4500.0,0,North
12641,2023-01-22,C0090,Laptop,Electronics,1,60000,48000.0,3000,North
12642,2023-12-14,C0561,Office Chair,Furniture,1,7000,4500.0,500,North
12643,2023-10-12,C0446,Headphone,Electronics,1,2500,,3000,North
12644,2023-09-26,C0294,Table,Furniture,2,9000,6500.0,5000,West
12645,2023-09-15,C0150,Office Chair,Furniture,2,7000,4500.0,500,West
12646,2023-01-29,C0132,Laptop,Electronics,1,60000,48000.0,2000,West
12647,2023-08-01,C0433,Office Chair,Furniture,1,7000,4500.0,500,West
12648,2023-10-10,C0059,Tablet,Electronics,3,18000,14000.0,500,South
12649,2023-02-19,C0199,Mobile,Electronics,3,22000,18000.0,2000,South
12650,2023-04-05,C0215,Tablet,Electronics,1,18000,14000.0,3000,North
12651,2023-03-29,C0561,Mobile,Electronics,2,22000,18000.0,2000,North
12652,2023-02-13,C0472,Office Chair,Furniture,1,7000,4500.0,5000,East
12653,2023-10-05,C0744,Headphone,Electronics,2,2500,,0,West
12654,2023-06-20,C0247,Office Chair,Furniture,2,7000,4500.0,0,East
12655,2023-07-08,C0382,Laptop,Electronics,3,60000,48000.0,500,West
12656,2023-12-19,C0239,Office Chair,Furniture,1,7000,4500.0,2000,North
12657,2023-07-03,C0367,Mobile,Electronics,1,22000,18000.0,2000,South
12658,2023-01-03,C0168,Tablet,Electronics,2,18000,14000.0,2000,South
12659,2023-07-10,C0560,Headphone,Electronics,1,2500,,5000,West
12660,2023-04-28,C0051,Office Chair,Furniture,3,7000,4500.0,5000,West
12661,2023-01-19,C0610,Office Chair,Furniture,3,7000,4500.0,3000,South
12662,2023-01-23,C0728,Tablet,Electronics,1,18000,14000.0,1000,North
12663,2023-01-30,C0689,Headphone,Electronics,1,2500,,1000,North
12664,2023-10-22,C0380,Table,Furniture,3,9000,6500.0,1000,South
12665,2023-04-18,C0474,Office Chair,Furniture,1,7000,4500.0,3000,West
12666,2023-10-08,C0080,Office Chair,Furniture,2,7000,4500.0,2000,North
12667,2023-05-08,C0697,Table,Furniture,1,9000,6500.0,1000,North
12668,2023-08-17,C0367,Mobile,Electronics,2,22000,18000.0,2000,South
12669,2023-04-21,C0461,Mobile,Electronics,1,22000,18000.0,500,West
12670,2023-05-16,C0539,Laptop,Electronics,1,60000,48000.0,1000,South
12671,2023-12-28,C0452,Tablet,Electronics,3,18000,14000.0,500,East
12672,2023-07-05,C0464,Headphone,Electronics,2,2500,,3000,South
12673,2023-05-24,C0478,Office Chair,Furniture,3,7000,4500.0,0,North
12674,2023-03-13,C0420,Office Chair,Furniture,1,7000,4500.0,5000,North
12675,2023-05-09,C0707,Laptop,Electronics,3,60000,48000.0,3000,West
12676,2023-12-30,C0214,Office Chair,Furniture,1,7000,4500.0,3000,West
12677,2023-09-18,C0369,Tablet,Electronics,1,18000,14000.0,3000,South
12678,2023-01-03,C0114,Laptop,Electronics,1,60000,48000.0,1000,South
12679,2023-04-14,C0754,Tablet,Electronics,2,18000,14000.0,500,West
12680,2023-08-12,C0503,Laptop,Electronics,2,60000,48000.0,5000,East
12681,2023-11-16,C0636,Office Chair,Furniture,2,7000,4500.0,1000,North
12682,2023-12-28,C0588,Laptop,Electronics,3,60000,48000.0,0,South
12683,2023-12-20,C0311,Mobile,Electronics,1,22000,18000.0,5000,East
12684,2023-01-10,C0469,Headphone,Electronics,3,2500,,3000,South
12685,2023-10-29,C0708,Office Chair,Furniture,3,7000,4500.0,2000,West
12686,2023-08-19,C0044,Table,Furniture,1,9000,6500.0,0,West
12687,2023-08-07,C0415,Headphone,Electronics,3,2500,,500,North
12688,2023-03-07,C0698,Office Chair,Furniture,1,7000,4500.0,0,East
12689,2023-04-22,C0246,Headphone,Electronics,1,2500,,1000,South
12690,2023-01-13,C0084,Mobile,Electronics,1,22000,18000.0,2000,East
12691,2023-03-27,C0207,Headphone,Electronics,1,2500,,1000,East
12692,2023-08-22,C0151,Laptop,Electronics,3,60000,48000.0,5000,South
12693,2023-03-31,C0668,Headphone,Electronics,3,2500,,3000,West
12694,2023-11-10,C0528,Office Chair,Furniture,3,7000,4500.0,3000,East
12695,2023-02-23,C0165,Table,Furniture,2,9000,6500.0,0,West
12696,2023-01-12,C0145,Table,Furniture,3,9000,6500.0,3000,North
12697,2023-07-28,C0037,Tablet,Electronics,3,18000,14000.0,3000,South
12698,2023-01-14,C0333,Headphone,Electronics,2,2500,,5000,East
12699,2023-05-01,C0403,Table,Furniture,1,9000,6500.0,500,West
12700,2023-01-20,C0414,Headphone,Electronics,1,2500,,500,South
12701,2023-03-16,C0045,Table,Furniture,1,9000,6500.0,1000,North
12702,2023-08-31,C0402,Headphone,Electronics,2,2500,,1000,South
12703,2023-08-11,C0206,Office Chair,Furniture,3,7000,4500.0,500,South
12704,2023-03-11,C0062,Headphone,Electronics,3,2500,,0,West
12705,2023-11-08,C0420,Office Chair,Furniture,3,7000,4500.0,500,East
12706,2023-07-30,C0468,Office Chair,Furniture,3,7000,4500.0,1000,West
12707,2023-04-11,C0019,Tablet,Electronics,2,18000,14000.0,2000,East
12708,2023-07-05,C0365,Table,Furniture,3,9000,6500.0,3000,North
12709,2023-05-12,C0300,Laptop,Electronics,1,60000,48000.0,5000,East
12710,2023-04-21,C0007,Office Chair,Furniture,2,7000,4500.0,2000,East
12711,2023-05-12,C0761,Table,Furniture,2,9000,6500.0,2000,West
12712,2023-01-20,C0428,Mobile,Electronics,1,22000,18000.0,3000,North
12713,2023-01-24,C0117,Headphone,Electronics,1,2500,,500,North
12714,2023-08-15,C0580,Mobile,Electronics,3,22000,18000.0,0,North
12715,2023-06-03,C0507,Headphone,Electronics,1,2500,,2000,South
12716,2023-10-20,C0546,Tablet,Electronics,2,18000,14000.0,0,North
12717,2023-08-18,C0706,Office Chair,Furniture,2,7000,4500.0,5000,East
12718,2023-11-06,C0325,Laptop,Electronics,2,60000,48000.0,5000,West
12719,2023-12-25,C0055,Office Chair,Furniture,3,7000,4500.0,5000,South
12720,2023-07-21,C0778,Headphone,Electronics,3,2500,,1000,South
12721,2023-02-07,C0042,Laptop,Electronics,1,60000,48000.0,2000,West
12722,2023-09-17,C0297,Office Chair,Furniture,3,7000,4500.0,5000,South
12723,2023-07-07,C0231,Laptop,Electronics,3,60000,48000.0,1000,North
12724,2023-02-26,C0453,Headphone,Electronics,2,2500,,5000,South
12725,2023-01-20,C0394,Tablet,Electronics,2,18000,14000.0,500,South
12726,2023-09-30,C0522,Tablet,Electronics,1,18000,14000.0,2000,North
12727,2023-04-29,C0358,Office Chair,Furniture,2,7000,4500.0,1000,East
12728,2023-03-12,C0444,Mobile,Electronics,3,22000,18000.0,5000,West
12729,2023-01-04,C0128,Headphone,Electronics,1,2500,,1000,East
12730,2023-08-09,C0691,Office Chair,Furniture,1,7000,4500.0,5000,South
12731,2023-01-14,C0405,Office Chair,Furniture,2,7000,4500.0,500,South
12732,2023-01-03,C0392,Tablet,Electronics,2,18000,14000.0,0,West
12733,2023-08-04,C0193,Laptop,Electronics,2,60000,48000.0,5000,West
12734,2023-08-17,C0604,Headphone,Electronics,1,2500,,0,South
12735,2023-12-02,C0743,Laptop,Electronics,2,60000,48000.0,2000,South
12736,2023-07-05,C0078,Table,Furniture,3,9000,6500.0,500,East
12737,2023-02-24,C0085,Table,Furniture,1,9000,6500.0,2000,South
12738,2023-09-11,C0030,Headphone,Electronics,2,2500,,0,North
12739,2023-01-24,C0725,Mobile,Electronics,3,22000,18000.0,500,South
12740,2023-06-11,C0049,Table,Furniture,3,9000,6500.0,3000,South
12741,2023-06-07,C0777,Tablet,Electronics,2,18000,14000.0,500,North
12742,2023-03-23,C0145,Mobile,Electronics,3,22000,18000.0,500,North
12743,2023-06-08,C0069,Office Chair,Furniture,1,7000,4500.0,3000,North
12744,2023-07-07,C0058,Table,Furniture,1,9000,6500.0,1000,East
12745,2023-03-01,C0697,Tablet,Electronics,3,18000,14000.0,1000,East
12746,2023-11-01,C0574,Office Chair,Furniture,1,7000,4500.0,1000,North
12747,2023-11-15,C0479,Mobile,Electronics,2,22000,18000.0,0,West
12748,2023-07-30,C0445,Headphone,Electronics,3,2500,,500,South
12749,2023-06-01,C0296,Office Chair,Furniture,1,7000,4500.0,5000,North
12750,2023-04-19,C0678,Laptop,Electronics,2,60000,48000.0,3000,North
12751,2023-03-17,C0171,Headphone,Electronics,2,2500,,5000,East
12752,2023-01-30,C0575,Headphone,Electronics,1,2500,,0,North
12753,2023-11-10,C0147,Mobile,Electronics,3,22000,18000.0,3000,North
12754,2023-04-27,C0484,Mobile,Electronics,2,22000,18000.0,5000,East
12755,2023-12-22,C0306,Tablet,Electronics,2,18000,14000.0,0,South
12756,2023-07-11,C0673,Tablet,Electronics,2,18000,14000.0,0,East
12757,2023-01-19,C0653,Laptop,Electronics,2,60000,48000.0,0,East
12758,2023-06-22,C0609,Headphone,Electronics,3,2500,,3000,West
12759,2023-08-16,C0446,Laptop,Electronics,1,60000,48000.0,5000,North
12760,2023-12-16,C0221,Laptop,Electronics,1,60000,48000.0,5000,North
12761,2023-07-02,C0555,Mobile,Electronics,1,22000,18000.0,2000,West
12762,2023-04-23,C0378,Laptop,Electronics,2,60000,48000.0,0,East
12763,2023-07-02,C0620,Laptop,Electronics,3,60000,48000.0,1000,East
12764,2023-05-26,C0266,Office Chair,Furniture,1,7000,4500.0,500,North
12765,2023-11-15,C0095,Tablet,Electronics,3,18000,14000.0,2000,North
12766,2023-04-26,C0262,Tablet,Electronics,1,18000,14000.0,2000,North
12767,2023-04-23,C0071,Headphone,Electronics,2,2500,,3000,South
12768,2023-09-08,C0219,Tablet,Electronics,1,18000,14000.0,2000,North
12769,2023-09-08,C0533,Table,Furniture,2,9000,6500.0,5000,South
12770,2023-10-30,C0092,Headphone,Electronics,2,2500,,3000,South
12771,2023-11-09,C0127,Office Chair,Furniture,1,7000,4500.0,3000,North
12772,2023-04-28,C0080,Tablet,Electronics,3,18000,14000.0,1000,North
12773,2023-10-28,C0238,Office Chair,Furniture,2,7000,4500.0,0,South
12774,2023-06-10,C0372,Tablet,Electronics,3,18000,14000.0,2000,North
12775,2023-07-17,C0486,Tablet,Electronics,1,18000,14000.0,0,North
12776,2023-09-17,C0694,Office Chair,Furniture,2,7000,4500.0,0,North
12777,2023-05-28,C0025,Laptop,Electronics,3,60000,48000.0,0,South
12778,2023-08-28,C0156,Laptop,Electronics,2,60000,48000.0,3000,East
12779,2023-02-16,C0517,Laptop,Electronics,1,60000,48000.0,0,North
12780,2023-07-17,C0632,Table,Furniture,2,9000,6500.0,2000,East
12781,2023-02-16,C0789,Laptop,Electronics,1,60000,48000.0,3000,West
12782,2023-03-19,C0530,Tablet,Electronics,3,18000,14000.0,2000,East
12783,2023-05-04,C0710,Mobile,Electronics,2,22000,18000.0,3000,North
12784,2023-03-16,C0057,Office Chair,Furniture,3,7000,4500.0,500,South
12785,2023-12-25,C0605,Mobile,Electronics,1,22000,18000.0,500,East
12786,2023-05-17,C0019,Table,Furniture,1,9000,6500.0,500,West
12787,2023-03-31,C0384,Mobile,Electronics,3,22000,18000.0,500,West
12788,2023-11-21,C0193,Headphone,Electronics,3,2500,,3000,South
12789,2023-03-02,C0237,Laptop,Electronics,1,60000,48000.0,0,East
12790,2023-05-18,C0387,Table,Furniture,3,9000,6500.0,1000,West
12791,2023-02-19,C0426,Tablet,Electronics,1,18000,14000.0,5000,West
12792,2023-09-16,C0277,Laptop,Electronics,3,60000,48000.0,1000,South
12793,2023-04-17,C0227,Laptop,Electronics,1,60000,48000.0,500,North
12794,2023-04-23,C0745,Mobile,Electronics,1,22000,18000.0,0,North
12795,2023-12-16,C0552,Headphone,Electronics,2,2500,,2000,South
12796,2023-09-11,C0323,Laptop,Electronics,1,60000,48000.0,0,East
12797,2023-04-28,C0153,Office Chair,Furniture,1,7000,4500.0,2000,West
12798,2023-07-17,C0639,Office Chair,Furniture,2,7000,4500.0,1000,West
12799,2023-12-03,C0237,Laptop,Electronics,2,60000,48000.0,0,North
12800,2023-12-31,C0055,Mobile,Electronics,3,22000,18000.0,0,East
12801,2023-02-20,C0436,Mobile,Electronics,3,22000,18000.0,5000,North
12802,2023-09-02,C0684,Tablet,Electronics,1,18000,14000.0,1000,East
12803,2023-02-04,C0109,Table,Furniture,3,9000,6500.0,0,East
12804,2023-10-29,C0184,Table,Furniture,3,9000,6500.0,2000,North
12805,2023-03-10,C0368,Table,Furniture,1,9000,6500.0,0,North
12806,2023-12-15,C0198,Headphone,Electronics,2,2500,,2000,North
12807,2023-11-16,C0371,Mobile,Electronics,2,22000,18000.0,500,North
12808,2023-02-18,C0373,Tablet,Electronics,1,18000,14000.0,0,West
12809,2023-03-15,C0497,Office Chair,Furniture,1,7000,4500.0,2000,North
12810,2023-07-11,C0599,Table,Furniture,1,9000,6500.0,1000,North
12811,2023-09-18,C0201,Office Chair,Furniture,1,7000,4500.0,500,North
12812,2023-12-22,C0509,Office Chair,Furniture,1,7000,4500.0,0,West
12813,2023-03-11,C0322,Laptop,Electronics,1,60000,48000.0,5000,South
12814,2023-03-31,C0275,Headphone,Electronics,3,2500,,2000,North
12815,2023-09-17,C0211,Tablet,Electronics,3,18000,14000.0,5000,East
12816,2023-05-06,C0504,Headphone,Electronics,3,2500,,0,South
12817,2023-08-19,C0118,Laptop,Electronics,2,60000,48000.0,2000,South
12818,2023-10-22,C0703,Tablet,Electronics,1,18000,14000.0,0,East
12819,2023-05-09,C0554,Tablet,Electronics,1,18000,14000.0,500,North
12820,2023-10-07,C0042,Mobile,Electronics,3,22000,18000.0,500,West
12821,2023-11-09,C0315,Headphone,Electronics,2,2500,,0,South
12822,2023-04-10,C0788,Headphone,Electronics,3,2500,,0,South
12823,2023-11-22,C0329,Mobile,Electronics,1,22000,18000.0,3000,North
12824,2023-10-24,C0017,Office Chair,Furniture,1,7000,4500.0,0,West
12825,2023-07-01,C0283,Laptop,Electronics,3,60000,48000.0,0,South
12826,2023-06-23,C0258,Headphone,Electronics,3,2500,,5000,North
12827,2023-11-12,C0575,Mobile,Electronics,1,22000,18000.0,5000,North
12828,2023-12-30,C0574,Tablet,Electronics,3,18000,14000.0,500,South
12829,2023-07-07,C0612,Table,Furniture,1,9000,6500.0,5000,East
12830,2023-02-26,C0019,Mobile,Electronics,3,22000,18000.0,0,West
12831,2023-01-31,C0529,Table,Furniture,2,9000,6500.0,1000,East
12832,2023-03-25,C0423,Office Chair,Furniture,1,7000,4500.0,0,South
12833,2023-06-01,C0466,Laptop,Electronics,2,60000,48000.0,3000,North
12834,2023-02-05,C0373,Table,Furniture,3,9000,6500.0,2000,East
12835,2023-08-01,C0758,Office Chair,Furniture,2,7000,4500.0,500,West
12836,2023-12-30,C0763,Table,Furniture,3,9000,6500.0,5000,South
12837,2023-04-16,C0081,Tablet,Electronics,2,18000,14000.0,1000,North
12838,2023-12-08,C0551,Tablet,Electronics,2,18000,14000.0,2000,North
12839,2023-08-08,C0548,Tablet,Electronics,2,18000,14000.0,1000,North
12840,2023-06-12,C0424,Tablet,Electronics,1,18000,14000.0,500,South
12841,2023-08-08,C0429,Mobile,Electronics,2,22000,18000.0,5000,West
12842,2023-09-27,C0388,Tablet,Electronics,3,18000,14000.0,3000,North
12843,2023-04-30,C0709,Tablet,Electronics,3,18000,14000.0,500,South
12844,2023-12-02,C0670,Mobile,Electronics,1,22000,18000.0,1000,South
12845,2023-07-01,C0204,Tablet,Electronics,1,18000,14000.0,1000,West
12846,2023-04-16,C0196,Office Chair,Furniture,3,7000,4500.0,500,South
12847,2023-08-05,C0728,Office Chair,Furniture,2,7000,4500.0,0,North
12848,2023-07-24,C0285,Headphone,Electronics,3,2500,,500,North
12849,2023-03-11,C0196,Office Chair,Furniture,1,7000,4500.0,5000,South
12850,2023-02-13,C0307,Laptop,Electronics,1,60000,48000.0,5000,West
12851,2023-11-25,C0664,Laptop,Electronics,3,60000,48000.0,3000,North
12852,2023-10-28,C0014,Laptop,Electronics,2,60000,48000.0,500,South
12853,2023-08-16,C0146,Mobile,Electronics,2,22000,18000.0,2000,East
12854,2023-07-03,C0057,Office Chair,Furniture,1,7000,4500.0,5000,South
12855,2023-04-17,C0723,Laptop,Electronics,3,60000,48000.0,5000,North
12856,2023-03-25,C0780,Headphone,Electronics,3,2500,,5000,West
12857,2023-12-04,C0210,Mobile,Electronics,1,22000,18000.0,0,South
12858,2023-09-07,C0529,Headphone,Electronics,3,2500,,2000,East
12859,2023-12-29,C0798,Office Chair,Furniture,1,7000,4500.0,500,East
12860,2023-01-21,C0344,Tablet,Electronics,2,18000,14000.0,0,West
12861,2023-07-15,C0715,Headphone,Electronics,2,2500,,5000,South
12862,2023-06-27,C0611,Tablet,Electronics,3,18000,14000.0,2000,South
12863,2023-01-07,C0279,Mobile,Electronics,2,22000,18000.0,2000,South
12864,2023-03-11,C0209,Headphone,Electronics,2,2500,,0,South
12865,2023-05-07,C0641,Headphone,Electronics,1,2500,,5000,North
12866,2023-06-09,C0335,Table,Furniture,1,9000,6500.0,0,West
12867,2023-09-05,C0288,Mobile,Electronics,3,22000,18000.0,1000,West
12868,2023-07-22,C0252,Mobile,Electronics,1,22000,18000.0,5000,South
12869,2023-05-28,C0265,Laptop,Electronics,3,60000,48000.0,0,South
12870,2023-05-23,C0271,Office Chair,Furniture,3,7000,4500.0,500,North
12871,2023-07-18,C0700,Headphone,Electronics,1,2500,,5000,West
12872,2023-06-03,C0419,Headphone,Electronics,2,2500,,3000,South
12873,2023-05-22,C0726,Mobile,Electronics,2,22000,18000.0,5000,South
12874,2023-11-09,C0795,Mobile,Electronics,2,22000,18000.0,1000,West
12875,2023-06-14,C0211,Office Chair,Furniture,2,7000,4500.0,0,South
12876,2023-11-10,C0365,Mobile,Electronics,3,22000,18000.0,3000,West
12877,2023-01-21,C0076,Tablet,Electronics,2,18000,14000.0,1000,South
12878,2023-03-23,C0660,Tablet,Electronics,3,18000,14000.0,500,East
12879,2023-03-10,C0321,Table,Furniture,1,9000,6500.0,5000,South
12880,2023-05-11,C0725,Tablet,Electronics,1,18000,14000.0,3000,South
12881,2023-03-28,C0433,Tablet,Electronics,3,18000,14000.0,0,West
12882,2023-08-06,C0109,Office Chair,Furniture,2,7000,4500.0,0,East
12883,2023-11-01,C0641,Headphone,Electronics,3,2500,,500,South
12884,2023-12-11,C0522,Tablet,Electronics,2,18000,14000.0,1000,North
12885,2023-12-07,C0047,Table,Furniture,2,9000,6500.0,3000,North
12886,2023-06-10,C0379,Mobile,Electronics,3,22000,18000.0,500,East
12887,2023-06-27,C0096,Tablet,Electronics,3,18000,14000.0,1000,South
12888,2023-04-27,C0103,Table,Furniture,2,9000,6500.0,2000,West
12889,2023-07-15,C0146,Office Chair,Furniture,3,7000,4500.0,2000,South
12890,2023-11-23,C0027,Mobile,Electronics,2,22000,18000.0,1000,South
12891,2023-03-27,C0732,Table,Furniture,3,9000,6500.0,0,East
12892,2023-10-16,C0530,Tablet,Electronics,1,18000,14000.0,0,South
12893,2023-03-22,C0679,Headphone,Electronics,2,2500,,2000,West
12894,2023-06-01,C0082,Mobile,Electronics,1,22000,18000.0,0,South
12895,2023-03-02,C0428,Mobile,Electronics,3,22000,18000.0,0,North
12896,2023-03-02,C0584,Headphone,Electronics,1,2500,,1000,South
12897,2023-12-20,C0479,Mobile,Electronics,3,22000,18000.0,5000,North
12898,2023-01-28,C0766,Tablet,Electronics,2,18000,14000.0,1000,South
12899,2023-02-12,C0162,Mobile,Electronics,3,22000,18000.0,0,North
12900,2023-06-18,C0402,Tablet,Electronics,3,18000,14000.0,1000,East
12901,2023-03-27,C0508,Headphone,Electronics,2,2500,,3000,North
12902,2023-06-26,C0038,Laptop,Electronics,3,60000,48000.0,2000,North
12903,2023-01-17,C0511,Headphone,Electronics,2,2500,,5000,South
12904,2023-04-08,C0393,Tablet,Electronics,3,18000,14000.0,3000,North
12905,2023-07-17,C0713,Office Chair,Furniture,2,7000,4500.0,3000,North
12906,2023-04-08,C0494,Headphone,Electronics,1,2500,,0,South
12907,2023-03-06,C0200,Office Chair,Furniture,3,7000,4500.0,0,North
12908,2023-11-26,C0255,Office Chair,Furniture,3,7000,4500.0,3000,North
12909,2023-12-07,C0179,Tablet,Electronics,3,18000,14000.0,3000,North
12910,2023-01-05,C0547,Tablet,Electronics,2,18000,14000.0,500,West
12911,2023-01-02,C0594,Laptop,Electronics,3,60000,48000.0,500,East
12912,2023-01-22,C0389,Table,Furniture,2,9000,6500.0,2000,South
12913,2023-04-22,C0398,Mobile,Electronics,3,22000,18000.0,3000,West
12914,2023-02-26,C0732,Headphone,Electronics,1,2500,,1000,North
12915,2023-03-07,C0158,Tablet,Electronics,3,18000,14000.0,5000,South
12916,2023-11-26,C0004,Headphone,Electronics,1,2500,,500,West
12917,2023-04-08,C0167,Table,Furniture,2,9000,6500.0,0,East
12918,2023-05-24,C0468,Table,Furniture,1,9000,6500.0,3000,West
12919,2023-05-05,C0409,Office Chair,Furniture,3,7000,4500.0,1000,West
12920,2023-06-16,C0412,Mobile,Electronics,3,22000,18000.0,5000,North
12921,2023-03-27,C0204,Laptop,Electronics,2,60000,48000.0,1000,West
12922,2023-03-17,C0194,Headphone,Electronics,3,2500,,1000,West
12923,2023-12-10,C0235,Mobile,Electronics,3,22000,18000.0,0,South
12924,2023-10-21,C0718,Laptop,Electronics,2,60000,48000.0,500,West
12925,2023-02-28,C0150,Headphone,Electronics,2,2500,,1000,North
12926,2023-05-18,C0159,Mobile,Electronics,1,22000,18000.0,5000,East
12927,2023-04-09,C0279,Tablet,Electronics,2,18000,14000.0,500,North
12928,2023-07-11,C0404,Headphone,Electronics,3,2500,,2000,North
12929,2023-08-31,C0678,Mobile,Electronics,2,22000,18000.0,0,South
12930,2023-11-15,C0311,Table,Furniture,3,9000,6500.0,500,South
12931,2023-02-18,C0068,Laptop,Electronics,1,60000,48000.0,500,East
12932,2023-02-01,C0463,Mobile,Electronics,2,22000,18000.0,1000,South
12933,2023-10-04,C0088,Tablet,Electronics,3,18000,14000.0,5000,South
12934,2023-01-20,C0217,Headphone,Electronics,2,2500,,1000,North
12935,2023-06-03,C0001,Headphone,Electronics,2,2500,,5000,East
12936,2023-03-09,C0135,Headphone,Electronics,2,2500,,0,West
12937,2023-08-02,C0697,Tablet,Electronics,2,18000,14000.0,500,East
12938,2023-05-23,C0351,Laptop,Electronics,1,60000,48000.0,3000,East
12939,2023-08-20,C0140,Headphone,Electronics,3,2500,,5000,South
12940,2023-08-01,C0618,Laptop,Electronics,2,60000,48000.0,5000,South
12941,2023-03-20,C0133,Mobile,Electronics,3,22000,18000.0,1000,South
12942,2023-08-02,C0620,Table,Furniture,1,9000,6500.0,1000,West
12943,2023-04-26,C0178,Table,Furniture,3,9000,6500.0,2000,East
12944,2023-04-02,C0358,Laptop,Electronics,3,60000,48000.0,5000,South
12945,2023-09-27,C0380,Laptop,Electronics,1,60000,48000.0,0,South
12946,2023-06-17,C0658,Table,Furniture,2,9000,6500.0,500,South
12947,2023-02-27,C0450,Headphone,Electronics,3,2500,,500,East
12948,2023-10-11,C0586,Office Chair,Furniture,3,7000,4500.0,500,South
12949,2023-01-26,C0463,Office Chair,Furniture,2,7000,4500.0,5000,East
12950,2023-03-07,C0108,Tablet,Electronics,2,18000,14000.0,1000,South
12951,2023-09-05,C0122,Table,Furniture,3,9000,6500.0,0,South
12952,2023-09-11,C0017,Table,Furniture,1,9000,6500.0,500,West
12953,2023-02-13,C0196,Tablet,Electronics,2,18000,14000.0,5000,South
12954,2023-04-07,C0327,Office Chair,Furniture,2,7000,4500.0,3000,West
12955,2023-02-11,C0318,Mobile,Electronics,1,22000,18000.0,2000,North
12956,2023-08-15,C0479,Headphone,Electronics,3,2500,,2000,North
12957,2023-09-19,C0252,Headphone,Electronics,2,2500,,500,South
12958,2023-06-16,C0503,Mobile,Electronics,3,22000,18000.0,1000,East
12959,2023-10-06,C0119,Mobile,Electronics,3,22000,18000.0,2000,East
12960,2023-03-30,C0674,Office Chair,Furniture,3,7000,4500.0,2000,North
12961,2023-06-27,C0710,Tablet,Electronics,1,18000,14000.0,2000,North
12962,2023-07-16,C0498,Mobile,Electronics,3,22000,18000.0,2000,South
12963,2023-11-03,C0486,Tablet,Electronics,3,18000,14000.0,500,North
12964,2023-09-24,C0045,Laptop,Electronics,2,60000,48000.0,5000,South
12965,2023-09-25,C0314,Headphone,Electronics,2,2500,,0,South
12966,2023-03-15,C0179,Office Chair,Furniture,1,7000,4500.0,0,South
12967,2023-01-08,C0418,Headphone,Electronics,1,2500,,1000,North
12968,2023-10-24,C0556,Office Chair,Furniture,2,7000,4500.0,5000,North
12969,2023-06-13,C0783,Laptop,Electronics,2,60000,48000.0,3000,South
12970,2023-03-26,C0078,Headphone,Electronics,1,2500,,0,North
12971,2023-03-13,C0326,Laptop,Electronics,3,60000,48000.0,3000,South
12972,2023-02-24,C0690,Office Chair,Furniture,1,7000,4500.0,0,West
12973,2023-02-16,C0357,Mobile,Electronics,3,22000,18000.0,0,North
12974,2023-08-26,C0416,Headphone,Electronics,2,2500,,1000,North
12975,2023-04-14,C0515,Laptop,Electronics,2,60000,48000.0,2000,North
12976,2023-07-29,C0214,Table,Furniture,2,9000,6500.0,1000,West
12977,2023-02-11,C0074,Headphone,Electronics,3,2500,,0,North
12978,2023-11-12,C0563,Headphone,Electronics,1,2500,,5000,West
12979,2023-09-25,C0579,Headphone,Electronics,3,2500,,2000,South
12980,2023-09-20,C0509,Tablet,Electronics,1,18000,14000.0,5000,South
12981,2023-12-02,C0332,Laptop,Electronics,1,60000,48000.0,5000,North
12982,2023-12-31,C0093,Laptop,Electronics,1,60000,48000.0,5000,South
12983,2023-09-16,C0688,Headphone,Electronics,2,2500,,2000,South
12984,2023-10-10,C0657,Mobile,Electronics,1,22000,18000.0,5000,South
12985,2023-04-24,C0519,Headphone,Electronics,2,2500,,2000,South
12986,2023-12-29,C0269,Tablet,Electronics,1,18000,14000.0,3000,South
12987,2023-02-09,C0376,Office Chair,Furniture,1,7000,4500.0,0,South
12988,2023-08-08,C0004,Tablet,Electronics,2,18000,14000.0,500,South
12989,2023-05-09,C0138,Mobile,Electronics,2,22000,18000.0,5000,South
12990,2023-01-08,C0231,Headphone,Electronics,3,2500,,1000,East
12991,2023-04-11,C0600,Laptop,Electronics,1,60000,48000.0,3000,North
12992,2023-06-25,C0529,Table,Furniture,2,9000,6500.0,1000,South
12993,2023-04-17,C0052,Headphone,Electronics,3,2500,,500,South
12994,2023-04-11,C0646,Mobile,Electronics,3,22000,18000.0,2000,North
12995,2023-09-17,C0723,Laptop,Electronics,2,60000,48000.0,500,South
12996,2023-09-03,C0325,Tablet,Electronics,1,18000,14000.0,1000,North
12997,2023-10-02,C0731,Office Chair,Furniture,3,7000,4500.0,500,North
12998,2023-02-01,C0717,Office Chair,Furniture,1,7000,4500.0,0,West
12999,2023-05-17,C0723,Headphone,Electronics,1,2500,,500,South
13000,2023-01-12,C0277,Tablet,Electronics,3,18000,14000.0,5000,South
13001,2023-10-29,C0536,Table,Furniture,2,9000,6500.0,0,West
13002,2023-01-16,C0486,Table,Furniture,1,9000,6500.0,5000,North
13003,2023-05-09,C0516,Mobile,Electronics,2,22000,18000.0,500,West
13004,2023-03-04,C0152,Office Chair,Furniture,3,7000,4500.0,0,North
13005,2023-04-19,C0483,Tablet,Electronics,1,18000,14000.0,0,South
13006,2023-01-21,C0259,Headphone,Electronics,2,2500,,500,East
13007,2023-06-07,C0324,Laptop,Electronics,2,60000,48000.0,3000,West
13008,2023-09-26,C0168,Headphone,Electronics,1,2500,,2000,East
13009,2023-06-11,C0688,Headphone,Electronics,2,2500,,2000,South
13010,2023-09-17,C0310,Tablet,Electronics,2,18000,14000.0,2000,South
13011,2023-04-12,C0479,Office Chair,Furniture,3,7000,4500.0,0,North
13012,2023-08-11,C0056,Tablet,Electronics,3,18000,14000.0,2000,East
13013,2023-02-28,C0620,Laptop,Electronics,2,60000,48000.0,0,North
13014,2023-09-04,C0473,Tablet,Electronics,2,18000,14000.0,3000,South
13015,2023-05-08,C0296,Mobile,Electronics,1,22000,18000.0,500,East
13016,2023-10-10,C0461,Headphone,Electronics,3,2500,,500,West
13017,2023-11-21,C0324,Office Chair,Furniture,1,7000,4500.0,0,South
13018,2023-01-25,C0141,Table,Furniture,2,9000,6500.0,0,East
13019,2023-05-11,C0667,Laptop,Electronics,1,60000,48000.0,3000,North
13020,2023-12-19,C0262,Table,Furniture,2,9000,6500.0,2000,North
13021,2023-07-15,C0785,Headphone,Electronics,3,2500,,3000,South
13022,2023-10-08,C0420,Tablet,Electronics,3,18000,14000.0,500,South
13023,2023-06-03,C0744,Table,Furniture,2,9000,6500.0,500,East
13024,2023-05-13,C0241,Mobile,Electronics,3,22000,18000.0,5000,East
13025,2023-08-15,C0355,Tablet,Electronics,2,18000,14000.0,2000,North
13026,2023-07-08,C0770,Headphone,Electronics,1,2500,,500,East
13027,2023-09-22,C0761,Table,Furniture,2,9000,6500.0,5000,North
13028,2023-05-14,C0589,Laptop,Electronics,1,60000,48000.0,0,North
13029,2023-07-30,C0180,Table,Furniture,2,9000,6500.0,500,North
13030,2023-03-01,C0066,Table,Furniture,3,9000,6500.0,1000,East
13031,2023-12-30,C0348,Office Chair,Furniture,2,7000,4500.0,2000,South
13032,2023-12-30,C0171,Table,Furniture,2,9000,6500.0,5000,North
13033,2023-08-01,C0474,Headphone,Electronics,2,2500,,2000,South
13034,2023-08-04,C0534,Laptop,Electronics,3,60000,48000.0,2000,South
13035,2023-08-14,C0367,Headphone,Electronics,2,2500,,1000,West
13036,2023-05-11,C0107,Mobile,Electronics,3,22000,18000.0,3000,South
13037,2023-03-17,C0439,Tablet,Electronics,2,18000,14000.0,0,North
13038,2023-10-13,C0227,Table,Furniture,1,9000,6500.0,2000,West
13039,2023-10-04,C0444,Office Chair,Furniture,2,7000,4500.0,500,North
13040,2023-06-05,C0442,Laptop,Electronics,1,60000,48000.0,0,East
13041,2023-09-05,C0396,Office Chair,Furniture,3,7000,4500.0,500,South
13042,2023-08-06,C0728,Office Chair,Furniture,3,7000,4500.0,0,North
13043,2023-07-09,C0581,Office Chair,Furniture,2,7000,4500.0,0,East
13044,2023-06-12,C0084,Table,Furniture,3,9000,6500.0,5000,North
13045,2023-06-29,C0615,Laptop,Electronics,2,60000,48000.0,500,West
13046,2023-02-03,C0551,Laptop,Electronics,3,60000,48000.0,500,North
13047,2023-02-10,C0013,Office Chair,Furniture,1,7000,4500.0,0,South
13048,2023-11-03,C0693,Tablet,Electronics,3,18000,14000.0,2000,East
13049,2023-12-04,C0493,Table,Furniture,1,9000,6500.0,500,North
13050,2023-11-10,C0268,Table,Furniture,2,9000,6500.0,1000,South
13051,2023-03-16,C0525,Headphone,Electronics,2,2500,,1000,West
13052,2023-10-06,C0120,Table,Furniture,2,9000,6500.0,0,East
13053,2023-06-25,C0353,Office Chair,Furniture,1,7000,4500.0,3000,South
13054,2023-05-30,C0057,Mobile,Electronics,2,22000,18000.0,0,East
13055,2023-09-30,C0040,Office Chair,Furniture,2,7000,4500.0,0,West
13056,2023-11-21,C0336,Laptop,Electronics,1,60000,48000.0,2000,North
13057,2023-04-18,C0640,Table,Furniture,3,9000,6500.0,2000,South
13058,2023-05-19,C0173,Table,Furniture,2,9000,6500.0,5000,North
13059,2023-12-16,C0547,Headphone,Electronics,3,2500,,3000,West
13060,2023-09-28,C0259,Mobile,Electronics,3,22000,18000.0,3000,East
13061,2023-12-13,C0517,Table,Furniture,2,9000,6500.0,3000,West
13062,2023-10-16,C0730,Headphone,Electronics,2,2500,,3000,West
13063,2023-07-31,C0523,Headphone,Electronics,1,2500,,3000,North
13064,2023-09-29,C0117,Mobile,Electronics,1,22000,18000.0,0,North
13065,2023-03-07,C0184,Office Chair,Furniture,2,7000,4500.0,0,North
13066,2023-09-05,C0116,Office Chair,Furniture,3,7000,4500.0,5000,South
13067,2023-06-05,C0162,Office Chair,Furniture,1,7000,4500.0,1000,East
13068,2023-02-16,C0579,Tablet,Electronics,1,18000,14000.0,1000,East
13069,2023-07-20,C0712,Office Chair,Furniture,2,7000,4500.0,5000,South
13070,2023-05-28,C0543,Mobile,Electronics,2,22000,18000.0,5000,South
13071,2023-05-04,C0587,Tablet,Electronics,2,18000,14000.0,500,East
13072,2023-01-01,C0237,Office Chair,Furniture,2,7000,4500.0,0,North
13073,2023-09-04,C0066,Tablet,Electronics,1,18000,14000.0,3000,North
13074,2023-12-09,C0070,Mobile,Electronics,1,22000,18000.0,500,South
13075,2023-05-08,C0447,Office Chair,Furniture,1,7000,4500.0,2000,South
13076,2023-07-10,C0416,Laptop,Electronics,3,60000,48000.0,0,West
13077,2023-03-08,C0532,Table,Furniture,1,9000,6500.0,5000,South
13078,2023-01-04,C0441,Mobile,Electronics,1,22000,18000.0,1000,East
13079,2023-10-30,C0738,Headphone,Electronics,2,2500,,0,South
13080,2023-10-21,C0464,Headphone,Electronics,1,2500,,5000,North
13081,2023-05-23,C0396,Mobile,Electronics,1,22000,18000.0,0,North
13082,2023-07-10,C0711,Headphone,Electronics,1,2500,,0,North
13083,2023-01-21,C0551,Mobile,Electronics,2,22000,18000.0,0,North
13084,2023-08-15,C0657,Laptop,Electronics,1,60000,48000.0,2000,South
13085,2023-11-09,C0557,Mobile,Electronics,1,22000,18000.0,1000,South
13086,2023-04-27,C0395,Office Chair,Furniture,3,7000,4500.0,0,East
13087,2023-10-29,C0326,Office Chair,Furniture,3,7000,4500.0,5000,South
13088,2023-05-22,C0091,Tablet,Electronics,3,18000,14000.0,2000,North
13089,2023-02-08,C0750,Headphone,Electronics,3,2500,,500,East
13090,2023-12-21,C0070,Table,Furniture,2,9000,6500.0,0,South
13091,2023-09-09,C0166,Headphone,Electronics,3,2500,,2000,West
13092,2023-11-29,C0642,Mobile,Electronics,1,22000,18000.0,3000,West
13093,2023-07-26,C0214,Table,Furniture,3,9000,6500.0,500,East
13094,2023-07-29,C0601,Table,Furniture,2,9000,6500.0,1000,East
13095,2023-04-25,C0335,Headphone,Electronics,3,2500,,0,North
13096,2023-08-13,C0764,Table,Furniture,3,9000,6500.0,0,North
13097,2023-05-14,C0369,Table,Furniture,2,9000,6500.0,2000,West
13098,2023-09-08,C0584,Office Chair,Furniture,2,7000,4500.0,1000,South
13099,2023-08-07,C0677,Laptop,Electronics,2,60000,48000.0,3000,South
13100,2023-04-01,C0049,Mobile,Electronics,2,22000,18000.0,500,West
13101,2023-12-20,C0052,Headphone,Electronics,2,2500,,5000,East
13102,2023-02-15,C0289,Office Chair,Furniture,2,7000,4500.0,1000,North
13103,2023-02-07,C0790,Tablet,Electronics,1,18000,14000.0,0,North
13104,2023-05-22,C0626,Table,Furniture,3,9000,6500.0,2000,North
13105,2023-04-10,C0239,Table,Furniture,3,9000,6500.0,3000,East
13106,2023-11-24,C0133,Headphone,Electronics,2,2500,,2000,South
13107,2023-07-09,C0786,Laptop,Electronics,2,60000,48000.0,500,West
13108,2023-02-04,C0166,Laptop,Electronics,1,60000,48000.0,1000,East
13109,2023-05-27,C0374,Headphone,Electronics,1,2500,,2000,North
13110,2023-01-30,C0373,Headphone,Electronics,2,2500,,5000,North
13111,2023-11-30,C0478,Office Chair,Furniture,1,7000,4500.0,5000,South
13112,2023-03-25,C0755,Headphone,Electronics,1,2500,,2000,West
13113,2023-10-08,C0479,Tablet,Electronics,2,18000,14000.0,0,North
13114,2023-12-10,C0650,Office Chair,Furniture,2,7000,4500.0,2000,West
13115,2023-09-27,C0591,Table,Furniture,2,9000,6500.0,3000,South
13116,2023-06-03,C0682,Table,Furniture,2,9000,6500.0,1000,North
13117,2023-04-12,C0635,Table,Furniture,3,9000,6500.0,500,West
13118,2023-08-03,C0688,Table,Furniture,3,9000,6500.0,5000,North
13119,2023-05-30,C0300,Mobile,Electronics,2,22000,18000.0,2000,East
13120,2023-03-24,C0082,Tablet,Electronics,1,18000,14000.0,3000,North
13121,2023-04-20,C0087,Office Chair,Furniture,2,7000,4500.0,5000,West
13122,2023-10-02,C0225,Office Chair,Furniture,3,7000,4500.0,5000,West
13123,2023-07-20,C0016,Table,Furniture,1,9000,6500.0,500,West
13124,2023-10-11,C0358,Laptop,Electronics,3,60000,48000.0,5000,North
13125,2023-06-22,C0163,Office Chair,Furniture,2,7000,4500.0,3000,North
13126,2023-11-23,C0610,Tablet,Electronics,3,18000,14000.0,5000,South
13127,2023-07-25,C0668,Headphone,Electronics,3,2500,,5000,North
13128,2023-03-04,C0514,Tablet,Electronics,3,18000,14000.0,2000,East
13129,2023-03-14,C0350,Table,Furniture,1,9000,6500.0,2000,South
13130,2023-09-08,C0681,Table,Furniture,3,9000,6500.0,1000,North
13131,2023-05-04,C0464,Mobile,Electronics,1,22000,18000.0,0,East
13132,2023-05-01,C0375,Office Chair,Furniture,2,7000,4500.0,3000,West
13133,2023-10-02,C0092,Office Chair,Furniture,2,7000,4500.0,0,West
13134,2023-04-30,C0181,Office Chair,Furniture,3,7000,4500.0,0,South
13135,2023-11-13,C0743,Table,Furniture,1,9000,6500.0,5000,South
13136,2023-06-13,C0301,Office Chair,Furniture,2,7000,4500.0,500,North
13137,2023-10-13,C0660,Laptop,Electronics,1,60000,48000.0,500,North
13138,2023-09-22,C0792,Laptop,Electronics,1,60000,48000.0,5000,South
13139,2023-11-16,C0189,Headphone,Electronics,3,2500,,3000,West
13140,2023-06-10,C0314,Office Chair,Furniture,3,7000,4500.0,0,North
13141,2023-11-04,C0493,Mobile,Electronics,1,22000,18000.0,1000,North
13142,2023-03-30,C0128,Headphone,Electronics,1,2500,,0,North
13143,2023-05-22,C0519,Table,Furniture,3,9000,6500.0,500,North
13144,2023-07-22,C0426,Office Chair,Furniture,1,7000,4500.0,0,North
13145,2023-11-05,C0559,Laptop,Electronics,3,60000,48000.0,2000,South
13146,2023-08-15,C0565,Mobile,Electronics,1,22000,18000.0,2000,South
13147,2023-11-30,C0187,Headphone,Electronics,3,2500,,1000,North
13148,2023-08-10,C0550,Mobile,Electronics,1,22000,18000.0,3000,North
13149,2023-02-10,C0453,Office Chair,Furniture,3,7000,4500.0,0,East
13150,2023-07-15,C0471,Tablet,Electronics,1,18000,14000.0,2000,South
13151,2023-03-09,C0738,Mobile,Electronics,2,22000,18000.0,3000,North
13152,2023-09-21,C0565,Mobile,Electronics,2,22000,18000.0,2000,West
13153,2023-01-02,C0224,Table,Furniture,1,9000,6500.0,3000,South
13154,2023-12-27,C0154,Laptop,Electronics,2,60000,48000.0,3000,South
13155,2023-05-05,C0560,Office Chair,Furniture,1,7000,4500.0,2000,West
13156,2023-04-20,C0351,Mobile,Electronics,1,22000,18000.0,5000,South
13157,2023-03-27,C0147,Office Chair,Furniture,2,7000,4500.0,500,West
13158,2023-04-30,C0576,Laptop,Electronics,1,60000,48000.0,3000,West
13159,2023-05-07,C0349,Table,Furniture,3,9000,6500.0,5000,North
13160,2023-09-12,C0182,Office Chair,Furniture,1,7000,4500.0,0,West
13161,2023-07-02,C0637,Laptop,Electronics,1,60000,48000.0,5000,North
13162,2023-01-16,C0179,Laptop,Electronics,2,60000,48000.0,2000,North
13163,2023-03-03,C0039,Headphone,Electronics,3,2500,,5000,West
13164,2023-06-07,C0772,Table,Furniture,1,9000,6500.0,500,West
13165,2023-09-25,C0003,Table,Furniture,1,9000,6500.0,2000,East
13166,2023-02-04,C0064,Office Chair,Furniture,1,7000,4500.0,1000,North
13167,2023-09-24,C0029,Tablet,Electronics,1,18000,14000.0,0,South
13168,2023-03-05,C0372,Headphone,Electronics,1,2500,,1000,South
13169,2023-02-19,C0523,Table,Furniture,1,9000,6500.0,5000,North
13170,2023-09-12,C0097,Laptop,Electronics,3,60000,48000.0,3000,West
13171,2023-05-29,C0442,Table,Furniture,3,9000,6500.0,5000,South
13172,2023-11-21,C0203,Tablet,Electronics,1,18000,14000.0,3000,North
13173,2023-10-31,C0411,Mobile,Electronics,1,22000,18000.0,1000,North
13174,2023-10-03,C0021,Mobile,Electronics,2,22000,18000.0,1000,South
13175,2023-12-23,C0551,Table,Furniture,3,9000,6500.0,3000,East
13176,2023-06-21,C0735,Table,Furniture,3,9000,6500.0,500,North
13177,2023-07-20,C0102,Headphone,Electronics,1,2500,,0,East
13178,2023-11-20,C0046,Table,Furniture,3,9000,6500.0,2000,North
13179,2023-02-04,C0066,Tablet,Electronics,3,18000,14000.0,1000,South
13180,2023-08-04,C0603,Table,Furniture,2,9000,6500.0,0,East
13181,2023-03-06,C0164,Office Chair,Furniture,2,7000,4500.0,2000,North
13182,2023-01-08,C0111,Tablet,Electronics,3,18000,14000.0,5000,South
13183,2023-10-28,C0338,Headphone,Electronics,3,2500,,2000,East
13184,2023-12-09,C0123,Office Chair,Furniture,3,7000,4500.0,1000,South
13185,2023-11-28,C0705,Office Chair,Furniture,1,7000,4500.0,500,South
13186,2023-03-17,C0447,Mobile,Electronics,2,22000,18000.0,500,West
13187,2023-06-23,C0611,Tablet,Electronics,1,18000,14000.0,0,West
13188,2023-02-16,C0291,Office Chair,Furniture,2,7000,4500.0,5000,North
13189,2023-01-15,C0671,Headphone,Electronics,2,2500,,0,East
13190,2023-12-27,C0412,Mobile,Electronics,2,22000,18000.0,3000,North
13191,2023-05-27,C0615,Office Chair,Furniture,3,7000,4500.0,500,North
13192,2023-01-26,C0281,Tablet,Electronics,2,18000,14000.0,0,North
13193,2023-11-04,C0043,Mobile,Electronics,1,22000,18000.0,3000,West
13194,2023-04-03,C0486,Tablet,Electronics,2,18000,14000.0,5000,South
13195,2023-08-20,C0596,Tablet,Electronics,1,18000,14000.0,2000,North
13196,2023-01-21,C0703,Tablet,Electronics,2,18000,14000.0,0,North
13197,2023-11-03,C0051,Mobile,Electronics,2,22000,18000.0,3000,West
13198,2023-02-07,C0210,Office Chair,Furniture,3,7000,4500.0,500,South
13199,2023-10-03,C0126,Table,Furniture,1,9000,6500.0,2000,South
13200,2023-06-06,C0492,Laptop,Electronics,2,60000,48000.0,0,West
13201,2023-06-28,C0509,Office Chair,Furniture,2,7000,4500.0,500,East
13202,2023-05-12,C0581,Mobile,Electronics,1,22000,18000.0,2000,North
13203,2023-11-07,C0777,Laptop,Electronics,2,60000,48000.0,1000,South
13204,2023-12-14,C0258,Laptop,Electronics,3,60000,48000.0,500,West
13205,2023-01-28,C0188,Laptop,Electronics,1,60000,48000.0,1000,West
13206,2023-09-17,C0230,Table,Furniture,3,9000,6500.0,5000,North
13207,2023-03-17,C0189,Headphone,Electronics,1,2500,,0,North
13208,2023-03-08,C0415,Mobile,Electronics,1,22000,18000.0,3000,North
13209,2023-12-08,C0010,Table,Furniture,1,9000,6500.0,0,South
13210,2023-07-13,C0114,Table,Furniture,2,9000,6500.0,500,East
13211,2023-06-11,C0076,Headphone,Electronics,1,2500,,1000,North
13212,2023-12-13,C0676,Laptop,Electronics,1,60000,48000.0,1000,East
13213,2023-12-27,C0502,Headphone,Electronics,1,2500,,2000,East
13214,2023-09-14,C0085,Headphone,Electronics,3,2500,,0,East
13215,2023-03-13,C0049,Table,Furniture,1,9000,6500.0,0,West
13216,2023-03-28,C0495,Mobile,Electronics,2,22000,18000.0,500,South
13217,2023-09-19,C0689,Tablet,Electronics,1,18000,14000.0,1000,South
13218,2023-08-02,C0387,Headphone,Electronics,1,2500,,500,East
13219,2023-06-02,C0389,Headphone,Electronics,3,2500,,500,West
13220,2023-07-29,C0218,Laptop,Electronics,2,60000,48000.0,5000,North
13221,2023-03-02,C0701,Laptop,Electronics,2,60000,48000.0,1000,West
13222,2023-09-25,C0346,Table,Furniture,2,9000,6500.0,500,North
13223,2023-09-19,C0230,Laptop,Electronics,1,60000,48000.0,1000,North
13224,2023-08-06,C0255,Office Chair,Furniture,1,7000,4500.0,500,North
13225,2023-10-10,C0236,Headphone,Electronics,2,2500,,3000,West
13226,2023-05-16,C0026,Laptop,Electronics,2,60000,48000.0,500,South
13227,2023-12-28,C0584,Mobile,Electronics,3,22000,18000.0,500,North
13228,2023-04-03,C0261,Office Chair,Furniture,2,7000,4500.0,3000,West
13229,2023-04-19,C0766,Table,Furniture,1,9000,6500.0,0,East
13230,2023-08-29,C0271,Tablet,Electronics,1,18000,14000.0,1000,West
13231,2023-12-21,C0123,Headphone,Electronics,1,2500,,2000,North
13232,2023-05-22,C0656,Headphone,Electronics,3,2500,,3000,North
13233,2023-10-18,C0257,Mobile,Electronics,2,22000,18000.0,0,South
13234,2023-08-25,C0656,Tablet,Electronics,1,18000,14000.0,500,East
13235,2023-12-06,C0421,Tablet,Electronics,3,18000,14000.0,5000,East
13236,2023-11-08,C0259,Table,Furniture,3,9000,6500.0,0,East
13237,2023-06-26,C0047,Table,Furniture,1,9000,6500.0,3000,East
13238,2023-05-21,C0525,Office Chair,Furniture,3,7000,4500.0,5000,North
13239,2023-07-08,C0208,Headphone,Electronics,3,2500,,500,East
13240,2023-02-18,C0311,Laptop,Electronics,1,60000,48000.0,0,South
13241,2023-10-29,C0747,Table,Furniture,3,9000,6500.0,2000,North
13242,2023-07-09,C0149,Mobile,Electronics,1,22000,18000.0,1000,North
13243,2023-05-16,C0438,Mobile,Electronics,1,22000,18000.0,1000,East
13244,2023-02-12,C0155,Mobile,Electronics,3,22000,18000.0,3000,West
13245,2023-12-19,C0678,Table,Furniture,1,9000,6500.0,500,North
13246,2023-03-31,C0090,Table,Furniture,1,9000,6500.0,500,North
13247,2023-10-22,C0698,Mobile,Electronics,2,22000,18000.0,1000,North
13248,2023-12-07,C0358,Table,Furniture,1,9000,6500.0,0,West
13249,2023-09-02,C0174,Laptop,Electronics,2,60000,48000.0,500,East
13250,2023-07-11,C0217,Laptop,Electronics,2,60000,48000.0,2000,West
13251,2023-11-14,C0456,Office Chair,Furniture,2,7000,4500.0,2000,West
13252,2023-04-16,C0776,Headphone,Electronics,2,2500,,500,South
13253,2023-12-29,C0609,Laptop,Electronics,3,60000,48000.0,500,North
13254,2023-11-06,C0629,Office Chair,Furniture,3,7000,4500.0,1000,South
13255,2023-08-21,C0199,Tablet,Electronics,1,18000,14000.0,3000,North
13256,2023-09-22,C0486,Headphone,Electronics,1,2500,,1000,North
13257,2023-12-10,C0533,Laptop,Electronics,1,60000,48000.0,3000,North
13258,2023-02-06,C0200,Tablet,Electronics,3,18000,14000.0,2000,East
13259,2023-11-01,C0371,Office Chair,Furniture,2,7000,4500.0,3000,South
13260,2023-02-10,C0448,Laptop,Electronics,3,60000,48000.0,1000,South
13261,2023-01-17,C0248,Laptop,Electronics,3,60000,48000.0,500,South
13262,2023-12-10,C0788,Table,Furniture,1,9000,6500.0,3000,North
13263,2023-10-04,C0264,Tablet,Electronics,1,18000,14000.0,1000,East
13264,2023-11-03,C0058,Laptop,Electronics,1,60000,48000.0,2000,East
13265,2023-02-28,C0302,Mobile,Electronics,2,22000,18000.0,5000,North
13266,2023-07-02,C0031,Table,Furniture,2,9000,6500.0,3000,East
13267,2023-02-10,C0498,Table,Furniture,3,9000,6500.0,2000,South
13268,2023-02-08,C0249,Laptop,Electronics,2,60000,48000.0,2000,North
13269,2023-07-11,C0605,Table,Furniture,1,9000,6500.0,0,North
13270,2023-09-24,C0777,Headphone,Electronics,2,2500,,5000,West
13271,2023-05-27,C0271,Tablet,Electronics,2,18000,14000.0,3000,North
13272,2023-11-29,C0606,Headphone,Electronics,2,2500,,1000,South
13273,2023-05-07,C0666,Office Chair,Furniture,2,7000,4500.0,3000,West
13274,2023-02-15,C0394,Headphone,Electronics,1,2500,,3000,South
13275,2023-02-14,C0797,Mobile,Electronics,1,22000,18000.0,5000,North
13276,2023-01-01,C0502,Table,Furniture,3,9000,6500.0,2000,West
13277,2023-06-17,C0592,Table,Furniture,3,9000,6500.0,2000,South
13278,2023-04-18,C0084,Mobile,Electronics,3,22000,18000.0,2000,East
13279,2023-01-19,C0365,Table,Furniture,2,9000,6500.0,2000,East
13280,2023-11-28,C0549,Headphone,Electronics,2,2500,,5000,East
13281,2023-03-13,C0342,Office Chair,Furniture,1,7000,4500.0,1000,West
13282,2023-04-19,C0407,Laptop,Electronics,3,60000,48000.0,500,West
13283,2023-09-25,C0425,Mobile,Electronics,1,22000,18000.0,0,East
13284,2023-08-28,C0744,Headphone,Electronics,3,2500,,2000,West
13285,2023-10-28,C0093,Headphone,Electronics,3,2500,,2000,West
13286,2023-03-31,C0614,Headphone,Electronics,3,2500,,0,West
13287,2023-04-13,C0412,Laptop,Electronics,2,60000,48000.0,2000,East
13288,2023-09-07,C0432,Tablet,Electronics,3,18000,14000.0,500,North
13289,2023-01-08,C0678,Table,Furniture,3,9000,6500.0,3000,East
13290,2023-06-02,C0159,Table,Furniture,2,9000,6500.0,0,North
13291,2023-12-13,C0014,Office Chair,Furniture,3,7000,4500.0,1000,South
13292,2023-06-23,C0373,Tablet,Electronics,2,18000,14000.0,0,North
13293,2023-12-09,C0225,Table,Furniture,2,9000,6500.0,500,West
13294,2023-06-07,C0505,Office Chair,Furniture,1,7000,4500.0,5000,South
13295,2023-08-03,C0073,Office Chair,Furniture,2,7000,4500.0,1000,East
13296,2023-06-26,C0249,Headphone,Electronics,2,2500,,3000,South
13297,2023-06-24,C0511,Mobile,Electronics,2,22000,18000.0,2000,North
13298,2023-12-06,C0603,Headphone,Electronics,3,2500,,0,South
13299,2023-12-04,C0216,Laptop,Electronics,1,60000,48000.0,1000,East
13300,2023-05-26,C0602,Table,Furniture,3,9000,6500.0,0,West
13301,2023-11-20,C0541,Office Chair,Furniture,2,7000,4500.0,3000,North
13302,2023-06-10,C0220,Mobile,Electronics,2,22000,18000.0,0,North
13303,2023-05-07,C0727,Table,Furniture,1,9000,6500.0,1000,East
13304,2023-03-23,C0221,Office Chair,Furniture,1,7000,4500.0,500,North
13305,2023-05-27,C0389,Office Chair,Furniture,2,7000,4500.0,5000,North
13306,2023-08-27,C0554,Headphone,Electronics,2,2500,,1000,North
13307,2023-03-25,C0647,Mobile,Electronics,3,22000,18000.0,0,East
13308,2023-04-23,C0042,Mobile,Electronics,2,22000,18000.0,3000,North
13309,2023-08-13,C0676,Table,Furniture,3,9000,6500.0,2000,South
13310,2023-11-28,C0283,Office Chair,Furniture,1,7000,4500.0,2000,West
13311,2023-08-31,C0058,Mobile,Electronics,3,22000,18000.0,3000,East
13312,2023-05-23,C0537,Mobile,Electronics,2,22000,18000.0,0,South
13313,2023-02-10,C0073,Table,Furniture,3,9000,6500.0,5000,South
13314,2023-09-15,C0129,Headphone,Electronics,3,2500,,3000,North
13315,2023-10-12,C0599,Tablet,Electronics,1,18000,14000.0,0,North
13316,2023-04-15,C0426,Laptop,Electronics,3,60000,48000.0,1000,North
13317,2023-07-21,C0665,Tablet,Electronics,2,18000,14000.0,5000,South
13318,2023-11-03,C0694,Mobile,Electronics,3,22000,18000.0,500,South
13319,2023-11-27,C0125,Office Chair,Furniture,3,7000,4500.0,0,West
13320,2023-09-23,C0067,Laptop,Electronics,3,60000,48000.0,2000,West
13321,2023-07-29,C0006,Laptop,Electronics,2,60000,48000.0,2000,North
13322,2023-02-20,C0637,Office Chair,Furniture,3,7000,4500.0,5000,East
13323,2023-04-28,C0314,Laptop,Electronics,2,60000,48000.0,500,North
13324,2023-07-20,C0326,Office Chair,Furniture,3,7000,4500.0,0,East
13325,2023-02-08,C0565,Laptop,Electronics,1,60000,48000.0,500,North
13326,2023-01-28,C0578,Table,Furniture,1,9000,6500.0,1000,West
13327,2023-09-16,C0506,Table,Furniture,1,9000,6500.0,500,West
13328,2023-03-25,C0082,Tablet,Electronics,2,18000,14000.0,1000,North
13329,2023-06-04,C0599,Laptop,Electronics,2,60000,48000.0,2000,East
13330,2023-04-27,C0002,Headphone,Electronics,2,2500,,1000,East
13331,2023-01-02,C0204,Office Chair,Furniture,3,7000,4500.0,0,South
13332,2023-04-03,C0662,Laptop,Electronics,2,60000,48000.0,5000,East
13333,2023-06-15,C0404,Table,Furniture,2,9000,6500.0,5000,East
13334,2023-12-16,C0103,Table,Furniture,2,9000,6500.0,0,West
13335,2023-10-23,C0536,Office Chair,Furniture,2,7000,4500.0,0,East
13336,2023-09-15,C0368,Headphone,Electronics,1,2500,,0,South
13337,2023-03-22,C0212,Laptop,Electronics,3,60000,48000.0,3000,West
13338,2023-09-25,C0577,Laptop,Electronics,1,60000,48000.0,1000,West
13339,2023-08-23,C0209,Headphone,Electronics,3,2500,,0,South
13340,2023-11-17,C0763,Headphone,Electronics,3,2500,,5000,North
13341,2023-11-07,C0117,Headphone,Electronics,1,2500,,500,East
13342,2023-10-28,C0628,Table,Furniture,2,9000,6500.0,500,West
13343,2023-12-23,C0749,Office Chair,Furniture,1,7000,4500.0,3000,North
13344,2023-08-01,C0478,Headphone,Electronics,3,2500,,1000,South
13345,2023-03-03,C0105,Office Chair,Furniture,3,7000,4500.0,1000,North
13346,2023-02-18,C0495,Tablet,Electronics,2,18000,14000.0,1000,East
13347,2023-05-07,C0771,Laptop,Electronics,1,60000,48000.0,5000,West
13348,2023-08-11,C0046,Laptop,Electronics,3,60000,48000.0,5000,South
13349,2023-10-06,C0331,Mobile,Electronics,1,22000,18000.0,3000,South
13350,2023-10-21,C0216,Tablet,Electronics,2,18000,14000.0,1000,West
13351,2023-10-11,C0492,Headphone,Electronics,2,2500,,1000,North
13352,2023-10-04,C0449,Headphone,Electronics,3,2500,,0,West
13353,2023-04-17,C0536,Table,Furniture,2,9000,6500.0,1000,South
13354,2023-05-26,C0511,Tablet,Electronics,3,18000,14000.0,5000,South
13355,2023-04-09,C0458,Headphone,Electronics,3,2500,,0,South
13356,2023-03-14,C0547,Mobile,Electronics,2,22000,18000.0,0,East
13357,2023-05-02,C0536,Office Chair,Furniture,2,7000,4500.0,1000,West
13358,2023-01-30,C0540,Laptop,Electronics,1,60000,48000.0,500,West
13359,2023-07-07,C0484,Tablet,Electronics,1,18000,14000.0,2000,West
13360,2023-12-30,C0016,Laptop,Electronics,3,60000,48000.0,5000,North
13361,2023-12-20,C0571,Office Chair,Furniture,1,7000,4500.0,500,South
13362,2023-10-15,C0243,Tablet,Electronics,3,18000,14000.0,1000,South
13363,2023-07-14,C0207,Office Chair,Furniture,2,7000,4500.0,1000,West
13364,2023-06-05,C0271,Headphone,Electronics,2,2500,,500,South
13365,2023-06-21,C0761,Headphone,Electronics,1,2500,,1000,West
13366,2023-12-01,C0779,Headphone,Electronics,3,2500,,5000,West
13367,2023-02-10,C0705,Office Chair,Furniture,3,7000,4500.0,0,South
13368,2023-03-04,C0730,Office Chair,Furniture,1,7000,4500.0,3000,West
13369,2023-01-23,C0115,Office Chair,Furniture,3,7000,4500.0,1000,West
13370,2023-12-26,C0580,Laptop,Electronics,3,60000,48000.0,1000,West
13371,2023-03-16,C0299,Office Chair,Furniture,2,7000,4500.0,500,East
13372,2023-02-17,C0483,Headphone,Electronics,3,2500,,0,West
13373,2023-06-09,C0397,Mobile,Electronics,3,22000,18000.0,500,North
13374,2023-11-09,C0394,Office Chair,Furniture,3,7000,4500.0,5000,East
13375,2023-04-28,C0075,Mobile,Electronics,1,22000,18000.0,500,North
13376,2023-04-10,C0482,Headphone,Electronics,1,2500,,1000,North
13377,2023-06-16,C0103,Office Chair,Furniture,1,7000,4500.0,0,West
13378,2023-10-17,C0297,Laptop,Electronics,3,60000,48000.0,5000,East
13379,2023-06-05,C0178,Laptop,Electronics,3,60000,48000.0,1000,North
13380,2023-01-07,C0215,Mobile,Electronics,1,22000,18000.0,5000,South
13381,2023-07-15,C0315,Table,Furniture,1,9000,6500.0,1000,West
13382,2023-02-25,C0039,Laptop,Electronics,3,60000,48000.0,1000,West
13383,2023-11-17,C0259,Laptop,Electronics,3,60000,48000.0,1000,North
13384,2023-07-12,C0716,Laptop,Electronics,2,60000,48000.0,3000,West
13385,2023-02-16,C0007,Headphone,Electronics,1,2500,,2000,South
13386,2023-05-28,C0049,Laptop,Electronics,3,60000,48000.0,0,East
13387,2023-10-02,C0538,Tablet,Electronics,1,18000,14000.0,3000,East
13388,2023-06-06,C0161,Office Chair,Furniture,1,7000,4500.0,2000,West
13389,2023-07-21,C0176,Laptop,Electronics,1,60000,48000.0,5000,West
13390,2023-05-06,C0591,Table,Furniture,2,9000,6500.0,2000,North
13391,2023-11-01,C0002,Table,Furniture,3,9000,6500.0,2000,East
13392,2023-10-21,C0455,Laptop,Electronics,3,60000,48000.0,3000,South
13393,2023-03-05,C0644,Laptop,Electronics,1,60000,48000.0,0,South
13394,2023-11-21,C0276,Tablet,Electronics,3,18000,14000.0,500,South
13395,2023-06-25,C0498,Laptop,Electronics,2,60000,48000.0,2000,South
13396,2023-04-26,C0629,Laptop,Electronics,1,60000,48000.0,500,South
13397,2023-07-23,C0676,Office Chair,Furniture,2,7000,4500.0,500,North
13398,2023-11-17,C0800,Table,Furniture,2,9000,6500.0,1000,East
13399,2023-01-31,C0028,Tablet,Electronics,3,18000,14000.0,500,East
13400,2023-04-23,C0333,Table,Furniture,3,9000,6500.0,5000,South
13401,2023-12-31,C0001,Tablet,Electronics,2,18000,14000.0,5000,West
13402,2023-11-21,C0188,Table,Furniture,3,9000,6500.0,1000,North
13403,2023-12-10,C0056,Laptop,Electronics,2,60000,48000.0,0,South
13404,2023-03-08,C0547,Table,Furniture,2,9000,6500.0,0,South
13405,2023-03-16,C0112,Table,Furniture,1,9000,6500.0,5000,North
13406,2023-02-14,C0798,Tablet,Electronics,2,18000,14000.0,1000,North
13407,2023-09-17,C0310,Mobile,Electronics,2,22000,18000.0,0,West
13408,2023-06-03,C0036,Tablet,Electronics,3,18000,14000.0,2000,South
13409,2023-06-04,C0439,Tablet,Electronics,1,18000,14000.0,0,South
13410,2023-12-29,C0729,Tablet,Electronics,3,18000,14000.0,1000,South
13411,2023-08-22,C0592,Headphone,Electronics,1,2500,,5000,West
13412,2023-02-20,C0595,Headphone,Electronics,3,2500,,2000,South
13413,2023-11-02,C0577,Headphone,Electronics,2,2500,,500,West
13414,2023-09-19,C0325,Tablet,Electronics,1,18000,14000.0,500,South
13415,2023-11-11,C0640,Mobile,Electronics,1,22000,18000.0,500,South
13416,2023-05-05,C0307,Tablet,Electronics,1,18000,14000.0,5000,North
13417,2023-09-02,C0534,Laptop,Electronics,1,60000,48000.0,1000,West
13418,2023-01-30,C0728,Mobile,Electronics,3,22000,18000.0,500,East
13419,2023-05-02,C0619,Headphone,Electronics,3,2500,,0,South
13420,2023-05-05,C0109,Table,Furniture,1,9000,6500.0,500,North
13421,2023-02-06,C0372,Table,Furniture,1,9000,6500.0,3000,South
13422,2023-06-19,C0357,Office Chair,Furniture,1,7000,4500.0,5000,North
13423,2023-05-04,C0181,Mobile,Electronics,3,22000,18000.0,3000,South
13424,2023-12-23,C0356,Headphone,Electronics,1,2500,,500,West
13425,2023-02-04,C0676,Mobile,Electronics,1,22000,18000.0,500,East
13426,2023-03-28,C0068,Mobile,Electronics,1,22000,18000.0,3000,North
13427,2023-05-14,C0292,Table,Furniture,3,9000,6500.0,5000,West
13428,2023-07-15,C0692,Tablet,Electronics,2,18000,14000.0,5000,West
13429,2023-10-01,C0181,Laptop,Electronics,2,60000,48000.0,500,South
13430,2023-07-20,C0466,Office Chair,Furniture,3,7000,4500.0,5000,South
13431,2023-10-12,C0434,Headphone,Electronics,2,2500,,2000,West
13432,2023-03-18,C0464,Mobile,Electronics,1,22000,18000.0,5000,East
13433,2023-02-28,C0681,Office Chair,Furniture,1,7000,4500.0,3000,South
13434,2023-05-06,C0534,Mobile,Electronics,3,22000,18000.0,1000,East
13435,2023-04-19,C0066,Table,Furniture,3,9000,6500.0,3000,North
13436,2023-08-12,C0021,Laptop,Electronics,2,60000,48000.0,0,West
13437,2023-10-05,C0612,Table,Furniture,2,9000,6500.0,2000,South
13438,2023-03-09,C0384,Office Chair,Furniture,1,7000,4500.0,1000,East
13439,2023-03-10,C0615,Headphone,Electronics,3,2500,,500,North
13440,2023-06-14,C0559,Mobile,Electronics,2,22000,18000.0,0,South
13441,2023-11-01,C0039,Laptop,Electronics,2,60000,48000.0,0,South
13442,2023-06-11,C0285,Table,Furniture,1,9000,6500.0,2000,South
13443,2023-12-31,C0602,Office Chair,Furniture,1,7000,4500.0,1000,East
13444,2023-12-08,C0597,Table,Furniture,1,9000,6500.0,0,North
13445,2023-11-05,C0785,Mobile,Electronics,1,22000,18000.0,1000,North
13446,2023-12-09,C0336,Mobile,Electronics,2,22000,18000.0,1000,South
13447,2023-02-11,C0188,Headphone,Electronics,3,2500,,5000,East
13448,2023-12-20,C0671,Laptop,Electronics,3,60000,48000.0,0,North
13449,2023-04-19,C0243,Tablet,Electronics,1,18000,14000.0,1000,North
13450,2023-02-20,C0073,Table,Furniture,1,9000,6500.0,2000,West
13451,2023-09-07,C0479,Mobile,Electronics,2,22000,18000.0,0,North
13452,2023-12-07,C0561,Office Chair,Furniture,1,7000,4500.0,2000,West
13453,2023-01-21,C0101,Table,Furniture,3,9000,6500.0,2000,South
13454,2023-10-27,C0514,Headphone,Electronics,1,2500,,1000,East
13455,2023-05-19,C0756,Headphone,Electronics,3,2500,,1000,North
13456,2023-12-25,C0176,Mobile,Electronics,1,22000,18000.0,5000,West
13457,2023-11-20,C0238,Mobile,Electronics,1,22000,18000.0,5000,North
13458,2023-04-02,C0059,Mobile,Electronics,3,22000,18000.0,0,South
13459,2023-10-07,C0099,Tablet,Electronics,2,18000,14000.0,5000,North
13460,2023-05-05,C0495,Mobile,Electronics,2,22000,18000.0,500,West
13461,2023-04-21,C0514,Table,Furniture,1,9000,6500.0,0,West
13462,2023-12-20,C0755,Table,Furniture,1,9000,6500.0,2000,South
13463,2023-05-19,C0297,Laptop,Electronics,3,60000,48000.0,5000,South
13464,2023-09-30,C0211,Office Chair,Furniture,3,7000,4500.0,5000,East
13465,2023-04-09,C0123,Mobile,Electronics,1,22000,18000.0,5000,West
13466,2023-09-09,C0229,Table,Furniture,3,9000,6500.0,1000,East
13467,2023-12-04,C0594,Table,Furniture,2,9000,6500.0,2000,West
13468,2023-04-14,C0656,Table,Furniture,2,9000,6500.0,5000,South
13469,2023-08-02,C0388,Tablet,Electronics,3,18000,14000.0,3000,North
13470,2023-09-06,C0140,Office Chair,Furniture,3,7000,4500.0,3000,North
13471,2023-06-01,C0541,Headphone,Electronics,3,2500,,2000,East
13472,2023-09-07,C0391,Table,Furniture,2,9000,6500.0,5000,South
13473,2023-10-02,C0270,Mobile,Electronics,1,22000,18000.0,500,North
13474,2023-06-14,C0759,Table,Furniture,3,9000,6500.0,500,North
13475,2023-12-07,C0012,Office Chair,Furniture,3,7000,4500.0,0,South
13476,2023-01-08,C0389,Headphone,Electronics,3,2500,,0,North
13477,2023-10-11,C0337,Tablet,Electronics,1,18000,14000.0,5000,North
13478,2023-01-05,C0506,Laptop,Electronics,3,60000,48000.0,0,West
13479,2023-05-25,C0106,Mobile,Electronics,3,22000,18000.0,1000,South
13480,2023-04-11,C0032,Laptop,Electronics,2,60000,48000.0,500,North
13481,2023-06-13,C0074,Tablet,Electronics,3,18000,14000.0,2000,East
13482,2023-05-27,C0171,Office Chair,Furniture,2,7000,4500.0,5000,West
13483,2023-03-05,C0069,Office Chair,Furniture,1,7000,4500.0,5000,East
13484,2023-04-01,C0362,Tablet,Electronics,3,18000,14000.0,3000,North
13485,2023-04-27,C0649,Table,Furniture,3,9000,6500.0,500,West
13486,2023-12-20,C0433,Tablet,Electronics,2,18000,14000.0,500,South
13487,2023-09-24,C0100,Mobile,Electronics,1,22000,18000.0,500,South
13488,2023-11-06,C0658,Headphone,Electronics,1,2500,,0,East
13489,2023-06-22,C0009,Laptop,Electronics,2,60000,48000.0,1000,East
13490,2023-02-16,C0574,Laptop,Electronics,1,60000,48000.0,2000,South
13491,2023-05-20,C0697,Office Chair,Furniture,1,7000,4500.0,0,West
13492,2023-09-03,C0029,Table,Furniture,1,9000,6500.0,1000,East
13493,2023-05-29,C0114,Office Chair,Furniture,1,7000,4500.0,500,West
13494,2023-09-03,C0462,Mobile,Electronics,1,22000,18000.0,1000,South
13495,2023-01-05,C0143,Tablet,Electronics,1,18000,14000.0,0,South
13496,2023-07-03,C0390,Laptop,Electronics,1,60000,48000.0,500,South
13497,2023-01-20,C0632,Mobile,Electronics,1,22000,18000.0,0,North
13498,2023-02-15,C0682,Office Chair,Furniture,3,7000,4500.0,2000,North
13499,2023-01-12,C0157,Office Chair,Furniture,2,7000,4500.0,500,East
13500,2023-03-11,C0335,Laptop,Electronics,1,60000,48000.0,1000,East
13501,2023-01-17,C0260,Office Chair,Furniture,2,7000,4500.0,0,North
13502,2023-05-27,C0082,Table,Furniture,1,9000,6500.0,3000,South
13503,2023-06-03,C0754,Office Chair,Furniture,1,7000,4500.0,1000,North
13504,2023-10-31,C0441,Headphone,Electronics,3,2500,,1000,West
13505,2023-04-18,C0172,Tablet,Electronics,2,18000,14000.0,500,North
13506,2023-08-24,C0231,Office Chair,Furniture,2,7000,4500.0,5000,East
13507,2023-11-04,C0720,Headphone,Electronics,3,2500,,1000,East
13508,2023-12-18,C0075,Mobile,Electronics,3,22000,18000.0,0,South
13509,2023-03-11,C0270,Office Chair,Furniture,2,7000,4500.0,3000,North
13510,2023-07-02,C0626,Table,Furniture,1,9000,6500.0,2000,South
13511,2023-09-07,C0062,Mobile,Electronics,1,22000,18000.0,3000,West
13512,2023-08-16,C0320,Office Chair,Furniture,2,7000,4500.0,0,East
13513,2023-04-12,C0102,Laptop,Electronics,1,60000,48000.0,500,East
13514,2023-03-16,C0429,Headphone,Electronics,3,2500,,0,East
13515,2023-08-04,C0722,Headphone,Electronics,3,2500,,5000,North
13516,2023-07-22,C0255,Laptop,Electronics,3,60000,48000.0,5000,North
13517,2023-07-11,C0532,Tablet,Electronics,2,18000,14000.0,5000,West
13518,2023-09-06,C0570,Table,Furniture,2,9000,6500.0,1000,West
13519,2023-08-30,C0112,Headphone,Electronics,2,2500,,500,East
13520,2023-06-28,C0313,Mobile,Electronics,1,22000,18000.0,5000,East
13521,2023-08-07,C0461,Table,Furniture,2,9000,6500.0,2000,South
13522,2023-03-23,C0708,Headphone,Electronics,2,2500,,2000,North
13523,2023-04-02,C0462,Tablet,Electronics,3,18000,14000.0,0,East
13524,2023-06-24,C0092,Mobile,Electronics,1,22000,18000.0,5000,West
13525,2023-08-27,C0052,Table,Furniture,1,9000,6500.0,1000,South
13526,2023-09-17,C0520,Mobile,Electronics,3,22000,18000.0,2000,South
13527,2023-12-31,C0098,Laptop,Electronics,1,60000,48000.0,3000,North
13528,2023-06-12,C0236,Office Chair,Furniture,2,7000,4500.0,500,North
13529,2023-02-17,C0374,Laptop,Electronics,1,60000,48000.0,3000,South
13530,2023-11-25,C0581,Table,Furniture,3,9000,6500.0,2000,West
13531,2023-11-24,C0557,Office Chair,Furniture,1,7000,4500.0,2000,West
13532,2023-04-26,C0649,Laptop,Electronics,3,60000,48000.0,0,West
13533,2023-12-03,C0234,Office Chair,Furniture,2,7000,4500.0,0,East
13534,2023-12-03,C0032,Headphone,Electronics,2,2500,,5000,South
13535,2023-08-13,C0289,Mobile,Electronics,3,22000,18000.0,500,West
13536,2023-12-18,C0638,Office Chair,Furniture,2,7000,4500.0,5000,South
13537,2023-11-24,C0579,Headphone,Electronics,2,2500,,0,West
13538,2023-05-27,C0542,Tablet,Electronics,1,18000,14000.0,1000,East
13539,2023-03-04,C0114,Laptop,Electronics,2,60000,48000.0,500,South
13540,2023-10-21,C0204,Tablet,Electronics,3,18000,14000.0,1000,South
13541,2023-11-19,C0029,Table,Furniture,2,9000,6500.0,5000,South
13542,2023-11-21,C0643,Headphone,Electronics,1,2500,,0,North
13543,2023-01-13,C0474,Tablet,Electronics,3,18000,14000.0,500,South
13544,2023-07-08,C0697,Tablet,Electronics,2,18000,14000.0,5000,West
13545,2023-10-14,C0253,Headphone,Electronics,2,2500,,2000,East
13546,2023-07-27,C0798,Mobile,Electronics,2,22000,18000.0,5000,North
13547,2023-04-24,C0386,Office Chair,Furniture,3,7000,4500.0,3000,South
13548,2023-01-22,C0062,Table,Furniture,1,9000,6500.0,2000,East
13549,2023-12-15,C0515,Table,Furniture,3,9000,6500.0,1000,South
13550,2023-08-02,C0430,Laptop,Electronics,3,60000,48000.0,2000,South
13551,2023-06-20,C0580,Office Chair,Furniture,1,7000,4500.0,5000,East
13552,2023-11-19,C0537,Laptop,Electronics,3,60000,48000.0,2000,South
13553,2023-02-23,C0691,Table,Furniture,3,9000,6500.0,3000,North
13554,2023-10-25,C0141,Office Chair,Furniture,2,7000,4500.0,5000,South
13555,2023-11-16,C0743,Tablet,Electronics,3,18000,14000.0,3000,South
13556,2023-05-06,C0300,Mobile,Electronics,2,22000,18000.0,2000,North
13557,2023-10-04,C0675,Tablet,Electronics,3,18000,14000.0,3000,South
13558,2023-07-23,C0311,Mobile,Electronics,2,22000,18000.0,2000,South
13559,2023-07-13,C0471,Headphone,Electronics,2,2500,,500,West
13560,2023-06-18,C0393,Laptop,Electronics,2,60000,48000.0,2000,East
13561,2023-06-01,C0642,Laptop,Electronics,1,60000,48000.0,0,East
13562,2023-02-04,C0445,Headphone,Electronics,3,2500,,3000,South
13563,2023-07-03,C0758,Office Chair,Furniture,3,7000,4500.0,3000,North
13564,2023-10-13,C0172,Headphone,Electronics,3,2500,,1000,South
13565,2023-02-26,C0576,Table,Furniture,1,9000,6500.0,1000,West
13566,2023-08-10,C0031,Headphone,Electronics,2,2500,,0,South
13567,2023-10-30,C0047,Mobile,Electronics,3,22000,18000.0,3000,South
13568,2023-06-12,C0130,Table,Furniture,1,9000,6500.0,3000,North
13569,2023-01-19,C0352,Headphone,Electronics,1,2500,,1000,West
13570,2023-09-21,C0622,Laptop,Electronics,3,60000,48000.0,1000,West
13571,2023-10-09,C0581,Tablet,Electronics,2,18000,14000.0,2000,North
13572,2023-04-23,C0058,Mobile,Electronics,1,22000,18000.0,5000,East
13573,2023-11-23,C0106,Mobile,Electronics,3,22000,18000.0,3000,North
13574,2023-01-30,C0330,Office Chair,Furniture,2,7000,4500.0,3000,South
13575,2023-05-15,C0768,Tablet,Electronics,1,18000,14000.0,2000,North
13576,2023-03-08,C0683,Mobile,Electronics,1,22000,18000.0,3000,North
13577,2023-03-06,C0383,Headphone,Electronics,3,2500,,0,North
13578,2023-10-19,C0162,Mobile,Electronics,3,22000,18000.0,1000,West
13579,2023-01-25,C0286,Mobile,Electronics,2,22000,18000.0,1000,West
13580,2023-02-06,C0071,Mobile,Electronics,3,22000,18000.0,5000,North
13581,2023-01-01,C0767,Office Chair,Furniture,3,7000,4500.0,1000,South
13582,2023-02-06,C0454,Mobile,Electronics,2,22000,18000.0,500,North
13583,2023-05-21,C0567,Mobile,Electronics,3,22000,18000.0,0,North
13584,2023-08-20,C0397,Office Chair,Furniture,2,7000,4500.0,0,West
13585,2023-05-16,C0515,Table,Furniture,2,9000,6500.0,2000,North
13586,2023-07-07,C0026,Tablet,Electronics,2,18000,14000.0,500,East
13587,2023-05-08,C0313,Table,Furniture,3,9000,6500.0,3000,South
13588,2023-07-20,C0126,Laptop,Electronics,2,60000,48000.0,5000,North
13589,2023-05-07,C0408,Office Chair,Furniture,3,7000,4500.0,0,South
13590,2023-09-14,C0565,Office Chair,Furniture,2,7000,4500.0,500,West
13591,2023-06-13,C0198,Mobile,Electronics,3,22000,18000.0,500,East
13592,2023-02-04,C0188,Mobile,Electronics,2,22000,18000.0,0,North
13593,2023-07-13,C0698,Laptop,Electronics,1,60000,48000.0,2000,West
13594,2023-07-10,C0716,Mobile,Electronics,1,22000,18000.0,500,West
13595,2023-04-14,C0484,Headphone,Electronics,1,2500,,1000,North
13596,2023-01-23,C0450,Mobile,Electronics,2,22000,18000.0,500,South
13597,2023-09-22,C0523,Mobile,Electronics,3,22000,18000.0,3000,North
13598,2023-10-17,C0354,Headphone,Electronics,2,2500,,0,South
13599,2023-09-17,C0658,Laptop,Electronics,2,60000,48000.0,3000,East
13600,2023-12-24,C0597,Headphone,Electronics,2,2500,,2000,North
13601,2023-03-16,C0100,Office Chair,Furniture,2,7000,4500.0,5000,North
13602,2023-12-21,C0616,Headphone,Electronics,3,2500,,1000,South
13603,2023-03-13,C0558,Tablet,Electronics,2,18000,14000.0,0,South
13604,2023-09-16,C0556,Office Chair,Furniture,1,7000,4500.0,500,South
13605,2023-07-07,C0278,Mobile,Electronics,1,22000,18000.0,1000,East
13606,2023-06-22,C0693,Office Chair,Furniture,1,7000,4500.0,500,North
13607,2023-10-17,C0699,Laptop,Electronics,2,60000,48000.0,2000,South
13608,2023-02-14,C0626,Laptop,Electronics,3,60000,48000.0,5000,North
13609,2023-03-02,C0491,Headphone,Electronics,3,2500,,0,West
13610,2023-03-24,C0255,Office Chair,Furniture,3,7000,4500.0,2000,South
13611,2023-05-03,C0381,Mobile,Electronics,2,22000,18000.0,2000,North
13612,2023-12-24,C0542,Laptop,Electronics,3,60000,48000.0,5000,North
13613,2023-01-16,C0264,Table,Furniture,1,9000,6500.0,2000,North
13614,2023-03-07,C0610,Mobile,Electronics,3,22000,18000.0,2000,North
13615,2023-05-25,C0329,Table,Furniture,2,9000,6500.0,500,East
13616,2023-06-11,C0115,Tablet,Electronics,2,18000,14000.0,3000,West
13617,2023-08-22,C0276,Table,Furniture,3,9000,6500.0,500,South
13618,2023-05-24,C0488,Laptop,Electronics,2,60000,48000.0,5000,South
13619,2023-12-24,C0281,Headphone,Electronics,3,2500,,1000,East
13620,2023-07-07,C0275,Tablet,Electronics,3,18000,14000.0,5000,South
13621,2023-11-18,C0773,Office Chair,Furniture,1,7000,4500.0,5000,North
13622,2023-01-13,C0719,Mobile,Electronics,2,22000,18000.0,5000,North
13623,2023-07-03,C0328,Laptop,Electronics,1,60000,48000.0,5000,West
13624,2023-04-21,C0211,Tablet,Electronics,2,18000,14000.0,2000,West
13625,2023-10-17,C0727,Tablet,Electronics,3,18000,14000.0,5000,North
13626,2023-10-22,C0552,Laptop,Electronics,2,60000,48000.0,1000,North
13627,2023-08-03,C0026,Office Chair,Furniture,3,7000,4500.0,5000,East
13628,2023-04-30,C0027,Office Chair,Furniture,2,7000,4500.0,500,South
13629,2023-02-24,C0702,Headphone,Electronics,1,2500,,2000,East
13630,2023-01-27,C0083,Table,Furniture,1,9000,6500.0,500,North
13631,2023-04-28,C0682,Office Chair,Furniture,3,7000,4500.0,2000,West
13632,2023-08-09,C0413,Headphone,Electronics,1,2500,,500,East
13633,2023-08-19,C0167,Table,Furniture,3,9000,6500.0,0,North
13634,2023-02-22,C0700,Tablet,Electronics,3,18000,14000.0,3000,South
13635,2023-10-22,C0169,Laptop,Electronics,3,60000,48000.0,3000,North
13636,2023-11-17,C0229,Office Chair,Furniture,2,7000,4500.0,2000,South
13637,2023-08-21,C0609,Headphone,Electronics,3,2500,,0,East
13638,2023-06-07,C0367,Tablet,Electronics,1,18000,14000.0,1000,South
13639,2023-09-26,C0528,Office Chair,Furniture,2,7000,4500.0,0,East
13640,2023-01-21,C0791,Mobile,Electronics,1,22000,18000.0,2000,North
13641,2023-02-22,C0647,Tablet,Electronics,3,18000,14000.0,0,East
13642,2023-10-02,C0538,Office Chair,Furniture,3,7000,4500.0,1000,South
13643,2023-11-09,C0524,Tablet,Electronics,1,18000,14000.0,2000,East
13644,2023-10-08,C0072,Laptop,Electronics,2,60000,48000.0,3000,North
13645,2023-08-02,C0645,Laptop,Electronics,1,60000,48000.0,5000,South
13646,2023-01-31,C0106,Laptop,Electronics,3,60000,48000.0,0,South
13647,2023-12-03,C0732,Table,Furniture,2,9000,6500.0,3000,South
13648,2023-07-02,C0689,Mobile,Electronics,3,22000,18000.0,3000,South
13649,2023-01-23,C0282,Laptop,Electronics,3,60000,48000.0,500,South
13650,2023-02-01,C0133,Mobile,Electronics,1,22000,18000.0,1000,West
13651,2023-03-15,C0534,Laptop,Electronics,3,60000,48000.0,5000,North
13652,2023-01-10,C0269,Table,Furniture,1,9000,6500.0,0,East
13653,2023-02-23,C0412,Tablet,Electronics,2,18000,14000.0,3000,South
13654,2023-02-21,C0673,Office Chair,Furniture,3,7000,4500.0,3000,South
13655,2023-05-28,C0619,Office Chair,Furniture,3,7000,4500.0,1000,East
13656,2023-06-09,C0791,Laptop,Electronics,2,60000,48000.0,5000,West
13657,2023-01-14,C0747,Office Chair,Furniture,1,7000,4500.0,5000,South
13658,2023-06-27,C0018,Laptop,Electronics,3,60000,48000.0,3000,West
13659,2023-02-22,C0754,Laptop,Electronics,2,60000,48000.0,3000,North
13660,2023-12-01,C0117,Headphone,Electronics,3,2500,,3000,East
13661,2023-01-22,C0798,Headphone,Electronics,1,2500,,3000,South
13662,2023-01-30,C0794,Headphone,Electronics,1,2500,,500,South
13663,2023-07-10,C0144,Mobile,Electronics,1,22000,18000.0,500,South
13664,2023-09-17,C0717,Headphone,Electronics,1,2500,,5000,South
13665,2023-07-24,C0551,Laptop,Electronics,2,60000,48000.0,2000,South
13666,2023-02-28,C0666,Table,Furniture,3,9000,6500.0,0,South
13667,2023-09-21,C0688,Table,Furniture,2,9000,6500.0,1000,East
13668,2023-01-12,C0753,Tablet,Electronics,1,18000,14000.0,2000,South
13669,2023-04-29,C0422,Headphone,Electronics,1,2500,,500,South
13670,2023-10-17,C0369,Table,Furniture,1,9000,6500.0,500,North
13671,2023-12-04,C0646,Headphone,Electronics,1,2500,,500,East
13672,2023-09-05,C0558,Tablet,Electronics,3,18000,14000.0,2000,East
13673,2023-12-20,C0050,Table,Furniture,1,9000,6500.0,500,North
13674,2023-05-07,C0678,Laptop,Electronics,3,60000,48000.0,2000,North
13675,2023-03-16,C0106,Mobile,Electronics,1,22000,18000.0,500,North
13676,2023-12-27,C0216,Headphone,Electronics,3,2500,,3000,West
13677,2023-07-23,C0658,Table,Furniture,3,9000,6500.0,3000,East
13678,2023-02-18,C0425,Table,Furniture,1,9000,6500.0,0,North
13679,2023-03-20,C0072,Tablet,Electronics,2,18000,14000.0,500,West
13680,2023-08-29,C0785,Laptop,Electronics,2,60000,48000.0,0,North
13681,2023-12-15,C0759,Office Chair,Furniture,2,7000,4500.0,2000,North
13682,2023-06-03,C0446,Table,Furniture,2,9000,6500.0,0,West
13683,2023-10-01,C0186,Mobile,Electronics,2,22000,18000.0,500,West
13684,2023-04-06,C0070,Tablet,Electronics,1,18000,14000.0,2000,East
13685,2023-08-02,C0150,Table,Furniture,1,9000,6500.0,2000,South
13686,2023-10-21,C0246,Table,Furniture,1,9000,6500.0,3000,South
13687,2023-07-28,C0774,Tablet,Electronics,1,18000,14000.0,2000,West
13688,2023-12-09,C0538,Tablet,Electronics,1,18000,14000.0,2000,East
13689,2023-03-29,C0652,Headphone,Electronics,1,2500,,0,North
13690,2023-11-02,C0099,Table,Furniture,3,9000,6500.0,5000,South
13691,2023-09-21,C0278,Office Chair,Furniture,3,7000,4500.0,2000,West
13692,2023-11-21,C0563,Mobile,Electronics,1,22000,18000.0,1000,West
13693,2023-11-16,C0663,Laptop,Electronics,1,60000,48000.0,5000,East
13694,2023-06-06,C0455,Laptop,Electronics,3,60000,48000.0,3000,East
13695,2023-06-05,C0104,Office Chair,Furniture,3,7000,4500.0,3000,North
13696,2023-05-19,C0601,Tablet,Electronics,1,18000,14000.0,2000,East
13697,2023-05-01,C0653,Tablet,Electronics,3,18000,14000.0,0,East
13698,2023-03-06,C0725,Tablet,Electronics,2,18000,14000.0,5000,North
13699,2023-04-17,C0233,Table,Furniture,2,9000,6500.0,3000,West
13700,2023-05-27,C0394,Tablet,Electronics,2,18000,14000.0,3000,West
13701,2023-05-17,C0501,Tablet,Electronics,3,18000,14000.0,1000,North
13702,2023-06-11,C0695,Table,Furniture,1,9000,6500.0,2000,West
13703,2023-04-10,C0251,Table,Furniture,1,9000,6500.0,5000,East
13704,2023-12-04,C0521,Office Chair,Furniture,1,7000,4500.0,3000,South
13705,2023-11-03,C0079,Headphone,Electronics,3,2500,,3000,West
13706,2023-05-21,C0052,Table,Furniture,3,9000,6500.0,3000,North
13707,2023-03-24,C0781,Mobile,Electronics,2,22000,18000.0,3000,East
13708,2023-06-26,C0226,Tablet,Electronics,3,18000,14000.0,0,South
13709,2023-07-17,C0051,Headphone,Electronics,2,2500,,500,East
13710,2023-04-22,C0186,Laptop,Electronics,2,60000,48000.0,1000,South
13711,2023-02-25,C0034,Office Chair,Furniture,1,7000,4500.0,0,North
13712,2023-06-28,C0742,Headphone,Electronics,3,2500,,1000,South
13713,2023-07-05,C0131,Table,Furniture,1,9000,6500.0,3000,North
13714,2023-08-06,C0632,Tablet,Electronics,1,18000,14000.0,1000,North
13715,2023-11-12,C0443,Tablet,Electronics,3,18000,14000.0,2000,North
13716,2023-08-05,C0759,Tablet,Electronics,3,18000,14000.0,2000,East
13717,2023-04-30,C0432,Headphone,Electronics,2,2500,,500,West
13718,2023-06-24,C0704,Tablet,Electronics,2,18000,14000.0,500,West
13719,2023-01-23,C0497,Table,Furniture,2,9000,6500.0,1000,West
13720,2023-08-01,C0403,Headphone,Electronics,2,2500,,0,West
13721,2023-08-23,C0323,Tablet,Electronics,1,18000,14000.0,0,North
13722,2023-01-13,C0210,Laptop,Electronics,1,60000,48000.0,3000,East
13723,2023-04-11,C0615,Laptop,Electronics,3,60000,48000.0,0,East
13724,2023-01-24,C0329,Mobile,Electronics,2,22000,18000.0,500,North
13725,2023-12-30,C0372,Tablet,Electronics,2,18000,14000.0,0,East
13726,2023-01-11,C0460,Tablet,Electronics,2,18000,14000.0,3000,South
13727,2023-09-30,C0133,Headphone,Electronics,1,2500,,2000,West
13728,2023-10-08,C0651,Headphone,Electronics,3,2500,,0,East
13729,2023-04-04,C0121,Tablet,Electronics,1,18000,14000.0,0,West
13730,2023-07-20,C0606,Mobile,Electronics,3,22000,18000.0,500,North
13731,2023-01-21,C0452,Tablet,Electronics,3,18000,14000.0,1000,North
13732,2023-12-06,C0129,Table,Furniture,1,9000,6500.0,2000,West
13733,2023-07-30,C0091,Headphone,Electronics,1,2500,,1000,North
13734,2023-05-20,C0604,Tablet,Electronics,3,18000,14000.0,3000,South
13735,2023-10-20,C0575,Headphone,Electronics,1,2500,,3000,East
13736,2023-10-25,C0029,Tablet,Electronics,1,18000,14000.0,1000,West
13737,2023-04-11,C0722,Office Chair,Furniture,3,7000,4500.0,500,North
13738,2023-10-31,C0524,Headphone,Electronics,3,2500,,5000,North
13739,2023-12-25,C0333,Mobile,Electronics,2,22000,18000.0,500,South
13740,2023-01-28,C0297,Office Chair,Furniture,1,7000,4500.0,5000,South
13741,2023-02-10,C0130,Table,Furniture,3,9000,6500.0,5000,South
13742,2023-12-21,C0293,Tablet,Electronics,1,18000,14000.0,500,West
13743,2023-10-30,C0173,Table,Furniture,1,9000,6500.0,5000,East
13744,2023-05-26,C0720,Headphone,Electronics,3,2500,,5000,West
13745,2023-09-13,C0024,Office Chair,Furniture,2,7000,4500.0,5000,North
13746,2023-08-15,C0099,Table,Furniture,3,9000,6500.0,2000,East
13747,2023-08-24,C0406,Mobile,Electronics,3,22000,18000.0,3000,West
13748,2023-12-27,C0356,Headphone,Electronics,1,2500,,5000,East
13749,2023-01-13,C0139,Office Chair,Furniture,2,7000,4500.0,3000,North
13750,2023-07-29,C0503,Table,Furniture,3,9000,6500.0,3000,West
13751,2023-08-17,C0174,Office Chair,Furniture,1,7000,4500.0,2000,South
13752,2023-04-10,C0029,Office Chair,Furniture,3,7000,4500.0,3000,West
13753,2023-01-31,C0496,Table,Furniture,1,9000,6500.0,1000,North
13754,2023-01-16,C0655,Laptop,Electronics,3,60000,48000.0,0,East
13755,2023-05-17,C0351,Tablet,Electronics,2,18000,14000.0,2000,West
13756,2023-11-25,C0554,Headphone,Electronics,3,2500,,0,South
13757,2023-06-15,C0299,Headphone,Electronics,1,2500,,1000,North
13758,2023-11-06,C0720,Headphone,Electronics,3,2500,,500,North
13759,2023-04-10,C0192,Office Chair,Furniture,2,7000,4500.0,500,North
13760,2023-04-19,C0672,Table,Furniture,2,9000,6500.0,5000,South
13761,2023-12-09,C0064,Tablet,Electronics,2,18000,14000.0,500,East
13762,2023-06-22,C0755,Mobile,Electronics,2,22000,18000.0,2000,North
13763,2023-08-25,C0770,Headphone,Electronics,1,2500,,500,North
13764,2023-06-11,C0664,Table,Furniture,3,9000,6500.0,2000,South
13765,2023-08-04,C0215,Tablet,Electronics,2,18000,14000.0,2000,South
13766,2023-09-21,C0166,Tablet,Electronics,3,18000,14000.0,0,East
13767,2023-09-20,C0543,Laptop,Electronics,1,60000,48000.0,500,East
13768,2023-10-19,C0232,Table,Furniture,3,9000,6500.0,3000,West
13769,2023-10-01,C0794,Headphone,Electronics,3,2500,,500,North
13770,2023-01-03,C0541,Office Chair,Furniture,2,7000,4500.0,500,South
13771,2023-01-28,C0195,Tablet,Electronics,2,18000,14000.0,500,South
13772,2023-11-22,C0506,Tablet,Electronics,1,18000,14000.0,5000,North
13773,2023-05-29,C0334,Mobile,Electronics,3,22000,18000.0,3000,South
13774,2023-01-28,C0768,Laptop,Electronics,1,60000,48000.0,3000,West
13775,2023-11-06,C0793,Tablet,Electronics,1,18000,14000.0,2000,North
13776,2023-03-06,C0304,Tablet,Electronics,1,18000,14000.0,3000,North
13777,2023-12-22,C0437,Office Chair,Furniture,2,7000,4500.0,2000,East
13778,2023-01-21,C0323,Office Chair,Furniture,2,7000,4500.0,0,East
13779,2023-09-09,C0502,Mobile,Electronics,3,22000,18000.0,2000,South
13780,2023-08-23,C0393,Table,Furniture,3,9000,6500.0,500,East
13781,2023-08-15,C0599,Mobile,Electronics,3,22000,18000.0,1000,West
13782,2023-01-13,C0149,Mobile,Electronics,2,22000,18000.0,1000,North
13783,2023-11-09,C0761,Office Chair,Furniture,2,7000,4500.0,5000,North
13784,2023-02-18,C0405,Table,Furniture,1,9000,6500.0,500,North
13785,2023-04-28,C0283,Office Chair,Furniture,2,7000,4500.0,2000,East
13786,2023-02-23,C0362,Laptop,Electronics,1,60000,48000.0,500,South
13787,2023-05-18,C0379,Headphone,Electronics,1,2500,,5000,West
13788,2023-02-22,C0198,Headphone,Electronics,2,2500,,3000,East
13789,2023-02-13,C0556,Laptop,Electronics,1,60000,48000.0,2000,South
13790,2023-10-30,C0356,Headphone,Electronics,1,2500,,500,North
13791,2023-02-22,C0540,Table,Furniture,3,9000,6500.0,3000,South
13792,2023-03-15,C0429,Office Chair,Furniture,1,7000,4500.0,5000,North
13793,2023-02-15,C0017,Headphone,Electronics,2,2500,,3000,West
13794,2023-01-13,C0639,Table,Furniture,2,9000,6500.0,2000,South
13795,2023-06-14,C0379,Office Chair,Furniture,1,7000,4500.0,5000,North
13796,2023-04-12,C0680,Table,Furniture,3,9000,6500.0,5000,South
13797,2023-10-07,C0506,Laptop,Electronics,2,60000,48000.0,5000,North
13798,2023-09-15,C0756,Mobile,Electronics,2,22000,18000.0,0,South
13799,2023-12-03,C0076,Laptop,Electronics,3,60000,48000.0,5000,North
13800,2023-12-22,C0231,Headphone,Electronics,1,2500,,0,East
13801,2023-05-18,C0716,Office Chair,Furniture,2,7000,4500.0,3000,South
13802,2023-06-12,C0248,Table,Furniture,1,9000,6500.0,0,South
13803,2023-04-21,C0302,Headphone,Electronics,1,2500,,3000,East
13804,2023-04-12,C0726,Headphone,Electronics,1,2500,,0,North
13805,2023-01-17,C0215,Mobile,Electronics,1,22000,18000.0,3000,South
13806,2023-09-25,C0158,Headphone,Electronics,2,2500,,3000,South
13807,2023-07-01,C0069,Mobile,Electronics,3,22000,18000.0,5000,South
13808,2023-01-24,C0393,Office Chair,Furniture,2,7000,4500.0,5000,West
13809,2023-01-29,C0085,Office Chair,Furniture,3,7000,4500.0,3000,North
13810,2023-06-20,C0267,Table,Furniture,1,9000,6500.0,5000,East
13811,2023-08-16,C0069,Mobile,Electronics,3,22000,18000.0,3000,South
13812,2023-07-07,C0611,Laptop,Electronics,1,60000,48000.0,5000,South
13813,2023-12-12,C0347,Office Chair,Furniture,2,7000,4500.0,1000,East
13814,2023-08-18,C0728,Table,Furniture,2,9000,6500.0,0,North
13815,2023-11-17,C0673,Laptop,Electronics,3,60000,48000.0,3000,East
13816,2023-12-06,C0423,Office Chair,Furniture,1,7000,4500.0,500,North
13817,2023-04-29,C0606,Office Chair,Furniture,1,7000,4500.0,5000,South
13818,2023-06-05,C0174,Table,Furniture,3,9000,6500.0,5000,East
13819,2023-09-29,C0677,Table,Furniture,1,9000,6500.0,2000,North
13820,2023-06-24,C0115,Tablet,Electronics,1,18000,14000.0,500,East
13821,2023-04-14,C0220,Headphone,Electronics,1,2500,,500,North
13822,2023-04-02,C0031,Headphone,Electronics,2,2500,,1000,East
13823,2023-07-05,C0523,Laptop,Electronics,2,60000,48000.0,0,South
13824,2023-10-10,C0343,Headphone,Electronics,2,2500,,1000,East
13825,2023-06-30,C0377,Laptop,Electronics,1,60000,48000.0,0,West
13826,2023-06-19,C0130,Office Chair,Furniture,2,7000,4500.0,3000,South
13827,2023-07-06,C0617,Tablet,Electronics,1,18000,14000.0,1000,North
13828,2023-06-24,C0539,Tablet,Electronics,1,18000,14000.0,2000,West
13829,2023-08-10,C0739,Office Chair,Furniture,3,7000,4500.0,0,North
13830,2023-08-21,C0002,Table,Furniture,1,9000,6500.0,1000,East
13831,2023-06-11,C0101,Mobile,Electronics,2,22000,18000.0,2000,West
13832,2023-05-14,C0533,Mobile,Electronics,2,22000,18000.0,500,East
13833,2023-08-12,C0058,Headphone,Electronics,1,2500,,5000,North
13834,2023-06-02,C0389,Table,Furniture,2,9000,6500.0,3000,North
13835,2023-02-02,C0692,Laptop,Electronics,1,60000,48000.0,3000,North
13836,2023-02-24,C0341,Tablet,Electronics,3,18000,14000.0,500,South
13837,2023-01-07,C0020,Headphone,Electronics,1,2500,,1000,North
13838,2023-09-01,C0255,Office Chair,Furniture,1,7000,4500.0,5000,East
13839,2023-11-09,C0317,Table,Furniture,3,9000,6500.0,500,South
13840,2023-05-06,C0038,Tablet,Electronics,2,18000,14000.0,2000,West
13841,2023-01-12,C0660,Laptop,Electronics,3,60000,48000.0,5000,West
13842,2023-01-16,C0537,Laptop,Electronics,3,60000,48000.0,0,West
13843,2023-07-27,C0386,Mobile,Electronics,1,22000,18000.0,1000,North
13844,2023-02-12,C0633,Headphone,Electronics,1,2500,,5000,South
13845,2023-05-15,C0026,Office Chair,Furniture,3,7000,4500.0,0,South
13846,2023-08-16,C0454,Tablet,Electronics,2,18000,14000.0,500,North
13847,2023-04-21,C0681,Laptop,Electronics,3,60000,48000.0,3000,East
13848,2023-11-03,C0323,Tablet,Electronics,2,18000,14000.0,5000,West
13849,2023-06-09,C0737,Office Chair,Furniture,3,7000,4500.0,5000,North
13850,2023-11-27,C0513,Tablet,Electronics,3,18000,14000.0,0,North
13851,2023-09-21,C0773,Headphone,Electronics,2,2500,,0,North
13852,2023-08-13,C0013,Mobile,Electronics,3,22000,18000.0,3000,East
13853,2023-08-05,C0560,Tablet,Electronics,1,18000,14000.0,0,West
13854,2023-02-14,C0371,Table,Furniture,3,9000,6500.0,0,North
13855,2023-08-02,C0291,Mobile,Electronics,1,22000,18000.0,5000,South
13856,2023-02-28,C0332,Office Chair,Furniture,2,7000,4500.0,3000,West
13857,2023-05-12,C0606,Mobile,Electronics,2,22000,18000.0,3000,South
13858,2023-04-14,C0261,Tablet,Electronics,1,18000,14000.0,5000,East
13859,2023-07-14,C0790,Tablet,Electronics,3,18000,14000.0,500,North
13860,2023-06-06,C0205,Table,Furniture,1,9000,6500.0,500,South
13861,2023-04-08,C0697,Laptop,Electronics,1,60000,48000.0,5000,South
13862,2023-08-14,C0687,Table,Furniture,2,9000,6500.0,0,East
13863,2023-07-24,C0387,Tablet,Electronics,1,18000,14000.0,1000,North
13864,2023-03-20,C0468,Mobile,Electronics,3,22000,18000.0,500,North
13865,2023-05-04,C0415,Table,Furniture,1,9000,6500.0,500,South
13866,2023-08-06,C0069,Table,Furniture,2,9000,6500.0,5000,South
13867,2023-01-04,C0472,Laptop,Electronics,3,60000,48000.0,5000,West
13868,2023-03-31,C0104,Tablet,Electronics,2,18000,14000.0,1000,West
13869,2023-04-14,C0758,Tablet,Electronics,1,18000,14000.0,1000,North
13870,2023-04-29,C0161,Office Chair,Furniture,1,7000,4500.0,3000,West
13871,2023-05-13,C0200,Laptop,Electronics,2,60000,48000.0,5000,North
13872,2023-11-08,C0216,Office Chair,Furniture,2,7000,4500.0,500,South
13873,2023-04-06,C0212,Office Chair,Furniture,3,7000,4500.0,2000,East
13874,2023-11-27,C0508,Office Chair,Furniture,2,7000,4500.0,2000,North
13875,2023-05-23,C0016,Headphone,Electronics,2,2500,,0,North
13876,2023-10-15,C0498,Office Chair,Furniture,1,7000,4500.0,500,South
13877,2023-01-28,C0332,Table,Furniture,1,9000,6500.0,2000,East
13878,2023-10-05,C0717,Mobile,Electronics,2,22000,18000.0,500,South
13879,2023-08-21,C0551,Table,Furniture,2,9000,6500.0,5000,South
13880,2023-01-17,C0601,Table,Furniture,1,9000,6500.0,500,West
13881,2023-02-28,C0256,Tablet,Electronics,3,18000,14000.0,2000,East
13882,2023-03-31,C0766,Headphone,Electronics,3,2500,,500,East
13883,2023-07-18,C0728,Office Chair,Furniture,3,7000,4500.0,1000,South
13884,2023-12-28,C0172,Tablet,Electronics,3,18000,14000.0,0,North
13885,2023-01-26,C0649,Laptop,Electronics,1,60000,48000.0,3000,North
13886,2023-01-25,C0498,Laptop,Electronics,2,60000,48000.0,2000,East
13887,2023-10-28,C0471,Tablet,Electronics,3,18000,14000.0,5000,East
13888,2023-12-05,C0384,Mobile,Electronics,1,22000,18000.0,3000,West
13889,2023-09-24,C0690,Tablet,Electronics,2,18000,14000.0,0,North
13890,2023-06-30,C0589,Tablet,Electronics,3,18000,14000.0,1000,North
13891,2023-12-26,C0700,Headphone,Electronics,2,2500,,1000,North
13892,2023-03-09,C0507,Laptop,Electronics,3,60000,48000.0,1000,North
13893,2023-12-17,C0527,Laptop,Electronics,2,60000,48000.0,1000,South
13894,2023-11-17,C0325,Office Chair,Furniture,3,7000,4500.0,2000,West
13895,2023-02-18,C0214,Table,Furniture,3,9000,6500.0,2000,South
13896,2023-06-24,C0208,Tablet,Electronics,2,18000,14000.0,500,South
13897,2023-02-21,C0169,Tablet,Electronics,2,18000,14000.0,5000,East
13898,2023-04-12,C0330,Mobile,Electronics,2,22000,18000.0,500,North
13899,2023-08-04,C0280,Laptop,Electronics,1,60000,48000.0,5000,West
13900,2023-07-07,C0305,Mobile,Electronics,1,22000,18000.0,0,East
13901,2023-02-26,C0146,Headphone,Electronics,2,2500,,500,North
13902,2023-02-16,C0775,Office Chair,Furniture,1,7000,4500.0,0,East
13903,2023-06-08,C0516,Mobile,Electronics,3,22000,18000.0,0,South
13904,2023-06-23,C0090,Laptop,Electronics,2,60000,48000.0,0,North
13905,2023-08-30,C0453,Headphone,Electronics,1,2500,,1000,North
13906,2023-10-09,C0060,Tablet,Electronics,2,18000,14000.0,3000,South
13907,2023-08-29,C0311,Headphone,Electronics,3,2500,,3000,North
13908,2023-01-05,C0528,Table,Furniture,3,9000,6500.0,2000,North
13909,2023-03-25,C0227,Mobile,Electronics,1,22000,18000.0,0,South
13910,2023-11-04,C0474,Laptop,Electronics,3,60000,48000.0,1000,South
13911,2023-12-27,C0541,Mobile,Electronics,2,22000,18000.0,500,East
13912,2023-09-05,C0663,Tablet,Electronics,1,18000,14000.0,500,West
13913,2023-02-23,C0757,Tablet,Electronics,2,18000,14000.0,2000,East
13914,2023-06-10,C0782,Laptop,Electronics,2,60000,48000.0,2000,South
13915,2023-08-14,C0079,Table,Furniture,2,9000,6500.0,0,West
13916,2023-01-15,C0433,Office Chair,Furniture,3,7000,4500.0,0,East
13917,2023-08-12,C0153,Headphone,Electronics,2,2500,,500,North
13918,2023-03-02,C0789,Headphone,Electronics,3,2500,,500,South
13919,2023-05-02,C0401,Tablet,Electronics,2,18000,14000.0,500,East
13920,2023-10-04,C0279,Mobile,Electronics,3,22000,18000.0,500,East
13921,2023-02-15,C0057,Mobile,Electronics,3,22000,18000.0,3000,West
13922,2023-10-21,C0186,Table,Furniture,3,9000,6500.0,0,East
13923,2023-03-03,C0398,Office Chair,Furniture,2,7000,4500.0,0,West
13924,2023-03-27,C0605,Mobile,Electronics,2,22000,18000.0,500,North
13925,2023-07-29,C0788,Headphone,Electronics,3,2500,,1000,South
13926,2023-03-19,C0158,Mobile,Electronics,2,22000,18000.0,500,West
13927,2023-07-21,C0787,Office Chair,Furniture,3,7000,4500.0,5000,North
13928,2023-10-29,C0693,Headphone,Electronics,2,2500,,2000,North
13929,2023-08-11,C0359,Mobile,Electronics,3,22000,18000.0,5000,South
13930,2023-08-10,C0440,Headphone,Electronics,3,2500,,1000,East
13931,2023-01-03,C0589,Tablet,Electronics,1,18000,14000.0,2000,North
13932,2023-01-06,C0466,Tablet,Electronics,2,18000,14000.0,1000,East
13933,2023-04-03,C0663,Table,Furniture,2,9000,6500.0,2000,North
13934,2023-01-08,C0446,Tablet,Electronics,1,18000,14000.0,500,South
13935,2023-08-23,C0750,Mobile,Electronics,3,22000,18000.0,500,West
13936,2023-04-18,C0743,Office Chair,Furniture,3,7000,4500.0,1000,North
13937,2023-06-10,C0488,Headphone,Electronics,1,2500,,2000,North
13938,2023-07-28,C0530,Laptop,Electronics,1,60000,48000.0,3000,South
13939,2023-08-28,C0073,Tablet,Electronics,3,18000,14000.0,1000,South
13940,2023-11-27,C0701,Tablet,Electronics,2,18000,14000.0,1000,North
13941,2023-11-29,C0017,Laptop,Electronics,1,60000,48000.0,5000,South
13942,2023-02-19,C0531,Laptop,Electronics,1,60000,48000.0,0,West
13943,2023-01-11,C0731,Mobile,Electronics,1,22000,18000.0,1000,South
13944,2023-12-17,C0326,Headphone,Electronics,1,2500,,3000,South
13945,2023-06-05,C0632,Tablet,Electronics,1,18000,14000.0,500,South
13946,2023-03-11,C0613,Office Chair,Furniture,1,7000,4500.0,2000,South
13947,2023-06-18,C0546,Mobile,Electronics,3,22000,18000.0,0,North
13948,2023-09-29,C0596,Mobile,Electronics,3,22000,18000.0,2000,East
13949,2023-03-09,C0708,Office Chair,Furniture,1,7000,4500.0,500,West
13950,2023-12-21,C0202,Office Chair,Furniture,3,7000,4500.0,1000,North
13951,2023-09-09,C0344,Table,Furniture,2,9000,6500.0,5000,East
13952,2023-02-17,C0523,Office Chair,Furniture,2,7000,4500.0,3000,North
13953,2023-07-03,C0400,Laptop,Electronics,1,60000,48000.0,0,East
13954,2023-11-16,C0218,Tablet,Electronics,2,18000,14000.0,3000,South
13955,2023-07-06,C0445,Table,Furniture,2,9000,6500.0,3000,South
13956,2023-03-31,C0765,Laptop,Electronics,3,60000,48000.0,3000,South
13957,2023-11-28,C0222,Table,Furniture,3,9000,6500.0,3000,North
13958,2023-05-19,C0383,Tablet,Electronics,3,18000,14000.0,500,East
13959,2023-12-23,C0592,Table,Furniture,3,9000,6500.0,3000,South
13960,2023-03-30,C0007,Laptop,Electronics,2,60000,48000.0,5000,North
13961,2023-10-01,C0272,Headphone,Electronics,1,2500,,3000,West
13962,2023-01-19,C0739,Tablet,Electronics,3,18000,14000.0,500,North
13963,2023-11-07,C0016,Mobile,Electronics,2,22000,18000.0,2000,East
13964,2023-12-24,C0424,Tablet,Electronics,3,18000,14000.0,500,South
13965,2023-06-03,C0524,Tablet,Electronics,2,18000,14000.0,5000,South
13966,2023-09-17,C0753,Tablet,Electronics,3,18000,14000.0,5000,North
13967,2023-04-18,C0021,Headphone,Electronics,1,2500,,1000,South
13968,2023-10-12,C0690,Laptop,Electronics,3,60000,48000.0,500,North
13969,2023-02-28,C0228,Mobile,Electronics,1,22000,18000.0,2000,East
13970,2023-05-05,C0785,Laptop,Electronics,3,60000,48000.0,1000,East
13971,2023-12-20,C0288,Table,Furniture,3,9000,6500.0,1000,East
13972,2023-09-30,C0134,Table,Furniture,3,9000,6500.0,0,West
13973,2023-04-17,C0283,Table,Furniture,2,9000,6500.0,3000,West
13974,2023-10-26,C0404,Laptop,Electronics,2,60000,48000.0,1000,South
13975,2023-09-02,C0665,Office Chair,Furniture,1,7000,4500.0,1000,East
13976,2023-12-02,C0066,Headphone,Electronics,1,2500,,5000,North
13977,2023-09-04,C0649,Office Chair,Furniture,2,7000,4500.0,2000,West
13978,2023-01-08,C0604,Table,Furniture,1,9000,6500.0,1000,West
13979,2023-05-21,C0437,Headphone,Electronics,1,2500,,2000,North
13980,2023-12-28,C0259,Laptop,Electronics,2,60000,48000.0,3000,South
13981,2023-01-08,C0103,Table,Furniture,2,9000,6500.0,5000,West
13982,2023-12-18,C0567,Laptop,Electronics,2,60000,48000.0,0,North
13983,2023-04-04,C0769,Headphone,Electronics,2,2500,,0,South
13984,2023-11-17,C0101,Laptop,Electronics,3,60000,48000.0,3000,South
13985,2023-02-08,C0198,Laptop,Electronics,2,60000,48000.0,3000,South
13986,2023-03-22,C0226,Mobile,Electronics,1,22000,18000.0,5000,North
13987,2023-07-06,C0463,Office Chair,Furniture,3,7000,4500.0,5000,North
13988,2023-03-25,C0237,Office Chair,Furniture,3,7000,4500.0,500,North
13989,2023-03-29,C0026,Office Chair,Furniture,1,7000,4500.0,1000,West
13990,2023-08-30,C0121,Tablet,Electronics,3,18000,14000.0,1000,South
13991,2023-12-08,C0506,Mobile,Electronics,1,22000,18000.0,1000,South
13992,2023-04-03,C0182,Table,Furniture,3,9000,6500.0,2000,South
13993,2023-03-27,C0711,Table,Furniture,3,9000,6500.0,500,North
13994,2023-02-13,C0767,Table,Furniture,1,9000,6500.0,1000,West
13995,2023-05-17,C0634,Office Chair,Furniture,1,7000,4500.0,2000,West
13996,2023-03-15,C0543,Office Chair,Furniture,1,7000,4500.0,2000,South
13997,2023-02-05,C0315,Mobile,Electronics,1,22000,18000.0,0,South
13998,2023-04-11,C0797,Laptop,Electronics,2,60000,48000.0,2000,East
13999,2023-06-05,C0618,Office Chair,Furniture,2,7000,4500.0,3000,South
14000,2023-09-12,C0736,Table,Furniture,1,9000,6500.0,5000,North
14001,2023-06-20,C0273,Laptop,Electronics,2,60000,48000.0,2000,South
14002,2023-08-04,C0232,Office Chair,Furniture,1,7000,4500.0,3000,West
14003,2023-06-19,C0420,Headphone,Electronics,1,2500,,3000,North
14004,2023-09-09,C0768,Tablet,Electronics,3,18000,14000.0,0,South
14005,2023-12-26,C0442,Office Chair,Furniture,1,7000,4500.0,0,North
14006,2023-11-18,C0496,Headphone,Electronics,1,2500,,2000,North
14007,2023-02-24,C0024,Mobile,Electronics,1,22000,18000.0,0,South
14008,2023-04-01,C0109,Headphone,Electronics,1,2500,,0,North
14009,2023-10-05,C0703,Mobile,Electronics,3,22000,18000.0,5000,West
14010,2023-04-11,C0502,Office Chair,Furniture,1,7000,4500.0,1000,South
14011,2023-06-04,C0025,Mobile,Electronics,3,22000,18000.0,2000,North
14012,2023-12-15,C0187,Headphone,Electronics,1,2500,,2000,South
14013,2023-12-30,C0288,Tablet,Electronics,3,18000,14000.0,2000,East
14014,2023-05-21,C0628,Laptop,Electronics,2,60000,48000.0,0,North
14015,2023-06-22,C0338,Laptop,Electronics,3,60000,48000.0,5000,South
14016,2023-01-10,C0037,Tablet,Electronics,3,18000,14000.0,0,East
14017,2023-08-16,C0794,Table,Furniture,1,9000,6500.0,3000,North
14018,2023-09-22,C0137,Laptop,Electronics,3,60000,48000.0,500,West
14019,2023-09-05,C0508,Office Chair,Furniture,3,7000,4500.0,500,North
14020,2023-09-04,C0227,Table,Furniture,1,9000,6500.0,500,North
14021,2023-06-04,C0320,Office Chair,Furniture,2,7000,4500.0,1000,South
14022,2023-02-03,C0182,Headphone,Electronics,2,2500,,0,North
14023,2023-05-09,C0086,Headphone,Electronics,2,2500,,3000,East
14024,2023-06-09,C0467,Table,Furniture,3,9000,6500.0,3000,South
14025,2023-03-30,C0053,Table,Furniture,1,9000,6500.0,500,North
14026,2023-04-03,C0235,Table,Furniture,2,9000,6500.0,5000,West
14027,2023-11-23,C0779,Table,Furniture,2,9000,6500.0,1000,East
14028,2023-08-29,C0799,Mobile,Electronics,2,22000,18000.0,1000,South
14029,2023-11-19,C0433,Table,Furniture,2,9000,6500.0,500,South
14030,2023-04-27,C0496,Table,Furniture,1,9000,6500.0,500,North
14031,2023-04-04,C0100,Headphone,Electronics,2,2500,,0,East
14032,2023-06-12,C0599,Office Chair,Furniture,3,7000,4500.0,5000,West
14033,2023-04-09,C0403,Headphone,Electronics,3,2500,,1000,North
14034,2023-04-23,C0396,Laptop,Electronics,1,60000,48000.0,3000,South
14035,2023-12-25,C0527,Mobile,Electronics,2,22000,18000.0,500,South
14036,2023-04-01,C0415,Mobile,Electronics,2,22000,18000.0,0,South
14037,2023-12-12,C0613,Office Chair,Furniture,3,7000,4500.0,3000,East
14038,2023-07-25,C0677,Table,Furniture,1,9000,6500.0,1000,North
14039,2023-01-17,C0463,Headphone,Electronics,3,2500,,500,North
14040,2023-10-01,C0541,Laptop,Electronics,1,60000,48000.0,5000,North
14041,2023-06-22,C0626,Headphone,Electronics,1,2500,,500,South
14042,2023-04-26,C0619,Table,Furniture,1,9000,6500.0,5000,North
14043,2023-12-15,C0364,Table,Furniture,3,9000,6500.0,0,West
14044,2023-06-30,C0130,Tablet,Electronics,1,18000,14000.0,0,East
14045,2023-04-01,C0084,Headphone,Electronics,3,2500,,1000,North
14046,2023-03-23,C0271,Office Chair,Furniture,3,7000,4500.0,5000,East
14047,2023-11-20,C0244,Headphone,Electronics,2,2500,,500,East
14048,2023-04-24,C0388,Mobile,Electronics,3,22000,18000.0,0,North
14049,2023-09-14,C0214,Laptop,Electronics,3,60000,48000.0,500,North
14050,2023-02-27,C0166,Office Chair,Furniture,2,7000,4500.0,1000,North
14051,2023-06-03,C0791,Tablet,Electronics,2,18000,14000.0,5000,North
14052,2023-12-31,C0059,Laptop,Electronics,2,60000,48000.0,500,West
14053,2023-04-26,C0602,Laptop,Electronics,1,60000,48000.0,3000,South
14054,2023-12-09,C0504,Mobile,Electronics,1,22000,18000.0,500,West
14055,2023-09-23,C0706,Mobile,Electronics,2,22000,18000.0,2000,East
14056,2023-11-11,C0123,Mobile,Electronics,1,22000,18000.0,2000,North
14057,2023-07-22,C0648,Office Chair,Furniture,2,7000,4500.0,1000,West
14058,2023-02-10,C0413,Headphone,Electronics,1,2500,,1000,North
14059,2023-04-15,C0139,Laptop,Electronics,3,60000,48000.0,1000,North
14060,2023-07-12,C0229,Headphone,Electronics,1,2500,,3000,East
14061,2023-10-05,C0274,Headphone,Electronics,1,2500,,5000,South
14062,2023-12-20,C0439,Mobile,Electronics,3,22000,18000.0,3000,South
14063,2023-08-25,C0562,Headphone,Electronics,2,2500,,500,East
14064,2023-08-09,C0118,Laptop,Electronics,1,60000,48000.0,0,West
14065,2023-03-09,C0714,Laptop,Electronics,1,60000,48000.0,5000,South
14066,2023-07-16,C0483,Table,Furniture,3,9000,6500.0,2000,South
14067,2023-09-13,C0395,Tablet,Electronics,3,18000,14000.0,2000,South
14068,2023-05-19,C0703,Office Chair,Furniture,3,7000,4500.0,2000,East
14069,2023-11-08,C0460,Headphone,Electronics,3,2500,,500,North
14070,2023-05-29,C0693,Office Chair,Furniture,2,7000,4500.0,500,West
14071,2023-04-09,C0078,Office Chair,Furniture,1,7000,4500.0,1000,East
14072,2023-03-17,C0412,Office Chair,Furniture,1,7000,4500.0,0,East
14073,2023-10-09,C0075,Table,Furniture,1,9000,6500.0,1000,West
14074,2023-04-19,C0295,Office Chair,Furniture,1,7000,4500.0,500,West
14075,2023-07-07,C0793,Table,Furniture,2,9000,6500.0,3000,North
14076,2023-07-18,C0021,Laptop,Electronics,1,60000,48000.0,1000,North
14077,2023-10-30,C0171,Headphone,Electronics,2,2500,,5000,East
14078,2023-11-23,C0015,Table,Furniture,2,9000,6500.0,500,West
14079,2023-06-03,C0211,Tablet,Electronics,3,18000,14000.0,500,East
14080,2023-02-09,C0560,Office Chair,Furniture,3,7000,4500.0,3000,South
14081,2023-05-13,C0086,Tablet,Electronics,1,18000,14000.0,3000,East
14082,2023-05-12,C0149,Laptop,Electronics,2,60000,48000.0,3000,North
14083,2023-10-06,C0700,Laptop,Electronics,3,60000,48000.0,0,West
14084,2023-12-28,C0372,Mobile,Electronics,2,22000,18000.0,5000,South
14085,2023-03-25,C0480,Office Chair,Furniture,3,7000,4500.0,500,West
14086,2023-08-30,C0151,Mobile,Electronics,2,22000,18000.0,3000,South
14087,2023-04-26,C0141,Tablet,Electronics,1,18000,14000.0,0,West
14088,2023-04-19,C0069,Headphone,Electronics,1,2500,,2000,South
14089,2023-08-09,C0260,Mobile,Electronics,2,22000,18000.0,5000,East
14090,2023-02-10,C0521,Laptop,Electronics,3,60000,48000.0,2000,West
14091,2023-05-27,C0633,Office Chair,Furniture,3,7000,4500.0,2000,East
14092,2023-04-22,C0371,Tablet,Electronics,1,18000,14000.0,500,East
14093,2023-04-13,C0419,Table,Furniture,1,9000,6500.0,0,North
14094,2023-02-15,C0101,Laptop,Electronics,1,60000,48000.0,0,South
14095,2023-11-20,C0661,Table,Furniture,3,9000,6500.0,2000,West
14096,2023-09-28,C0658,Headphone,Electronics,3,2500,,5000,North
14097,2023-07-14,C0243,Office Chair,Furniture,1,7000,4500.0,1000,East
14098,2023-10-07,C0753,Headphone,Electronics,2,2500,,2000,East
14099,2023-10-10,C0512,Headphone,Electronics,3,2500,,500,North
14100,2023-02-09,C0555,Office Chair,Furniture,1,7000,4500.0,2000,North
14101,2023-07-08,C0095,Office Chair,Furniture,2,7000,4500.0,5000,South
14102,2023-06-13,C0226,Table,Furniture,3,9000,6500.0,5000,North
14103,2023-01-24,C0518,Headphone,Electronics,2,2500,,2000,West
14104,2023-01-24,C0214,Tablet,Electronics,2,18000,14000.0,0,East
14105,2023-01-04,C0718,Table,Furniture,3,9000,6500.0,2000,South
14106,2023-11-19,C0067,Office Chair,Furniture,1,7000,4500.0,3000,North
14107,2023-10-17,C0396,Laptop,Electronics,2,60000,48000.0,3000,East
14108,2023-06-30,C0612,Table,Furniture,1,9000,6500.0,1000,South
14109,2023-09-05,C0012,Mobile,Electronics,3,22000,18000.0,500,North
14110,2023-04-26,C0237,Tablet,Electronics,2,18000,14000.0,500,South
14111,2023-10-06,C0770,Table,Furniture,2,9000,6500.0,0,West
14112,2023-12-31,C0399,Office Chair,Furniture,2,7000,4500.0,500,North
14113,2023-03-10,C0407,Office Chair,Furniture,2,7000,4500.0,1000,South
14114,2023-12-17,C0480,Tablet,Electronics,2,18000,14000.0,3000,West
14115,2023-09-11,C0647,Mobile,Electronics,3,22000,18000.0,0,North
14116,2023-06-30,C0222,Table,Furniture,2,9000,6500.0,5000,West
14117,2023-11-14,C0156,Table,Furniture,3,9000,6500.0,3000,South
14118,2023-06-18,C0654,Headphone,Electronics,1,2500,,1000,North
14119,2023-11-09,C0428,Laptop,Electronics,3,60000,48000.0,0,North
14120,2023-09-06,C0158,Office Chair,Furniture,2,7000,4500.0,2000,North
14121,2023-07-07,C0416,Table,Furniture,1,9000,6500.0,500,North
14122,2023-02-23,C0326,Table,Furniture,3,9000,6500.0,1000,North
14123,2023-11-22,C0371,Table,Furniture,3,9000,6500.0,0,South
14124,2023-12-23,C0344,Mobile,Electronics,3,22000,18000.0,3000,North
14125,2023-11-09,C0262,Laptop,Electronics,2,60000,48000.0,0,East
14126,2023-05-18,C0283,Table,Furniture,2,9000,6500.0,2000,West
14127,2023-06-17,C0229,Tablet,Electronics,3,18000,14000.0,1000,West
14128,2023-04-13,C0280,Office Chair,Furniture,3,7000,4500.0,0,South
14129,2023-03-26,C0290,Headphone,Electronics,1,2500,,5000,West
14130,2023-11-13,C0680,Tablet,Electronics,2,18000,14000.0,1000,North
14131,2023-07-31,C0047,Office Chair,Furniture,2,7000,4500.0,1000,North
14132,2023-01-03,C0715,Mobile,Electronics,1,22000,18000.0,3000,North
14133,2023-06-28,C0214,Laptop,Electronics,3,60000,48000.0,500,East
14134,2023-12-08,C0758,Laptop,Electronics,3,60000,48000.0,5000,West
14135,2023-10-30,C0024,Office Chair,Furniture,1,7000,4500.0,2000,East
14136,2023-11-28,C0321,Tablet,Electronics,3,18000,14000.0,0,South
14137,2023-02-07,C0274,Headphone,Electronics,3,2500,,500,East
14138,2023-08-27,C0556,Mobile,Electronics,1,22000,18000.0,3000,North
14139,2023-06-18,C0313,Office Chair,Furniture,1,7000,4500.0,500,South
14140,2023-12-09,C0363,Mobile,Electronics,1,22000,18000.0,1000,South
14141,2023-11-10,C0668,Laptop,Electronics,3,60000,48000.0,1000,North
14142,2023-11-02,C0380,Table,Furniture,1,9000,6500.0,2000,North
14143,2023-01-30,C0711,Table,Furniture,3,9000,6500.0,5000,East
14144,2023-07-09,C0674,Headphone,Electronics,2,2500,,0,South
14145,2023-12-23,C0470,Mobile,Electronics,2,22000,18000.0,0,South
14146,2023-01-25,C0746,Office Chair,Furniture,1,7000,4500.0,3000,South
14147,2023-04-22,C0675,Headphone,Electronics,3,2500,,2000,West
14148,2023-07-25,C0116,Tablet,Electronics,3,18000,14000.0,0,South
14149,2023-07-04,C0605,Table,Furniture,3,9000,6500.0,5000,North
14150,2023-02-16,C0042,Office Chair,Furniture,1,7000,4500.0,1000,South
14151,2023-08-16,C0796,Mobile,Electronics,3,22000,18000.0,2000,East
14152,2023-02-08,C0379,Headphone,Electronics,3,2500,,500,North
14153,2023-01-16,C0722,Office Chair,Furniture,3,7000,4500.0,2000,South
14154,2023-01-22,C0206,Headphone,Electronics,2,2500,,2000,South
14155,2023-08-01,C0466,Headphone,Electronics,3,2500,,5000,South
14156,2023-11-06,C0732,Headphone,Electronics,2,2500,,5000,South
14157,2023-05-29,C0280,Mobile,Electronics,3,22000,18000.0,0,East
14158,2023-08-29,C0648,Office Chair,Furniture,3,7000,4500.0,3000,West
14159,2023-09-29,C0618,Laptop,Electronics,3,60000,48000.0,3000,West
14160,2023-02-28,C0118,Laptop,Electronics,2,60000,48000.0,5000,East
14161,2023-10-14,C0237,Mobile,Electronics,3,22000,18000.0,0,South
14162,2023-07-21,C0309,Mobile,Electronics,1,22000,18000.0,0,West
14163,2023-02-01,C0456,Table,Furniture,3,9000,6500.0,0,West
14164,2023-06-11,C0475,Headphone,Electronics,2,2500,,5000,West
14165,2023-09-12,C0100,Office Chair,Furniture,2,7000,4500.0,3000,North
14166,2023-09-11,C0261,Office Chair,Furniture,1,7000,4500.0,0,North
14167,2023-01-09,C0305,Tablet,Electronics,1,18000,14000.0,5000,West
14168,2023-05-19,C0354,Tablet,Electronics,1,18000,14000.0,500,West
14169,2023-01-10,C0286,Laptop,Electronics,2,60000,48000.0,500,South
14170,2023-08-02,C0328,Tablet,Electronics,3,18000,14000.0,1000,West
14171,2023-09-30,C0103,Tablet,Electronics,3,18000,14000.0,500,East
14172,2023-11-20,C0063,Laptop,Electronics,1,60000,48000.0,2000,South
14173,2023-02-17,C0687,Table,Furniture,1,9000,6500.0,1000,South
14174,2023-04-21,C0282,Laptop,Electronics,3,60000,48000.0,500,South
14175,2023-06-02,C0441,Tablet,Electronics,1,18000,14000.0,2000,South
14176,2023-05-03,C0293,Office Chair,Furniture,3,7000,4500.0,500,West
14177,2023-12-23,C0738,Tablet,Electronics,3,18000,14000.0,5000,South
14178,2023-04-12,C0007,Headphone,Electronics,3,2500,,2000,West
14179,2023-08-29,C0639,Headphone,Electronics,3,2500,,0,West
14180,2023-11-17,C0092,Headphone,Electronics,2,2500,,5000,North
14181,2023-07-10,C0190,Table,Furniture,3,9000,6500.0,2000,North
14182,2023-08-05,C0476,Mobile,Electronics,1,22000,18000.0,5000,East
14183,2023-02-20,C0511,Headphone,Electronics,1,2500,,0,North
14184,2023-10-19,C0462,Office Chair,Furniture,1,7000,4500.0,2000,East
14185,2023-03-22,C0053,Table,Furniture,1,9000,6500.0,2000,North
14186,2023-03-29,C0754,Mobile,Electronics,2,22000,18000.0,5000,South
14187,2023-07-13,C0486,Mobile,Electronics,3,22000,18000.0,500,North
14188,2023-04-14,C0644,Headphone,Electronics,3,2500,,2000,North
14189,2023-09-28,C0490,Tablet,Electronics,1,18000,14000.0,500,North
14190,2023-04-06,C0364,Laptop,Electronics,1,60000,48000.0,2000,West
14191,2023-07-17,C0112,Tablet,Electronics,1,18000,14000.0,3000,South
14192,2023-01-01,C0409,Tablet,Electronics,3,18000,14000.0,1000,West
14193,2023-06-16,C0007,Mobile,Electronics,2,22000,18000.0,500,West
14194,2023-05-06,C0742,Mobile,Electronics,2,22000,18000.0,500,West
14195,2023-11-09,C0668,Table,Furniture,2,9000,6500.0,0,South
14196,2023-03-22,C0197,Table,Furniture,2,9000,6500.0,3000,East
14197,2023-09-08,C0735,Mobile,Electronics,1,22000,18000.0,0,North
14198,2023-06-18,C0367,Office Chair,Furniture,3,7000,4500.0,3000,North
14199,2023-03-14,C0250,Office Chair,Furniture,1,7000,4500.0,3000,West
14200,2023-05-21,C0595,Laptop,Electronics,2,60000,48000.0,5000,North
14201,2023-03-11,C0240,Mobile,Electronics,1,22000,18000.0,5000,West
14202,2023-09-19,C0380,Headphone,Electronics,2,2500,,5000,East
14203,2023-12-06,C0471,Table,Furniture,3,9000,6500.0,2000,South
14204,2023-11-04,C0775,Mobile,Electronics,2,22000,18000.0,0,North
14205,2023-09-02,C0701,Office Chair,Furniture,1,7000,4500.0,1000,East
14206,2023-01-03,C0455,Mobile,Electronics,3,22000,18000.0,3000,South
14207,2023-12-03,C0366,Office Chair,Furniture,2,7000,4500.0,3000,East
14208,2023-03-04,C0290,Mobile,Electronics,2,22000,18000.0,500,South
14209,2023-02-18,C0403,Headphone,Electronics,3,2500,,2000,North
14210,2023-03-17,C0058,Laptop,Electronics,1,60000,48000.0,1000,South
14211,2023-06-24,C0521,Headphone,Electronics,3,2500,,5000,South
14212,2023-04-19,C0304,Office Chair,Furniture,1,7000,4500.0,3000,North
14213,2023-07-02,C0115,Table,Furniture,2,9000,6500.0,500,North
14214,2023-07-11,C0210,Table,Furniture,2,9000,6500.0,0,South
14215,2023-03-06,C0041,Tablet,Electronics,3,18000,14000.0,3000,East
14216,2023-12-03,C0173,Headphone,Electronics,2,2500,,500,East
14217,2023-09-28,C0234,Mobile,Electronics,3,22000,18000.0,0,North
14218,2023-04-10,C0793,Laptop,Electronics,2,60000,48000.0,2000,East
14219,2023-02-01,C0590,Mobile,Electronics,2,22000,18000.0,5000,East
14220,2023-12-18,C0620,Mobile,Electronics,1,22000,18000.0,0,South
14221,2023-05-08,C0793,Headphone,Electronics,3,2500,,3000,South
14222,2023-12-05,C0403,Laptop,Electronics,3,60000,48000.0,1000,South
14223,2023-02-12,C0039,Tablet,Electronics,2,18000,14000.0,0,North
14224,2023-03-19,C0119,Mobile,Electronics,1,22000,18000.0,1000,South
14225,2023-11-10,C0335,Laptop,Electronics,1,60000,48000.0,1000,South
14226,2023-10-16,C0336,Tablet,Electronics,3,18000,14000.0,0,South
14227,2023-09-27,C0539,Mobile,Electronics,3,22000,18000.0,2000,West
14228,2023-06-11,C0616,Laptop,Electronics,2,60000,48000.0,0,South
14229,2023-07-08,C0074,Headphone,Electronics,3,2500,,500,East
14230,2023-09-04,C0191,Table,Furniture,2,9000,6500.0,5000,West
14231,2023-08-04,C0324,Table,Furniture,1,9000,6500.0,1000,North
14232,2023-11-11,C0147,Mobile,Electronics,3,22000,18000.0,5000,West
14233,2023-12-05,C0767,Mobile,Electronics,1,22000,18000.0,3000,North
14234,2023-06-17,C0284,Laptop,Electronics,1,60000,48000.0,1000,West
14235,2023-12-05,C0213,Table,Furniture,2,9000,6500.0,3000,North
14236,2023-07-12,C0635,Mobile,Electronics,1,22000,18000.0,500,South
14237,2023-10-10,C0718,Tablet,Electronics,2,18000,14000.0,500,East
14238,2023-12-02,C0752,Mobile,Electronics,2,22000,18000.0,5000,West
14239,2023-01-13,C0394,Table,Furniture,1,9000,6500.0,500,North
14240,2023-08-28,C0339,Office Chair,Furniture,1,7000,4500.0,0,East
14241,2023-11-16,C0798,Table,Furniture,2,9000,6500.0,1000,East
14242,2023-05-27,C0022,Tablet,Electronics,2,18000,14000.0,3000,North
14243,2023-07-23,C0771,Laptop,Electronics,1,60000,48000.0,5000,South
14244,2023-03-21,C0105,Tablet,Electronics,2,18000,14000.0,5000,South
14245,2023-02-12,C0466,Office Chair,Furniture,2,7000,4500.0,500,South
14246,2023-03-30,C0459,Office Chair,Furniture,3,7000,4500.0,500,East
14247,2023-05-28,C0432,Mobile,Electronics,3,22000,18000.0,3000,West
14248,2023-04-05,C0770,Mobile,Electronics,3,22000,18000.0,1000,East
14249,2023-05-31,C0716,Table,Furniture,3,9000,6500.0,1000,West
14250,2023-01-02,C0774,Headphone,Electronics,3,2500,,5000,North
14251,2023-01-22,C0619,Tablet,Electronics,2,18000,14000.0,3000,North
14252,2023-11-09,C0763,Table,Furniture,2,9000,6500.0,5000,West
14253,2023-11-24,C0221,Headphone,Electronics,3,2500,,2000,West
14254,2023-01-07,C0379,Table,Furniture,1,9000,6500.0,1000,North
14255,2023-07-25,C0222,Office Chair,Furniture,3,7000,4500.0,3000,South
14256,2023-04-24,C0258,Mobile,Electronics,1,22000,18000.0,3000,West
14257,2023-09-29,C0713,Mobile,Electronics,2,22000,18000.0,5000,North
14258,2023-03-24,C0367,Table,Furniture,1,9000,6500.0,500,North
14259,2023-06-28,C0770,Mobile,Electronics,2,22000,18000.0,3000,East
14260,2023-07-29,C0349,Laptop,Electronics,1,60000,48000.0,5000,West
14261,2023-11-24,C0225,Table,Furniture,2,9000,6500.0,0,East
14262,2023-05-04,C0714,Office Chair,Furniture,2,7000,4500.0,500,East
14263,2023-04-23,C0738,Table,Furniture,3,9000,6500.0,500,South
14264,2023-01-12,C0236,Table,Furniture,2,9000,6500.0,1000,East
14265,2023-05-06,C0183,Mobile,Electronics,3,22000,18000.0,2000,North
14266,2023-02-22,C0712,Office Chair,Furniture,3,7000,4500.0,1000,West
14267,2023-11-27,C0758,Table,Furniture,3,9000,6500.0,0,South
14268,2023-10-10,C0444,Mobile,Electronics,1,22000,18000.0,5000,East
14269,2023-05-20,C0623,Tablet,Electronics,1,18000,14000.0,500,West
14270,2023-04-07,C0006,Office Chair,Furniture,2,7000,4500.0,500,North
14271,2023-01-05,C0236,Headphone,Electronics,3,2500,,3000,West
14272,2023-02-26,C0127,Laptop,Electronics,3,60000,48000.0,2000,South
14273,2023-11-30,C0104,Headphone,Electronics,2,2500,,2000,South
14274,2023-03-10,C0749,Office Chair,Furniture,3,7000,4500.0,3000,North
14275,2023-04-28,C0480,Table,Furniture,2,9000,6500.0,0,West
14276,2023-02-28,C0155,Mobile,Electronics,3,22000,18000.0,2000,West
14277,2023-02-02,C0257,Office Chair,Furniture,1,7000,4500.0,500,North
14278,2023-11-14,C0235,Laptop,Electronics,2,60000,48000.0,0,North
14279,2023-02-19,C0500,Office Chair,Furniture,2,7000,4500.0,1000,West
14280,2023-01-19,C0289,Mobile,Electronics,1,22000,18000.0,1000,North
14281,2023-08-02,C0510,Headphone,Electronics,2,2500,,0,East
14282,2023-07-16,C0552,Tablet,Electronics,1,18000,14000.0,500,East
14283,2023-02-16,C0800,Headphone,Electronics,3,2500,,1000,West
14284,2023-06-16,C0709,Mobile,Electronics,1,22000,18000.0,5000,South
14285,2023-10-16,C0785,Mobile,Electronics,1,22000,18000.0,500,South
14286,2023-05-21,C0776,Laptop,Electronics,2,60000,48000.0,3000,West
14287,2023-03-25,C0569,Office Chair,Furniture,3,7000,4500.0,2000,North
14288,2023-07-01,C0298,Office Chair,Furniture,1,7000,4500.0,0,North
14289,2023-03-20,C0610,Headphone,Electronics,3,2500,,2000,North
14290,2023-08-03,C0137,Tablet,Electronics,1,18000,14000.0,3000,West
14291,2023-01-14,C0376,Tablet,Electronics,2,18000,14000.0,1000,East
14292,2023-08-03,C0087,Laptop,Electronics,1,60000,48000.0,5000,North
14293,2023-05-08,C0419,Mobile,Electronics,1,22000,18000.0,500,East
14294,2023-11-06,C0754,Laptop,Electronics,3,60000,48000.0,500,South
14295,2023-09-05,C0199,Office Chair,Furniture,1,7000,4500.0,3000,West
14296,2023-01-29,C0463,Table,Furniture,2,9000,6500.0,0,North
14297,2023-10-07,C0437,Table,Furniture,2,9000,6500.0,2000,East
14298,2023-12-04,C0310,Table,Furniture,1,9000,6500.0,5000,East
14299,2023-11-15,C0596,Mobile,Electronics,1,22000,18000.0,1000,North
14300,2023-07-21,C0754,Laptop,Electronics,3,60000,48000.0,0,West
14301,2023-12-27,C0281,Headphone,Electronics,3,2500,,5000,North
14302,2023-02-26,C0323,Office Chair,Furniture,2,7000,4500.0,5000,East
14303,2023-08-06,C0764,Table,Furniture,3,9000,6500.0,3000,East
14304,2023-03-03,C0702,Tablet,Electronics,1,18000,14000.0,3000,East
14305,2023-06-06,C0152,Laptop,Electronics,2,60000,48000.0,500,North
14306,2023-07-21,C0302,Office Chair,Furniture,3,7000,4500.0,1000,West
14307,2023-01-17,C0278,Office Chair,Furniture,2,7000,4500.0,0,North
14308,2023-11-18,C0651,Tablet,Electronics,1,18000,14000.0,500,East
14309,2023-01-06,C0688,Tablet,Electronics,3,18000,14000.0,1000,East
14310,2023-02-27,C0008,Tablet,Electronics,1,18000,14000.0,2000,West
14311,2023-11-21,C0235,Table,Furniture,1,9000,6500.0,2000,East
14312,2023-11-14,C0675,Table,Furniture,2,9000,6500.0,500,North
14313,2023-06-18,C0561,Laptop,Electronics,2,60000,48000.0,0,West
14314,2023-03-23,C0302,Tablet,Electronics,2,18000,14000.0,1000,North
14315,2023-08-07,C0038,Headphone,Electronics,3,2500,,2000,North
14316,2023-06-26,C0136,Office Chair,Furniture,3,7000,4500.0,2000,West
14317,2023-07-23,C0421,Tablet,Electronics,2,18000,14000.0,0,South
14318,2023-03-12,C0219,Office Chair,Furniture,3,7000,4500.0,500,North
14319,2023-09-23,C0348,Mobile,Electronics,3,22000,18000.0,3000,South
14320,2023-04-08,C0546,Mobile,Electronics,2,22000,18000.0,5000,North
14321,2023-12-11,C0079,Tablet,Electronics,1,18000,14000.0,1000,North
14322,2023-10-18,C0748,Office Chair,Furniture,3,7000,4500.0,2000,North
14323,2023-07-27,C0273,Mobile,Electronics,3,22000,18000.0,5000,East
14324,2023-01-02,C0161,Tablet,Electronics,1,18000,14000.0,5000,East
14325,2023-05-04,C0687,Office Chair,Furniture,1,7000,4500.0,3000,East
14326,2023-10-07,C0308,Tablet,Electronics,1,18000,14000.0,5000,North
14327,2023-03-15,C0374,Table,Furniture,2,9000,6500.0,0,East
14328,2023-06-15,C0733,Office Chair,Furniture,1,7000,4500.0,500,South
14329,2023-01-22,C0009,Mobile,Electronics,2,22000,18000.0,1000,South
14330,2023-06-03,C0444,Tablet,Electronics,1,18000,14000.0,0,West
14331,2023-10-22,C0113,Mobile,Electronics,1,22000,18000.0,500,South
14332,2023-08-07,C0205,Tablet,Electronics,2,18000,14000.0,0,East
14333,2023-06-06,C0405,Laptop,Electronics,2,60000,48000.0,2000,West
14334,2023-08-18,C0698,Mobile,Electronics,1,22000,18000.0,2000,South
14335,2023-01-20,C0197,Mobile,Electronics,1,22000,18000.0,3000,South
14336,2023-02-10,C0778,Headphone,Electronics,1,2500,,0,South
14337,2023-05-28,C0774,Table,Furniture,3,9000,6500.0,5000,North
14338,2023-04-18,C0760,Mobile,Electronics,1,22000,18000.0,2000,East
14339,2023-03-25,C0115,Office Chair,Furniture,2,7000,4500.0,500,East
14340,2023-11-18,C0121,Tablet,Electronics,3,18000,14000.0,3000,North
14341,2023-11-05,C0653,Laptop,Electronics,2,60000,48000.0,5000,North
14342,2023-10-17,C0065,Office Chair,Furniture,3,7000,4500.0,1000,West
14343,2023-11-19,C0276,Office Chair,Furniture,3,7000,4500.0,0,South
14344,2023-05-14,C0239,Office Chair,Furniture,2,7000,4500.0,2000,North
14345,2023-07-26,C0302,Office Chair,Furniture,3,7000,4500.0,5000,North
14346,2023-10-10,C0392,Laptop,Electronics,2,60000,48000.0,500,East
14347,2023-09-23,C0522,Headphone,Electronics,1,2500,,0,North
14348,2023-03-14,C0369,Table,Furniture,3,9000,6500.0,500,North
14349,2023-12-18,C0233,Mobile,Electronics,2,22000,18000.0,3000,East
14350,2023-02-17,C0195,Office Chair,Furniture,3,7000,4500.0,2000,East
14351,2023-11-22,C0012,Mobile,Electronics,2,22000,18000.0,2000,South
14352,2023-08-21,C0689,Mobile,Electronics,1,22000,18000.0,3000,North
14353,2023-04-10,C0177,Office Chair,Furniture,1,7000,4500.0,500,South
14354,2023-02-28,C0217,Headphone,Electronics,3,2500,,0,North
14355,2023-09-15,C0011,Mobile,Electronics,3,22000,18000.0,500,South
14356,2023-03-06,C0446,Tablet,Electronics,2,18000,14000.0,0,North
14357,2023-03-24,C0630,Mobile,Electronics,2,22000,18000.0,5000,North
14358,2023-06-03,C0164,Table,Furniture,3,9000,6500.0,3000,South
14359,2023-09-23,C0551,Office Chair,Furniture,2,7000,4500.0,1000,West
14360,2023-11-05,C0053,Laptop,Electronics,2,60000,48000.0,0,North
14361,2023-03-20,C0218,Mobile,Electronics,2,22000,18000.0,2000,South
14362,2023-11-11,C0718,Headphone,Electronics,3,2500,,5000,South
14363,2023-05-30,C0360,Tablet,Electronics,1,18000,14000.0,2000,South
14364,2023-02-17,C0385,Tablet,Electronics,1,18000,14000.0,5000,West
14365,2023-09-05,C0056,Laptop,Electronics,2,60000,48000.0,2000,South
14366,2023-10-05,C0118,Table,Furniture,3,9000,6500.0,500,West
14367,2023-12-22,C0253,Laptop,Electronics,2,60000,48000.0,500,North
14368,2023-04-08,C0798,Table,Furniture,1,9000,6500.0,500,West
14369,2023-01-25,C0780,Mobile,Electronics,2,22000,18000.0,5000,North
14370,2023-10-11,C0180,Office Chair,Furniture,1,7000,4500.0,5000,North
14371,2023-10-28,C0415,Headphone,Electronics,3,2500,,2000,North
14372,2023-03-09,C0235,Tablet,Electronics,2,18000,14000.0,0,North
14373,2023-01-07,C0708,Laptop,Electronics,3,60000,48000.0,5000,South
14374,2023-11-01,C0080,Headphone,Electronics,2,2500,,2000,South
14375,2023-05-17,C0647,Table,Furniture,2,9000,6500.0,0,East
14376,2023-06-13,C0022,Office Chair,Furniture,2,7000,4500.0,500,North
14377,2023-03-24,C0477,Tablet,Electronics,2,18000,14000.0,5000,South
14378,2023-05-18,C0440,Tablet,Electronics,2,18000,14000.0,1000,South
14379,2023-03-14,C0737,Table,Furniture,3,9000,6500.0,500,East
14380,2023-08-25,C0570,Office Chair,Furniture,3,7000,4500.0,3000,North
14381,2023-02-15,C0093,Tablet,Electronics,1,18000,14000.0,0,North
14382,2023-04-16,C0192,Office Chair,Furniture,2,7000,4500.0,1000,South
14383,2023-10-15,C0103,Tablet,Electronics,1,18000,14000.0,500,West
14384,2023-09-19,C0396,Mobile,Electronics,3,22000,18000.0,5000,East
14385,2023-06-25,C0007,Table,Furniture,1,9000,6500.0,1000,North
14386,2023-06-15,C0640,Office Chair,Furniture,3,7000,4500.0,2000,North
14387,2023-05-25,C0567,Headphone,Electronics,2,2500,,0,North
14388,2023-11-26,C0231,Mobile,Electronics,1,22000,18000.0,3000,South
14389,2023-10-10,C0574,Headphone,Electronics,1,2500,,2000,South
14390,2023-02-23,C0240,Table,Furniture,1,9000,6500.0,1000,North
14391,2023-06-27,C0090,Tablet,Electronics,1,18000,14000.0,500,South
14392,2023-09-01,C0232,Headphone,Electronics,2,2500,,0,South
14393,2023-12-07,C0457,Mobile,Electronics,3,22000,18000.0,5000,South
14394,2023-05-07,C0233,Office Chair,Furniture,3,7000,4500.0,3000,North
14395,2023-09-28,C0354,Laptop,Electronics,2,60000,48000.0,500,South
14396,2023-05-12,C0333,Headphone,Electronics,3,2500,,3000,South
14397,2023-04-03,C0439,Laptop,Electronics,1,60000,48000.0,5000,West
14398,2023-03-14,C0375,Table,Furniture,2,9000,6500.0,0,East
14399,2023-09-05,C0292,Headphone,Electronics,3,2500,,1000,North
14400,2023-12-14,C0345,Headphone,Electronics,2,2500,,3000,North
14401,2023-09-30,C0664,Office Chair,Furniture,2,7000,4500.0,0,South
14402,2023-02-12,C0428,Tablet,Electronics,3,18000,14000.0,3000,South
14403,2023-02-10,C0657,Mobile,Electronics,3,22000,18000.0,500,West
14404,2023-06-19,C0130,Mobile,Electronics,2,22000,18000.0,3000,South
14405,2023-07-31,C0141,Mobile,Electronics,2,22000,18000.0,500,West
14406,2023-06-17,C0415,Table,Furniture,3,9000,6500.0,500,South
14407,2023-02-08,C0093,Tablet,Electronics,2,18000,14000.0,0,West
14408,2023-09-02,C0626,Laptop,Electronics,3,60000,48000.0,2000,East
14409,2023-05-31,C0284,Mobile,Electronics,2,22000,18000.0,5000,East
14410,2023-04-21,C0655,Laptop,Electronics,2,60000,48000.0,3000,South
14411,2023-02-16,C0223,Tablet,Electronics,2,18000,14000.0,1000,West
14412,2023-03-04,C0744,Table,Furniture,3,9000,6500.0,500,North
14413,2023-08-13,C0463,Tablet,Electronics,1,18000,14000.0,2000,West
14414,2023-03-10,C0545,Office Chair,Furniture,3,7000,4500.0,500,East
14415,2023-10-26,C0276,Mobile,Electronics,2,22000,18000.0,2000,South
14416,2023-10-17,C0682,Table,Furniture,1,9000,6500.0,2000,West
14417,2023-10-23,C0140,Office Chair,Furniture,1,7000,4500.0,1000,West
14418,2023-07-22,C0357,Mobile,Electronics,2,22000,18000.0,2000,East
14419,2023-03-02,C0713,Tablet,Electronics,3,18000,14000.0,1000,North
14420,2023-11-14,C0023,Tablet,Electronics,1,18000,14000.0,0,West
14421,2023-11-10,C0736,Headphone,Electronics,1,2500,,500,East
14422,2023-06-10,C0270,Headphone,Electronics,3,2500,,1000,East
14423,2023-11-27,C0665,Tablet,Electronics,3,18000,14000.0,5000,West
14424,2023-01-16,C0333,Tablet,Electronics,1,18000,14000.0,500,North
14425,2023-12-04,C0085,Laptop,Electronics,3,60000,48000.0,5000,North
14426,2023-04-04,C0621,Laptop,Electronics,1,60000,48000.0,3000,South
14427,2023-10-31,C0031,Office Chair,Furniture,2,7000,4500.0,5000,North
14428,2023-05-18,C0741,Headphone,Electronics,3,2500,,0,East
14429,2023-12-04,C0240,Headphone,Electronics,1,2500,,3000,North
14430,2023-02-07,C0363,Tablet,Electronics,3,18000,14000.0,3000,North
14431,2023-05-07,C0389,Tablet,Electronics,3,18000,14000.0,2000,South
14432,2023-10-02,C0653,Office Chair,Furniture,1,7000,4500.0,5000,South
14433,2023-06-13,C0668,Table,Furniture,2,9000,6500.0,2000,North
14434,2023-11-15,C0299,Table,Furniture,1,9000,6500.0,5000,North
14435,2023-03-18,C0371,Table,Furniture,3,9000,6500.0,3000,South
14436,2023-06-23,C0099,Headphone,Electronics,1,2500,,2000,East
14437,2023-12-24,C0047,Laptop,Electronics,3,60000,48000.0,500,West
14438,2023-11-17,C0422,Table,Furniture,1,9000,6500.0,5000,North
14439,2023-04-01,C0480,Mobile,Electronics,2,22000,18000.0,5000,South
14440,2023-08-26,C0579,Office Chair,Furniture,2,7000,4500.0,2000,North
14441,2023-09-21,C0062,Table,Furniture,2,9000,6500.0,5000,South
14442,2023-06-28,C0109,Mobile,Electronics,2,22000,18000.0,3000,West
14443,2023-07-28,C0679,Table,Furniture,1,9000,6500.0,2000,South
14444,2023-03-14,C0549,Laptop,Electronics,2,60000,48000.0,2000,South
14445,2023-04-17,C0119,Laptop,Electronics,1,60000,48000.0,1000,North
14446,2023-12-11,C0598,Table,Furniture,3,9000,6500.0,1000,West
14447,2023-10-22,C0382,Mobile,Electronics,3,22000,18000.0,3000,South
14448,2023-10-11,C0392,Office Chair,Furniture,3,7000,4500.0,500,South
14449,2023-12-19,C0052,Mobile,Electronics,2,22000,18000.0,5000,South
14450,2023-07-01,C0603,Office Chair,Furniture,2,7000,4500.0,0,North
14451,2023-02-06,C0289,Table,Furniture,2,9000,6500.0,5000,West
14452,2023-05-17,C0337,Office Chair,Furniture,3,7000,4500.0,0,North
14453,2023-12-04,C0204,Tablet,Electronics,3,18000,14000.0,3000,East
14454,2023-02-25,C0238,Headphone,Electronics,3,2500,,500,South
14455,2023-07-06,C0382,Headphone,Electronics,3,2500,,500,North
14456,2023-12-07,C0667,Laptop,Electronics,1,60000,48000.0,500,North
14457,2023-09-15,C0752,Tablet,Electronics,1,18000,14000.0,1000,East
14458,2023-02-27,C0136,Headphone,Electronics,2,2500,,3000,South
14459,2023-12-29,C0407,Table,Furniture,2,9000,6500.0,0,North
14460,2023-05-03,C0508,Office Chair,Furniture,3,7000,4500.0,500,North
14461,2023-07-07,C0362,Office Chair,Furniture,1,7000,4500.0,3000,East
14462,2023-08-18,C0381,Mobile,Electronics,1,22000,18000.0,5000,West
14463,2023-06-17,C0576,Mobile,Electronics,2,22000,18000.0,0,West
14464,2023-04-24,C0635,Office Chair,Furniture,1,7000,4500.0,1000,South
14465,2023-09-09,C0254,Table,Furniture,2,9000,6500.0,2000,South
14466,2023-04-17,C0477,Office Chair,Furniture,3,7000,4500.0,0,North
14467,2023-02-06,C0114,Mobile,Electronics,3,22000,18000.0,5000,North
14468,2023-12-01,C0020,Headphone,Electronics,2,2500,,0,West
14469,2023-04-02,C0528,Laptop,Electronics,3,60000,48000.0,0,East
14470,2023-01-18,C0145,Mobile,Electronics,3,22000,18000.0,2000,East
14471,2023-12-20,C0208,Table,Furniture,1,9000,6500.0,500,South
14472,2023-03-04,C0531,Headphone,Electronics,1,2500,,5000,West
14473,2023-05-30,C0376,Headphone,Electronics,1,2500,,2000,West
14474,2023-05-19,C0504,Headphone,Electronics,1,2500,,0,South
14475,2023-07-05,C0166,Tablet,Electronics,1,18000,14000.0,5000,North
14476,2023-07-04,C0550,Tablet,Electronics,2,18000,14000.0,1000,South
14477,2023-07-24,C0181,Headphone,Electronics,2,2500,,0,North
14478,2023-09-17,C0617,Table,Furniture,1,9000,6500.0,1000,West
14479,2023-08-02,C0612,Office Chair,Furniture,3,7000,4500.0,3000,South
14480,2023-09-13,C0602,Table,Furniture,3,9000,6500.0,1000,South
14481,2023-05-15,C0444,Tablet,Electronics,2,18000,14000.0,0,South
14482,2023-03-02,C0332,Mobile,Electronics,2,22000,18000.0,2000,South
14483,2023-12-29,C0503,Tablet,Electronics,2,18000,14000.0,0,North
14484,2023-11-06,C0079,Office Chair,Furniture,3,7000,4500.0,0,West
14485,2023-03-29,C0585,Laptop,Electronics,2,60000,48000.0,3000,North
14486,2023-11-20,C0688,Tablet,Electronics,3,18000,14000.0,500,East
14487,2023-07-26,C0396,Table,Furniture,2,9000,6500.0,0,East
14488,2023-05-09,C0608,Table,Furniture,3,9000,6500.0,3000,North
14489,2023-11-07,C0103,Headphone,Electronics,2,2500,,2000,West
14490,2023-01-03,C0402,Headphone,Electronics,2,2500,,3000,South
14491,2023-08-30,C0224,Headphone,Electronics,3,2500,,3000,East
14492,2023-05-01,C0518,Laptop,Electronics,2,60000,48000.0,1000,East
14493,2023-04-12,C0634,Office Chair,Furniture,1,7000,4500.0,500,South
14494,2023-02-07,C0236,Mobile,Electronics,3,22000,18000.0,500,North
14495,2023-12-07,C0427,Table,Furniture,2,9000,6500.0,5000,East
14496,2023-05-13,C0116,Table,Furniture,3,9000,6500.0,2000,South
14497,2023-07-21,C0163,Office Chair,Furniture,2,7000,4500.0,5000,North
14498,2023-12-14,C0226,Laptop,Electronics,1,60000,48000.0,3000,East
14499,2023-01-21,C0230,Headphone,Electronics,2,2500,,2000,East
14500,2023-08-30,C0182,Office Chair,Furniture,2,7000,4500.0,2000,South
14501,2023-04-19,C0249,Mobile,Electronics,1,22000,18000.0,500,North
14502,2023-10-30,C0318,Headphone,Electronics,3,2500,,500,South
14503,2023-03-25,C0210,Mobile,Electronics,2,22000,18000.0,500,North
14504,2023-03-24,C0656,Tablet,Electronics,2,18000,14000.0,0,South
14505,2023-10-18,C0392,Mobile,Electronics,1,22000,18000.0,3000,West
14506,2023-03-10,C0096,Headphone,Electronics,3,2500,,2000,North
14507,2023-05-09,C0756,Tablet,Electronics,3,18000,14000.0,3000,North
14508,2023-07-15,C0086,Headphone,Electronics,1,2500,,2000,East
14509,2023-05-20,C0415,Table,Furniture,1,9000,6500.0,2000,North
14510,2023-10-10,C0394,Headphone,Electronics,2,2500,,5000,North
14511,2023-11-08,C0696,Tablet,Electronics,1,18000,14000.0,2000,East
14512,2023-08-22,C0633,Mobile,Electronics,1,22000,18000.0,2000,East
14513,2023-01-23,C0501,Table,Furniture,1,9000,6500.0,1000,East
14514,2023-06-02,C0604,Laptop,Electronics,3,60000,48000.0,1000,East
14515,2023-10-04,C0582,Laptop,Electronics,1,60000,48000.0,5000,South
14516,2023-03-02,C0133,Laptop,Electronics,2,60000,48000.0,0,West
14517,2023-11-15,C0791,Laptop,Electronics,2,60000,48000.0,500,North
14518,2023-02-21,C0649,Office Chair,Furniture,2,7000,4500.0,2000,South
14519,2023-12-10,C0314,Laptop,Electronics,1,60000,48000.0,3000,South
14520,2023-06-02,C0699,Tablet,Electronics,3,18000,14000.0,1000,North
14521,2023-08-25,C0221,Laptop,Electronics,1,60000,48000.0,500,South
14522,2023-11-07,C0438,Headphone,Electronics,1,2500,,0,South
14523,2023-10-29,C0046,Laptop,Electronics,2,60000,48000.0,500,South
14524,2023-02-01,C0790,Mobile,Electronics,1,22000,18000.0,2000,South
14525,2023-02-24,C0192,Tablet,Electronics,3,18000,14000.0,500,East
14526,2023-12-18,C0520,Tablet,Electronics,2,18000,14000.0,2000,East
14527,2023-02-05,C0379,Table,Furniture,3,9000,6500.0,5000,North
14528,2023-04-20,C0788,Office Chair,Furniture,3,7000,4500.0,1000,South
14529,2023-06-26,C0691,Headphone,Electronics,3,2500,,1000,North
14530,2023-12-28,C0334,Tablet,Electronics,1,18000,14000.0,2000,North
14531,2023-11-10,C0039,Mobile,Electronics,1,22000,18000.0,3000,East
14532,2023-10-22,C0293,Laptop,Electronics,1,60000,48000.0,1000,North
14533,2023-12-02,C0690,Tablet,Electronics,1,18000,14000.0,3000,North
14534,2023-04-07,C0162,Mobile,Electronics,2,22000,18000.0,2000,North
14535,2023-08-01,C0331,Laptop,Electronics,1,60000,48000.0,5000,West
14536,2023-11-13,C0104,Office Chair,Furniture,2,7000,4500.0,2000,North
14537,2023-05-17,C0161,Tablet,Electronics,3,18000,14000.0,5000,East
14538,2023-01-06,C0799,Tablet,Electronics,2,18000,14000.0,1000,North
14539,2023-04-19,C0635,Mobile,Electronics,1,22000,18000.0,3000,East
14540,2023-02-04,C0054,Table,Furniture,2,9000,6500.0,2000,West
14541,2023-02-08,C0034,Headphone,Electronics,1,2500,,1000,South
14542,2023-05-30,C0242,Office Chair,Furniture,1,7000,4500.0,5000,West
14543,2023-04-28,C0113,Headphone,Electronics,2,2500,,2000,East
14544,2023-09-18,C0318,Tablet,Electronics,2,18000,14000.0,5000,East
14545,2023-03-28,C0023,Headphone,Electronics,3,2500,,500,East
14546,2023-03-17,C0558,Laptop,Electronics,3,60000,48000.0,5000,North
14547,2023-11-09,C0647,Office Chair,Furniture,3,7000,4500.0,500,South
14548,2023-08-02,C0118,Headphone,Electronics,3,2500,,1000,West
14549,2023-10-12,C0701,Laptop,Electronics,3,60000,48000.0,2000,South
14550,2023-08-27,C0643,Mobile,Electronics,2,22000,18000.0,1000,West
14551,2023-06-14,C0212,Headphone,Electronics,3,2500,,0,South
14552,2023-03-28,C0418,Office Chair,Furniture,2,7000,4500.0,5000,South
14553,2023-05-21,C0113,Laptop,Electronics,3,60000,48000.0,1000,East
14554,2023-06-09,C0044,Headphone,Electronics,1,2500,,1000,West
14555,2023-02-15,C0128,Mobile,Electronics,3,22000,18000.0,500,South
14556,2023-04-22,C0158,Headphone,Electronics,1,2500,,5000,North
14557,2023-02-14,C0785,Laptop,Electronics,2,60000,48000.0,500,East
14558,2023-09-04,C0394,Headphone,Electronics,3,2500,,2000,West
14559,2023-04-14,C0512,Office Chair,Furniture,2,7000,4500.0,1000,East
14560,2023-03-26,C0045,Tablet,Electronics,3,18000,14000.0,5000,North
14561,2023-05-14,C0108,Laptop,Electronics,2,60000,48000.0,1000,North
14562,2023-04-18,C0219,Laptop,Electronics,3,60000,48000.0,2000,West
14563,2023-01-18,C0443,Laptop,Electronics,3,60000,48000.0,3000,North
14564,2023-04-04,C0315,Laptop,Electronics,1,60000,48000.0,2000,South
14565,2023-05-30,C0177,Headphone,Electronics,2,2500,,500,North
14566,2023-09-03,C0228,Office Chair,Furniture,2,7000,4500.0,500,North
14567,2023-10-16,C0703,Mobile,Electronics,2,22000,18000.0,1000,South
14568,2023-07-28,C0672,Office Chair,Furniture,2,7000,4500.0,500,North
14569,2023-05-06,C0267,Laptop,Electronics,2,60000,48000.0,5000,East
14570,2023-08-23,C0379,Table,Furniture,1,9000,6500.0,2000,South
14571,2023-05-02,C0489,Headphone,Electronics,3,2500,,1000,South
14572,2023-05-18,C0702,Table,Furniture,1,9000,6500.0,2000,South
14573,2023-04-25,C0687,Headphone,Electronics,2,2500,,2000,West
14574,2023-06-11,C0290,Laptop,Electronics,2,60000,48000.0,1000,East
14575,2023-07-20,C0357,Headphone,Electronics,3,2500,,3000,North
14576,2023-08-22,C0657,Laptop,Electronics,1,60000,48000.0,500,North
14577,2023-01-28,C0744,Office Chair,Furniture,3,7000,4500.0,0,South
14578,2023-01-11,C0204,Tablet,Electronics,3,18000,14000.0,0,West
14579,2023-07-25,C0213,Headphone,Electronics,1,2500,,0,South
14580,2023-06-16,C0552,Laptop,Electronics,3,60000,48000.0,500,North
14581,2023-09-04,C0787,Table,Furniture,1,9000,6500.0,3000,East
14582,2023-02-16,C0323,Laptop,Electronics,1,60000,48000.0,2000,East
14583,2023-09-03,C0594,Table,Furniture,2,9000,6500.0,1000,South
14584,2023-05-07,C0181,Headphone,Electronics,3,2500,,3000,North
14585,2023-05-27,C0499,Mobile,Electronics,2,22000,18000.0,0,North
14586,2023-04-28,C0320,Table,Furniture,3,9000,6500.0,5000,North
14587,2023-06-01,C0083,Laptop,Electronics,3,60000,48000.0,500,North
14588,2023-03-13,C0303,Headphone,Electronics,2,2500,,500,West
14589,2023-12-29,C0262,Laptop,Electronics,2,60000,48000.0,1000,North
14590,2023-05-17,C0784,Mobile,Electronics,2,22000,18000.0,5000,East
14591,2023-06-24,C0200,Tablet,Electronics,1,18000,14000.0,2000,South
14592,2023-10-16,C0240,Mobile,Electronics,3,22000,18000.0,3000,South
14593,2023-01-19,C0692,Office Chair,Furniture,1,7000,4500.0,5000,West
14594,2023-07-14,C0683,Headphone,Electronics,3,2500,,3000,East
14595,2023-11-26,C0295,Mobile,Electronics,3,22000,18000.0,3000,West
14596,2023-06-24,C0512,Tablet,Electronics,1,18000,14000.0,2000,North
14597,2023-12-20,C0689,Laptop,Electronics,1,60000,48000.0,2000,North
14598,2023-05-21,C0396,Headphone,Electronics,3,2500,,2000,North
14599,2023-09-03,C0749,Table,Furniture,2,9000,6500.0,1000,North
14600,2023-04-03,C0138,Mobile,Electronics,2,22000,18000.0,500,South
14601,2023-08-27,C0129,Tablet,Electronics,2,18000,14000.0,0,West
14602,2023-07-24,C0049,Mobile,Electronics,2,22000,18000.0,2000,North
14603,2023-02-17,C0676,Office Chair,Furniture,3,7000,4500.0,500,West
14604,2023-09-02,C0789,Headphone,Electronics,2,2500,,2000,South
14605,2023-11-16,C0293,Laptop,Electronics,2,60000,48000.0,0,East
14606,2023-11-13,C0628,Tablet,Electronics,2,18000,14000.0,5000,North
14607,2023-10-22,C0536,Mobile,Electronics,3,22000,18000.0,2000,North
14608,2023-05-08,C0311,Headphone,Electronics,1,2500,,500,West
14609,2023-12-10,C0537,Mobile,Electronics,2,22000,18000.0,1000,North
14610,2023-10-09,C0639,Headphone,Electronics,3,2500,,5000,East
14611,2023-01-17,C0234,Office Chair,Furniture,3,7000,4500.0,5000,South
14612,2023-03-12,C0209,Mobile,Electronics,2,22000,18000.0,5000,West
14613,2023-09-26,C0605,Office Chair,Furniture,1,7000,4500.0,0,East
14614,2023-11-21,C0094,Table,Furniture,1,9000,6500.0,500,North
14615,2023-10-09,C0327,Table,Furniture,1,9000,6500.0,3000,South
14616,2023-11-01,C0225,Tablet,Electronics,3,18000,14000.0,3000,North
14617,2023-01-07,C0792,Office Chair,Furniture,2,7000,4500.0,3000,South
14618,2023-11-10,C0011,Headphone,Electronics,2,2500,,1000,North
14619,2023-11-01,C0329,Tablet,Electronics,3,18000,14000.0,2000,South
14620,2023-04-13,C0012,Mobile,Electronics,2,22000,18000.0,2000,North
14621,2023-11-05,C0035,Mobile,Electronics,2,22000,18000.0,2000,West
14622,2023-07-12,C0447,Headphone,Electronics,1,2500,,1000,South
14623,2023-08-29,C0452,Laptop,Electronics,2,60000,48000.0,3000,West
14624,2023-03-03,C0740,Laptop,Electronics,2,60000,48000.0,5000,North
14625,2023-01-17,C0220,Mobile,Electronics,3,22000,18000.0,2000,East
14626,2023-06-20,C0441,Headphone,Electronics,3,2500,,5000,South
14627,2023-01-25,C0653,Laptop,Electronics,1,60000,48000.0,5000,South
14628,2023-09-08,C0535,Office Chair,Furniture,3,7000,4500.0,1000,West
14629,2023-09-10,C0595,Mobile,Electronics,1,22000,18000.0,1000,West
14630,2023-07-26,C0229,Table,Furniture,1,9000,6500.0,500,North
14631,2023-01-29,C0344,Office Chair,Furniture,2,7000,4500.0,2000,West
14632,2023-04-27,C0080,Headphone,Electronics,1,2500,,3000,East
14633,2023-10-09,C0353,Table,Furniture,2,9000,6500.0,0,West
14634,2023-05-24,C0396,Office Chair,Furniture,1,7000,4500.0,1000,South
14635,2023-01-25,C0290,Laptop,Electronics,3,60000,48000.0,5000,West
14636,2023-11-06,C0455,Laptop,Electronics,3,60000,48000.0,500,West
14637,2023-06-05,C0671,Table,Furniture,3,9000,6500.0,0,North
14638,2023-03-14,C0128,Tablet,Electronics,1,18000,14000.0,1000,South
14639,2023-04-30,C0702,Mobile,Electronics,1,22000,18000.0,500,North
14640,2023-11-08,C0543,Table,Furniture,2,9000,6500.0,5000,South
14641,2023-11-17,C0359,Headphone,Electronics,2,2500,,2000,West
14642,2023-04-03,C0527,Mobile,Electronics,2,22000,18000.0,500,East
14643,2023-03-27,C0313,Office Chair,Furniture,2,7000,4500.0,1000,East
14644,2023-12-02,C0075,Headphone,Electronics,1,2500,,2000,South
14645,2023-12-30,C0546,Headphone,Electronics,1,2500,,5000,North
14646,2023-04-28,C0196,Laptop,Electronics,2,60000,48000.0,3000,North
14647,2023-08-21,C0029,Office Chair,Furniture,1,7000,4500.0,500,East
14648,2023-07-18,C0706,Laptop,Electronics,1,60000,48000.0,0,North
14649,2023-07-25,C0016,Laptop,Electronics,1,60000,48000.0,5000,North
14650,2023-12-05,C0423,Tablet,Electronics,1,18000,14000.0,2000,South
14651,2023-05-27,C0589,Laptop,Electronics,2,60000,48000.0,5000,North
14652,2023-09-28,C0593,Mobile,Electronics,2,22000,18000.0,2000,North
14653,2023-05-19,C0405,Headphone,Electronics,1,2500,,5000,North
14654,2023-06-30,C0636,Laptop,Electronics,3,60000,48000.0,3000,West
14655,2023-01-30,C0531,Table,Furniture,2,9000,6500.0,500,North
14656,2023-02-26,C0614,Mobile,Electronics,2,22000,18000.0,0,West
14657,2023-08-20,C0077,Office Chair,Furniture,3,7000,4500.0,3000,North
14658,2023-05-26,C0229,Headphone,Electronics,2,2500,,500,West
14659,2023-02-17,C0297,Table,Furniture,3,9000,6500.0,0,South
14660,2023-07-13,C0510,Table,Furniture,3,9000,6500.0,5000,West
14661,2023-08-12,C0715,Office Chair,Furniture,1,7000,4500.0,0,West
14662,2023-05-16,C0573,Table,Furniture,2,9000,6500.0,1000,South
14663,2023-01-22,C0538,Mobile,Electronics,3,22000,18000.0,0,West
14664,2023-01-06,C0583,Office Chair,Furniture,1,7000,4500.0,500,South
14665,2023-07-23,C0615,Table,Furniture,2,9000,6500.0,3000,East
14666,2023-08-27,C0326,Office Chair,Furniture,1,7000,4500.0,3000,South
14667,2023-07-04,C0363,Office Chair,Furniture,1,7000,4500.0,1000,West
14668,2023-12-26,C0669,Laptop,Electronics,3,60000,48000.0,500,West
14669,2023-10-19,C0359,Laptop,Electronics,2,60000,48000.0,0,North
14670,2023-12-01,C0706,Laptop,Electronics,1,60000,48000.0,1000,South
14671,2023-08-08,C0787,Table,Furniture,3,9000,6500.0,5000,West
14672,2023-04-26,C0324,Headphone,Electronics,3,2500,,2000,East
14673,2023-11-09,C0698,Mobile,Electronics,1,22000,18000.0,5000,West
14674,2023-02-18,C0326,Table,Furniture,1,9000,6500.0,500,North
14675,2023-06-22,C0625,Laptop,Electronics,3,60000,48000.0,1000,South
14676,2023-03-23,C0165,Office Chair,Furniture,1,7000,4500.0,3000,South
14677,2023-11-18,C0573,Table,Furniture,1,9000,6500.0,1000,North
14678,2023-11-29,C0604,Office Chair,Furniture,2,7000,4500.0,2000,South
14679,2023-02-14,C0798,Office Chair,Furniture,3,7000,4500.0,500,South
14680,2023-12-01,C0455,Office Chair,Furniture,1,7000,4500.0,1000,North
14681,2023-01-20,C0153,Tablet,Electronics,3,18000,14000.0,5000,North
14682,2023-08-09,C0737,Headphone,Electronics,2,2500,,0,North
14683,2023-05-03,C0127,Mobile,Electronics,3,22000,18000.0,5000,East
14684,2023-08-22,C0193,Mobile,Electronics,3,22000,18000.0,500,South
14685,2023-08-09,C0627,Laptop,Electronics,3,60000,48000.0,1000,North
14686,2023-11-19,C0774,Tablet,Electronics,2,18000,14000.0,5000,South
14687,2023-12-05,C0530,Table,Furniture,2,9000,6500.0,1000,North
14688,2023-01-03,C0010,Table,Furniture,3,9000,6500.0,5000,West
14689,2023-07-01,C0092,Mobile,Electronics,3,22000,18000.0,500,North
14690,2023-07-25,C0139,Headphone,Electronics,2,2500,,3000,West
14691,2023-11-16,C0481,Office Chair,Furniture,1,7000,4500.0,5000,South
14692,2023-02-09,C0449,Laptop,Electronics,2,60000,48000.0,0,West
14693,2023-02-28,C0333,Headphone,Electronics,3,2500,,5000,North
14694,2023-03-03,C0340,Mobile,Electronics,1,22000,18000.0,500,North
14695,2023-05-12,C0052,Tablet,Electronics,1,18000,14000.0,5000,West
14696,2023-03-01,C0707,Laptop,Electronics,1,60000,48000.0,0,North
14697,2023-11-27,C0466,Mobile,Electronics,2,22000,18000.0,0,East
14698,2023-05-02,C0718,Table,Furniture,2,9000,6500.0,500,South
14699,2023-04-17,C0799,Laptop,Electronics,2,60000,48000.0,1000,East
14700,2023-04-06,C0475,Mobile,Electronics,2,22000,18000.0,5000,West
14701,2023-12-13,C0401,Table,Furniture,3,9000,6500.0,3000,West
14702,2023-08-23,C0439,Table,Furniture,1,9000,6500.0,0,South
14703,2023-03-03,C0605,Office Chair,Furniture,3,7000,4500.0,0,South
14704,2023-09-13,C0657,Tablet,Electronics,2,18000,14000.0,5000,West
14705,2023-02-18,C0598,Office Chair,Furniture,2,7000,4500.0,1000,West
14706,2023-12-14,C0509,Mobile,Electronics,3,22000,18000.0,5000,North
14707,2023-06-08,C0153,Headphone,Electronics,1,2500,,500,South
14708,2023-05-04,C0514,Office Chair,Furniture,1,7000,4500.0,3000,North
14709,2023-11-13,C0503,Headphone,Electronics,2,2500,,5000,West
14710,2023-07-26,C0772,Table,Furniture,2,9000,6500.0,0,North
14711,2023-02-17,C0676,Mobile,Electronics,2,22000,18000.0,0,South
14712,2023-05-16,C0006,Tablet,Electronics,2,18000,14000.0,500,East
14713,2023-07-20,C0500,Headphone,Electronics,1,2500,,1000,West
14714,2023-09-07,C0661,Mobile,Electronics,3,22000,18000.0,5000,West
14715,2023-11-10,C0717,Headphone,Electronics,1,2500,,2000,North
14716,2023-12-23,C0118,Office Chair,Furniture,3,7000,4500.0,1000,South
14717,2023-11-14,C0485,Mobile,Electronics,2,22000,18000.0,0,West
14718,2023-10-22,C0601,Office Chair,Furniture,2,7000,4500.0,5000,East
14719,2023-11-10,C0666,Laptop,Electronics,3,60000,48000.0,0,East
14720,2023-07-28,C0679,Mobile,Electronics,2,22000,18000.0,3000,East
14721,2023-12-21,C0468,Headphone,Electronics,1,2500,,1000,South
14722,2023-07-30,C0161,Laptop,Electronics,2,60000,48000.0,2000,East
14723,2023-07-11,C0270,Office Chair,Furniture,2,7000,4500.0,3000,North
14724,2023-02-13,C0056,Office Chair,Furniture,2,7000,4500.0,2000,South
14725,2023-01-29,C0228,Headphone,Electronics,2,2500,,3000,West
14726,2023-02-28,C0149,Laptop,Electronics,1,60000,48000.0,1000,North
14727,2023-03-12,C0046,Table,Furniture,3,9000,6500.0,0,South
14728,2023-04-02,C0144,Tablet,Electronics,2,18000,14000.0,2000,North
14729,2023-09-22,C0750,Headphone,Electronics,2,2500,,1000,North
14730,2023-08-08,C0784,Office Chair,Furniture,1,7000,4500.0,2000,West
14731,2023-08-03,C0632,Mobile,Electronics,1,22000,18000.0,1000,East
14732,2023-10-04,C0340,Laptop,Electronics,1,60000,48000.0,3000,North
14733,2023-03-05,C0413,Table,Furniture,2,9000,6500.0,1000,South
14734,2023-12-12,C0732,Tablet,Electronics,3,18000,14000.0,3000,South
14735,2023-10-19,C0520,Mobile,Electronics,1,22000,18000.0,0,North
14736,2023-09-02,C0344,Laptop,Electronics,1,60000,48000.0,3000,East
14737,2023-03-03,C0387,Table,Furniture,1,9000,6500.0,500,South
14738,2023-11-28,C0473,Headphone,Electronics,3,2500,,0,East
14739,2023-06-19,C0275,Table,Furniture,2,9000,6500.0,5000,North
14740,2023-09-26,C0353,Headphone,Electronics,2,2500,,5000,South
14741,2023-09-24,C0066,Laptop,Electronics,2,60000,48000.0,1000,North
14742,2023-02-23,C0079,Table,Furniture,1,9000,6500.0,1000,North
14743,2023-01-16,C0598,Tablet,Electronics,2,18000,14000.0,500,West
14744,2023-01-08,C0636,Table,Furniture,1,9000,6500.0,1000,North
14745,2023-04-14,C0202,Laptop,Electronics,3,60000,48000.0,0,North
14746,2023-02-28,C0662,Mobile,Electronics,3,22000,18000.0,0,West
14747,2023-11-09,C0558,Mobile,Electronics,2,22000,18000.0,3000,East
14748,2023-02-09,C0113,Table,Furniture,1,9000,6500.0,2000,North
14749,2023-08-25,C0091,Table,Furniture,1,9000,6500.0,1000,West
14750,2023-04-04,C0141,Headphone,Electronics,2,2500,,500,North
14751,2023-08-10,C0289,Laptop,Electronics,3,60000,48000.0,5000,East
14752,2023-07-23,C0730,Headphone,Electronics,3,2500,,0,North
14753,2023-05-18,C0589,Tablet,Electronics,3,18000,14000.0,0,East
14754,2023-10-27,C0411,Mobile,Electronics,3,22000,18000.0,0,South
14755,2023-07-26,C0377,Office Chair,Furniture,3,7000,4500.0,2000,North
14756,2023-12-02,C0384,Office Chair,Furniture,2,7000,4500.0,2000,East
14757,2023-03-22,C0152,Laptop,Electronics,2,60000,48000.0,1000,East
14758,2023-08-06,C0751,Laptop,Electronics,2,60000,48000.0,5000,East
14759,2023-01-02,C0627,Office Chair,Furniture,3,7000,4500.0,500,West
14760,2023-06-27,C0319,Laptop,Electronics,3,60000,48000.0,2000,South
14761,2023-12-12,C0369,Mobile,Electronics,2,22000,18000.0,3000,South
14762,2023-10-06,C0606,Tablet,Electronics,2,18000,14000.0,2000,East
14763,2023-05-26,C0560,Tablet,Electronics,3,18000,14000.0,0,East
14764,2023-11-14,C0703,Headphone,Electronics,1,2500,,500,South
14765,2023-08-12,C0462,Mobile,Electronics,2,22000,18000.0,1000,South
14766,2023-03-03,C0012,Laptop,Electronics,3,60000,48000.0,2000,South
14767,2023-10-21,C0156,Laptop,Electronics,3,60000,48000.0,0,West
14768,2023-08-27,C0684,Headphone,Electronics,2,2500,,3000,South
14769,2023-07-14,C0477,Headphone,Electronics,1,2500,,3000,North
14770,2023-06-15,C0401,Laptop,Electronics,3,60000,48000.0,1000,South
14771,2023-08-10,C0177,Laptop,Electronics,2,60000,48000.0,1000,West
14772,2023-03-02,C0341,Mobile,Electronics,3,22000,18000.0,2000,West
14773,2023-05-09,C0057,Headphone,Electronics,3,2500,,1000,West
14774,2023-06-22,C0448,Mobile,Electronics,3,22000,18000.0,5000,West
14775,2023-06-05,C0203,Table,Furniture,3,9000,6500.0,5000,South
14776,2023-04-20,C0697,Laptop,Electronics,1,60000,48000.0,0,South
14777,2023-09-26,C0633,Office Chair,Furniture,2,7000,4500.0,0,East
14778,2023-12-22,C0738,Office Chair,Furniture,2,7000,4500.0,0,North
14779,2023-10-05,C0202,Table,Furniture,2,9000,6500.0,5000,South
14780,2023-03-15,C0330,Laptop,Electronics,2,60000,48000.0,2000,West
14781,2023-07-26,C0363,Headphone,Electronics,2,2500,,2000,East
14782,2023-10-06,C0454,Office Chair,Furniture,1,7000,4500.0,1000,West
14783,2023-11-22,C0356,Headphone,Electronics,3,2500,,2000,West
14784,2023-12-06,C0216,Office Chair,Furniture,3,7000,4500.0,0,North
14785,2023-12-23,C0555,Headphone,Electronics,2,2500,,500,West
14786,2023-12-06,C0023,Office Chair,Furniture,3,7000,4500.0,0,North
14787,2023-07-23,C0155,Headphone,Electronics,3,2500,,5000,East
14788,2023-06-10,C0186,Table,Furniture,3,9000,6500.0,500,North
14789,2023-01-28,C0249,Mobile,Electronics,2,22000,18000.0,1000,South
14790,2023-09-14,C0749,Headphone,Electronics,2,2500,,3000,West
14791,2023-06-14,C0134,Mobile,Electronics,1,22000,18000.0,2000,North
14792,2023-03-04,C0321,Mobile,Electronics,2,22000,18000.0,2000,East
14793,2023-01-22,C0390,Laptop,Electronics,1,60000,48000.0,5000,North
14794,2023-03-11,C0434,Table,Furniture,2,9000,6500.0,0,North
14795,2023-04-06,C0022,Mobile,Electronics,3,22000,18000.0,0,South
14796,2023-06-12,C0600,Tablet,Electronics,1,18000,14000.0,500,East
14797,2023-03-20,C0665,Mobile,Electronics,1,22000,18000.0,2000,North
14798,2023-01-05,C0125,Headphone,Electronics,1,2500,,5000,South
14799,2023-11-12,C0079,Mobile,Electronics,2,22000,18000.0,1000,East
14800,2023-04-30,C0051,Headphone,Electronics,1,2500,,0,North
14801,2023-10-29,C0728,Headphone,Electronics,2,2500,,2000,South
14802,2023-06-27,C0176,Tablet,Electronics,1,18000,14000.0,3000,West
14803,2023-06-25,C0253,Mobile,Electronics,2,22000,18000.0,5000,South
14804,2023-08-05,C0246,Mobile,Electronics,1,22000,18000.0,500,South
14805,2023-02-25,C0739,Office Chair,Furniture,3,7000,4500.0,0,East
14806,2023-07-06,C0106,Office Chair,Furniture,3,7000,4500.0,0,East
14807,2023-08-20,C0193,Laptop,Electronics,1,60000,48000.0,1000,East
14808,2023-09-12,C0316,Headphone,Electronics,2,2500,,0,West
14809,2023-04-14,C0302,Tablet,Electronics,2,18000,14000.0,5000,North
14810,2023-03-18,C0548,Office Chair,Furniture,2,7000,4500.0,2000,West
14811,2023-08-18,C0716,Mobile,Electronics,3,22000,18000.0,2000,West
14812,2023-09-15,C0779,Laptop,Electronics,3,60000,48000.0,2000,West
14813,2023-09-21,C0268,Tablet,Electronics,3,18000,14000.0,3000,South
14814,2023-11-27,C0170,Table,Furniture,2,9000,6500.0,3000,West
14815,2023-07-01,C0551,Mobile,Electronics,2,22000,18000.0,0,North
14816,2023-09-13,C0455,Mobile,Electronics,2,22000,18000.0,3000,East
14817,2023-02-07,C0651,Table,Furniture,1,9000,6500.0,3000,North
14818,2023-06-25,C0292,Headphone,Electronics,1,2500,,1000,West
14819,2023-01-27,C0564,Headphone,Electronics,1,2500,,3000,East
14820,2023-10-03,C0799,Office Chair,Furniture,3,7000,4500.0,500,North
14821,2023-05-20,C0141,Office Chair,Furniture,3,7000,4500.0,500,West
14822,2023-10-26,C0146,Mobile,Electronics,2,22000,18000.0,500,South
14823,2023-10-14,C0425,Mobile,Electronics,1,22000,18000.0,0,East
14824,2023-04-01,C0314,Office Chair,Furniture,2,7000,4500.0,2000,North
14825,2023-03-02,C0184,Table,Furniture,1,9000,6500.0,1000,West
14826,2023-12-31,C0664,Office Chair,Furniture,1,7000,4500.0,0,South
14827,2023-12-13,C0713,Mobile,Electronics,2,22000,18000.0,2000,South
14828,2023-06-12,C0128,Tablet,Electronics,2,18000,14000.0,1000,South
14829,2023-12-17,C0287,Mobile,Electronics,1,22000,18000.0,1000,East
14830,2023-05-23,C0253,Tablet,Electronics,1,18000,14000.0,1000,East
14831,2023-09-10,C0778,Tablet,Electronics,3,18000,14000.0,500,South
14832,2023-09-26,C0700,Mobile,Electronics,2,22000,18000.0,500,South
14833,2023-10-18,C0386,Laptop,Electronics,2,60000,48000.0,500,South
14834,2023-07-06,C0230,Office Chair,Furniture,2,7000,4500.0,1000,West
14835,2023-10-31,C0271,Headphone,Electronics,2,2500,,5000,East
14836,2023-10-18,C0771,Mobile,Electronics,1,22000,18000.0,1000,South
14837,2023-03-27,C0415,Tablet,Electronics,3,18000,14000.0,500,South
14838,2023-06-15,C0198,Mobile,Electronics,2,22000,18000.0,1000,South
14839,2023-04-24,C0323,Office Chair,Furniture,1,7000,4500.0,500,West
14840,2023-12-22,C0056,Table,Furniture,1,9000,6500.0,500,North
14841,2023-07-02,C0203,Tablet,Electronics,1,18000,14000.0,500,East
14842,2023-07-26,C0783,Headphone,Electronics,1,2500,,5000,North
14843,2023-09-13,C0621,Headphone,Electronics,1,2500,,2000,North
14844,2023-08-23,C0628,Headphone,Electronics,2,2500,,1000,North
14845,2023-12-21,C0604,Table,Furniture,2,9000,6500.0,0,West
14846,2023-01-03,C0138,Laptop,Electronics,3,60000,48000.0,500,West
14847,2023-07-27,C0422,Tablet,Electronics,2,18000,14000.0,5000,North
14848,2023-07-16,C0057,Table,Furniture,1,9000,6500.0,0,South
14849,2023-12-07,C0562,Tablet,Electronics,3,18000,14000.0,2000,North
14850,2023-05-05,C0071,Table,Furniture,1,9000,6500.0,1000,East
14851,2023-05-18,C0594,Table,Furniture,1,9000,6500.0,5000,East
14852,2023-12-05,C0372,Laptop,Electronics,2,60000,48000.0,500,North
14853,2023-01-25,C0617,Tablet,Electronics,1,18000,14000.0,500,North
14854,2023-03-09,C0600,Table,Furniture,2,9000,6500.0,500,West
14855,2023-03-02,C0514,Laptop,Electronics,1,60000,48000.0,5000,East
14856,2023-01-29,C0084,Mobile,Electronics,3,22000,18000.0,0,North
14857,2023-01-19,C0043,Office Chair,Furniture,1,7000,4500.0,2000,East
14858,2023-06-20,C0666,Table,Furniture,2,9000,6500.0,1000,West
14859,2023-03-15,C0606,Headphone,Electronics,1,2500,,2000,South
14860,2023-03-02,C0133,Laptop,Electronics,2,60000,48000.0,500,South
14861,2023-06-02,C0395,Laptop,Electronics,2,60000,48000.0,2000,South
14862,2023-10-03,C0065,Table,Furniture,3,9000,6500.0,0,East
14863,2023-02-17,C0290,Laptop,Electronics,2,60000,48000.0,3000,East
14864,2023-07-30,C0376,Mobile,Electronics,3,22000,18000.0,3000,West
14865,2023-12-09,C0769,Laptop,Electronics,3,60000,48000.0,1000,North
14866,2023-05-19,C0467,Office Chair,Furniture,1,7000,4500.0,1000,East
14867,2023-04-20,C0213,Office Chair,Furniture,3,7000,4500.0,2000,North
14868,2023-07-02,C0148,Headphone,Electronics,2,2500,,1000,North
14869,2023-01-28,C0573,Mobile,Electronics,2,22000,18000.0,5000,East
14870,2023-07-16,C0471,Office Chair,Furniture,3,7000,4500.0,0,West
14871,2023-07-10,C0149,Table,Furniture,1,9000,6500.0,500,North
14872,2023-11-11,C0088,Tablet,Electronics,3,18000,14000.0,500,West
14873,2023-02-20,C0324,Tablet,Electronics,3,18000,14000.0,2000,South
14874,2023-05-29,C0396,Tablet,Electronics,2,18000,14000.0,500,South
14875,2023-09-25,C0790,Table,Furniture,1,9000,6500.0,2000,North
14876,2023-02-19,C0404,Laptop,Electronics,1,60000,48000.0,1000,East
14877,2023-09-03,C0082,Table,Furniture,1,9000,6500.0,1000,South
14878,2023-04-23,C0641,Laptop,Electronics,1,60000,48000.0,5000,South
14879,2023-06-19,C0286,Tablet,Electronics,2,18000,14000.0,5000,South
14880,2023-06-15,C0382,Headphone,Electronics,1,2500,,0,East
14881,2023-01-14,C0792,Headphone,Electronics,1,2500,,500,South
14882,2023-07-22,C0270,Laptop,Electronics,1,60000,48000.0,5000,South
14883,2023-10-15,C0292,Tablet,Electronics,2,18000,14000.0,0,West
14884,2023-07-08,C0453,Table,Furniture,2,9000,6500.0,3000,East
14885,2023-06-04,C0715,Headphone,Electronics,1,2500,,5000,North
14886,2023-02-24,C0024,Laptop,Electronics,2,60000,48000.0,0,South
14887,2023-07-01,C0311,Table,Furniture,3,9000,6500.0,2000,East
14888,2023-07-29,C0461,Tablet,Electronics,1,18000,14000.0,2000,North
14889,2023-03-16,C0208,Mobile,Electronics,2,22000,18000.0,0,East
14890,2023-10-04,C0792,Tablet,Electronics,1,18000,14000.0,1000,South
14891,2023-05-13,C0717,Tablet,Electronics,1,18000,14000.0,3000,South
14892,2023-12-09,C0664,Table,Furniture,2,9000,6500.0,0,North
14893,2023-02-28,C0438,Table,Furniture,3,9000,6500.0,5000,West
14894,2023-12-11,C0538,Office Chair,Furniture,1,7000,4500.0,1000,West
14895,2023-07-01,C0706,Office Chair,Furniture,3,7000,4500.0,0,West
14896,2023-12-05,C0336,Table,Furniture,2,9000,6500.0,500,North
14897,2023-11-17,C0422,Table,Furniture,1,9000,6500.0,5000,West
14898,2023-03-05,C0750,Mobile,Electronics,2,22000,18000.0,5000,South
14899,2023-11-23,C0321,Mobile,Electronics,2,22000,18000.0,2000,East
14900,2023-09-17,C0497,Tablet,Electronics,2,18000,14000.0,500,North
14901,2023-07-12,C0587,Headphone,Electronics,2,2500,,500,East
14902,2023-05-23,C0163,Mobile,Electronics,1,22000,18000.0,5000,West
14903,2023-04-14,C0541,Tablet,Electronics,3,18000,14000.0,3000,North
14904,2023-08-02,C0165,Laptop,Electronics,3,60000,48000.0,1000,North
14905,2023-08-30,C0698,Office Chair,Furniture,1,7000,4500.0,2000,North
14906,2023-07-28,C0566,Headphone,Electronics,1,2500,,500,North
14907,2023-04-03,C0295,Tablet,Electronics,3,18000,14000.0,2000,South
14908,2023-05-22,C0042,Table,Furniture,3,9000,6500.0,5000,West
14909,2023-04-22,C0285,Laptop,Electronics,1,60000,48000.0,1000,North
14910,2023-02-28,C0387,Office Chair,Furniture,2,7000,4500.0,0,East
14911,2023-02-12,C0138,Laptop,Electronics,1,60000,48000.0,500,South
14912,2023-07-26,C0187,Tablet,Electronics,3,18000,14000.0,1000,North
14913,2023-09-25,C0716,Mobile,Electronics,2,22000,18000.0,2000,South
14914,2023-10-23,C0431,Office Chair,Furniture,3,7000,4500.0,5000,North
14915,2023-04-28,C0554,Laptop,Electronics,2,60000,48000.0,1000,East
14916,2023-01-20,C0416,Mobile,Electronics,3,22000,18000.0,0,North
14917,2023-08-10,C0800,Headphone,Electronics,2,2500,,1000,East
14918,2023-06-15,C0426,Tablet,Electronics,1,18000,14000.0,5000,North
14919,2023-05-11,C0416,Tablet,Electronics,1,18000,14000.0,2000,West
14920,2023-06-05,C0026,Office Chair,Furniture,2,7000,4500.0,500,West
14921,2023-07-03,C0371,Laptop,Electronics,2,60000,48000.0,500,South
14922,2023-03-31,C0385,Headphone,Electronics,1,2500,,3000,South
14923,2023-04-04,C0056,Table,Furniture,1,9000,6500.0,2000,North
14924,2023-01-13,C0253,Office Chair,Furniture,2,7000,4500.0,3000,East
14925,2023-11-18,C0634,Table,Furniture,2,9000,6500.0,3000,South
14926,2023-10-20,C0106,Office Chair,Furniture,1,7000,4500.0,5000,East
14927,2023-08-18,C0130,Laptop,Electronics,3,60000,48000.0,5000,North
14928,2023-11-18,C0670,Headphone,Electronics,1,2500,,5000,North
14929,2023-10-19,C0376,Laptop,Electronics,2,60000,48000.0,0,South
14930,2023-01-26,C0743,Tablet,Electronics,2,18000,14000.0,2000,North
14931,2023-03-16,C0308,Table,Furniture,3,9000,6500.0,500,East
14932,2023-12-30,C0091,Mobile,Electronics,1,22000,18000.0,2000,North
14933,2023-10-26,C0393,Tablet,Electronics,2,18000,14000.0,5000,West
14934,2023-05-30,C0534,Tablet,Electronics,1,18000,14000.0,0,East
14935,2023-05-28,C0110,Table,Furniture,2,9000,6500.0,2000,North
14936,2023-01-08,C0561,Office Chair,Furniture,3,7000,4500.0,2000,South
14937,2023-01-29,C0641,Tablet,Electronics,1,18000,14000.0,3000,South
14938,2023-10-23,C0585,Headphone,Electronics,1,2500,,2000,East
14939,2023-07-28,C0340,Tablet,Electronics,3,18000,14000.0,3000,South
14940,2023-05-08,C0565,Headphone,Electronics,2,2500,,3000,North
14941,2023-12-06,C0356,Laptop,Electronics,2,60000,48000.0,1000,North
14942,2023-04-26,C0168,Office Chair,Furniture,1,7000,4500.0,5000,South
14943,2023-05-24,C0557,Headphone,Electronics,3,2500,,0,West
14944,2023-11-14,C0452,Tablet,Electronics,1,18000,14000.0,3000,West
14945,2023-08-23,C0105,Office Chair,Furniture,1,7000,4500.0,2000,North
14946,2023-01-07,C0150,Office Chair,Furniture,2,7000,4500.0,3000,East
14947,2023-02-14,C0146,Headphone,Electronics,2,2500,,3000,West
14948,2023-08-27,C0716,Headphone,Electronics,2,2500,,3000,North
14949,2023-06-04,C0299,Mobile,Electronics,2,22000,18000.0,500,East
14950,2023-06-30,C0167,Mobile,Electronics,2,22000,18000.0,500,South
14951,2023-08-03,C0713,Office Chair,Furniture,3,7000,4500.0,500,East
14952,2023-03-29,C0646,Table,Furniture,1,9000,6500.0,500,East
14953,2023-09-13,C0723,Table,Furniture,3,9000,6500.0,1000,West
14954,2023-03-14,C0048,Mobile,Electronics,1,22000,18000.0,3000,North
14955,2023-06-28,C0638,Tablet,Electronics,2,18000,14000.0,1000,East
14956,2023-07-31,C0239,Laptop,Electronics,3,60000,48000.0,2000,North
14957,2023-10-20,C0007,Office Chair,Furniture,1,7000,4500.0,5000,South
14958,2023-08-22,C0464,Laptop,Electronics,2,60000,48000.0,0,West
14959,2023-08-27,C0453,Mobile,Electronics,2,22000,18000.0,1000,East
14960,2023-08-11,C0784,Headphone,Electronics,3,2500,,500,South
14961,2023-04-29,C0371,Office Chair,Furniture,3,7000,4500.0,500,East
14962,2023-11-09,C0549,Mobile,Electronics,3,22000,18000.0,2000,North
14963,2023-09-21,C0487,Tablet,Electronics,2,18000,14000.0,3000,North
14964,2023-07-26,C0211,Office Chair,Furniture,1,7000,4500.0,0,East
14965,2023-04-05,C0165,Office Chair,Furniture,1,7000,4500.0,1000,South
14966,2023-08-10,C0125,Table,Furniture,3,9000,6500.0,3000,South
14967,2023-10-03,C0337,Headphone,Electronics,1,2500,,3000,East
14968,2023-08-19,C0192,Office Chair,Furniture,2,7000,4500.0,5000,South
14969,2023-11-05,C0730,Headphone,Electronics,1,2500,,5000,North
14970,2023-04-29,C0214,Mobile,Electronics,2,22000,18000.0,1000,South
14971,2023-09-25,C0574,Tablet,Electronics,3,18000,14000.0,1000,West
14972,2023-09-30,C0328,Tablet,Electronics,1,18000,14000.0,1000,West
14973,2023-03-05,C0381,Office Chair,Furniture,2,7000,4500.0,1000,South
14974,2023-10-25,C0673,Office Chair,Furniture,3,7000,4500.0,500,North
14975,2023-12-16,C0578,Mobile,Electronics,3,22000,18000.0,3000,East
14976,2023-01-11,C0798,Table,Furniture,3,9000,6500.0,3000,East
14977,2023-04-08,C0239,Table,Furniture,3,9000,6500.0,500,North
14978,2023-03-12,C0532,Table,Furniture,1,9000,6500.0,3000,South
14979,2023-12-30,C0700,Headphone,Electronics,2,2500,,1000,West
14980,2023-02-27,C0082,Table,Furniture,1,9000,6500.0,0,South
14981,2023-10-17,C0363,Tablet,Electronics,2,18000,14000.0,5000,South
14982,2023-09-08,C0505,Headphone,Electronics,3,2500,,5000,East
14983,2023-10-03,C0202,Mobile,Electronics,1,22000,18000.0,3000,North
14984,2023-02-19,C0504,Tablet,Electronics,3,18000,14000.0,0,North
14985,2023-12-24,C0644,Tablet,Electronics,2,18000,14000.0,5000,West
14986,2023-08-04,C0037,Laptop,Electronics,3,60000,48000.0,0,North
14987,2023-02-21,C0644,Mobile,Electronics,1,22000,18000.0,500,South
14988,2023-09-28,C0589,Mobile,Electronics,1,22000,18000.0,2000,South
14989,2023-03-25,C0601,Laptop,Electronics,2,60000,48000.0,3000,West
14990,2023-10-20,C0402,Headphone,Electronics,2,2500,,500,East
14991,2023-05-06,C0765,Table,Furniture,1,9000,6500.0,500,North
14992,2023-10-23,C0706,Table,Furniture,1,9000,6500.0,0,East
14993,2023-03-13,C0176,Table,Furniture,1,9000,6500.0,3000,South
14994,2023-10-23,C0545,Table,Furniture,1,9000,6500.0,500,South
14995,2023-08-24,C0570,Table,Furniture,2,9000,6500.0,1000,East
14996,2023-02-25,C0467,Laptop,Electronics,1,60000,48000.0,500,North
14997,2023-12-26,C0201,Mobile,Electronics,2,22000,18000.0,1000,West
14998,2023-04-20,C0540,Headphone,Electronics,1,2500,,2000,East
14999,2023-07-11,C0547,Tablet,Electronics,1,18000,14000.0,1000,South
15000,2023-04-03,C0637,Table,Furniture,3,9000,6500.0,1000,East
